2026-09-14 23:58:01,540 checkpoint_path: data/logs/checkpoints/release_r2r/ckpt.iter12000.pth
2026-09-14 23:58:01,541 Initializing dataset VLN-CE-v1
2026-09-14 23:58:01,561 SPLTI: custom, NUMBER OF SCENES: 1
2026-09-14 23:58:03,071 Initializing dataset VLN-CE-v1
2026-09-14 23:58:03,091 initializing sim Sim-v1
WARNING: Logging before InitGoogleLogging() is written to STDERR
I0914 23:58:03.097819 20360 ManagedContainerBase.cpp:19] ManagedContainerBase::convertFilenameToJSON : Filename : default changed to proposed JSON configuration filename : default.scene_dataset_config.json
I0914 23:58:03.097849 20360 AttributesManagerBase.h:283] AttributesManager<T>::createFromJsonOrDefaultInternal  (Dataset) : Proposing JSON name : default.scene_dataset_config.json from original name : default | This file  does not exist.
I0914 23:58:03.097893 20360 AssetAttributesManager.cpp:117] Asset attributes (capsule3DSolid : capsule3DSolid_hemiRings_4_cylRings_1_segments_12_halfLen_0.75_useTexCoords_false_useTangents_false) created and registered.
I0914 23:58:03.097908 20360 AssetAttributesManager.cpp:117] Asset attributes (capsule3DWireframe : capsule3DWireframe_hemiRings_8_cylRings_1_segments_16_halfLen_1) created and registered.
I0914 23:58:03.097926 20360 AssetAttributesManager.cpp:117] Asset attributes (coneSolid : coneSolid_segments_12_halfLen_1.25_rings_1_useTexCoords_false_useTangents_false_capEnd_true) created and registered.
I0914 23:58:03.097935 20360 AssetAttributesManager.cpp:117] Asset attributes (coneWireframe : coneWireframe_segments_32_halfLen_1.25) created and registered.
I0914 23:58:03.097939 20360 AssetAttributesManager.cpp:117] Asset attributes (cubeSolid : cubeSolid) created and registered.
I0914 23:58:03.097944 20360 AssetAttributesManager.cpp:117] Asset attributes (cubeWireframe : cubeWireframe) created and registered.
I0914 23:58:03.097956 20360 AssetAttributesManager.cpp:117] Asset attributes (cylinderSolid : cylinderSolid_rings_1_segments_12_halfLen_1_useTexCoords_false_useTangents_false_capEnds_true) created and registered.
I0914 23:58:03.097967 20360 AssetAttributesManager.cpp:117] Asset attributes (cylinderWireframe : cylinderWireframe_rings_1_segments_32_halfLen_1) created and registered.
I0914 23:58:03.097973 20360 AssetAttributesManager.cpp:117] Asset attributes (icosphereSolid : icosphereSolid_subdivs_1) created and registered.
I0914 23:58:03.097978 20360 AssetAttributesManager.cpp:117] Asset attributes (icosphereWireframe : icosphereWireframe_subdivs_1) created and registered.
I0914 23:58:03.097987 20360 AssetAttributesManager.cpp:117] Asset attributes (uvSphereSolid : uvSphereSolid_rings_8_segments_16_useTexCoords_false_useTangents_false) created and registered.
I0914 23:58:03.097994 20360 AssetAttributesManager.cpp:117] Asset attributes (uvSphereWireframe : uvSphereWireframe_rings_16_segments_32) created and registered.
I0914 23:58:03.097997 20360 AssetAttributesManager.cpp:105] AssetAttributesManager::buildCtorFuncPtrMaps : Built default primitive asset templates : 12
I0914 23:58:03.098271 20360 SceneDatasetAttributesManager.cpp:23] File (default) not found, so new default dataset attributes created and registered.
I0914 23:58:03.098274 20360 MetadataMediator.cpp:47] MetadataMediator::createDataset : Dataset default successfully created.
I0914 23:58:03.100301 20360 AttributesManagerBase.h:283] AttributesManager<T>::createFromJsonOrDefaultInternal  (Physics Manager) : Proposing JSON name : ./data/default.physics_config.json from original name : ./data/default.physics_config.json | This file  does not exist.
I0914 23:58:03.100309 20360 PhysicsAttributesManager.cpp:27] File (./data/default.physics_config.json) not found, so new default physics manager attributes created and registered.
I0914 23:58:03.100312 20360 AbstractObjectAttributesManagerBase.h:175] AbstractObjectAttributesManager<T>::createObject  (Stage) : Making attributes with handle : data/scene_datasets/mp3d/zsNo4HB9uLZ/zsNo4HB9uLZ.glb
I0914 23:58:03.100314 20360 ManagedContainerBase.cpp:19] ManagedContainerBase::convertFilenameToJSON : Filename : data/scene_datasets/mp3d/zsNo4HB9uLZ/zsNo4HB9uLZ.glb changed to proposed JSON configuration filename : data/scene_datasets/mp3d/zsNo4HB9uLZ/zsNo4HB9uLZ.stage_config.json
I0914 23:58:03.100327 20360 AttributesManagerBase.h:283] AttributesManager<T>::createFromJsonOrDefaultInternal  (Stage) : Proposing JSON name : data/scene_datasets/mp3d/zsNo4HB9uLZ/zsNo4HB9uLZ.stage_config.json from original name : data/scene_datasets/mp3d/zsNo4HB9uLZ/zsNo4HB9uLZ.glb | This file  does not exist.
I0914 23:58:03.100356 20360 AbstractObjectAttributesManagerBase.h:181] AbstractObjectAttributesManager<T>::createObject  (Stage) : Done making attributes with handle : data/scene_datasets/mp3d/zsNo4HB9uLZ/zsNo4HB9uLZ.glb
I0914 23:58:03.100358 20360 AbstractObjectAttributesManagerBase.h:188] File (data/scene_datasets/mp3d/zsNo4HB9uLZ/zsNo4HB9uLZ.glb) exists but is not a recognized config filename extension, so new default Stage attributes created and registered.
I0914 23:58:03.100361 20360 Simulator.cpp:156] Loading navmesh from data/scene_datasets/mp3d/zsNo4HB9uLZ/zsNo4HB9uLZ.navmesh
I0914 23:58:03.100419 20360 Simulator.cpp:158] Loaded.
I0914 23:58:03.100427 20360 SceneGraph.h:93] Created DrawableGroup: 
Renderer: NVIDIA T1000 8GB/PCIe/SSE2 by NVIDIA Corporation
OpenGL version: 4.6.0 NVIDIA 590.48.01
Using optional features:
    GL_ARB_ES2_compatibility
    GL_ARB_direct_state_access
    GL_ARB_get_texture_sub_image
    GL_ARB_invalidate_subdata
    GL_ARB_multi_bind
    GL_ARB_robustness
    GL_ARB_separate_shader_objects
    GL_ARB_texture_filter_anisotropic
    GL_ARB_texture_storage
    GL_ARB_texture_storage_multisample
    GL_ARB_vertex_array_object
    GL_KHR_debug
Using driver workarounds:
    no-forward-compatible-core-context
    nv-egl-incorrect-gl11-function-pointers
    no-layout-qualifiers-on-old-glsl
    nv-zero-context-profile-mask
    nv-implementation-color-read-format-dsa-broken
    nv-cubemap-inconsistent-compressed-image-size
    nv-cubemap-broken-full-compressed-image-query
    nv-compressed-block-size-in-bits
I0914 23:58:03.197824 20360 ResourceManager.cpp:234] ResourceManager::loadStage : Not loading semantic mesh
I0914 23:58:03.197839 20360 ResourceManager.cpp:262] ResourceManager::loadStage : start load render asset data/scene_datasets/mp3d/zsNo4HB9uLZ/zsNo4HB9uLZ.glb.
I0914 23:58:03.197840 20360 ResourceManager.cpp:569] ResourceManager::loadStageInternal : Attempting to load stage data/scene_datasets/mp3d/zsNo4HB9uLZ/zsNo4HB9uLZ.glb 
I0914 23:58:03.197852 20360 ResourceManager.cpp:1119] Importing Basis files as BC7 for zsNo4HB9uLZ.glb
W0914 23:58:04.061177 20360 Simulator.cpp:248] :
---
 The active scene does not contain semantic annotations. 
---
I0914 23:58:04.100454 20360 simulator.py:213] Loaded navmesh data/scene_datasets/mp3d/zsNo4HB9uLZ/zsNo4HB9uLZ.navmesh
2026-09-14 23:58:04,105 Initializing task VLN-v0
You are using a model of type bert to instantiate a model of type . This is not supported for all configurations of models and can yield errors.
Some weights of the model checkpoint at None were not used when initializing GlocalTextPathNavCMT: ['bert.global_encoder.encoder.x_layers.1.lang_self_att.output.dense.bias', 'bert.global_encoder.encoder.x_layers.0.lang_output.LayerNorm.bias', 'bert.global_encoder.encoder.x_layers.2.lang_output.LayerNorm.bias', 'bert.global_encoder.encoder.x_layers.3.lang_output.dense.bias', 'bert.global_encoder.encoder.x_layers.1.lang_self_att.self.query.weight', 'bert.global_encoder.encoder.x_layers.0.lang_self_att.self.key.bias', 'bert.global_encoder.encoder.x_layers.2.lang_self_att.output.dense.bias', 'bert.global_encoder.encoder.x_layers.1.lang_self_att.output.LayerNorm.bias', 'bert.global_encoder.encoder.x_layers.3.lang_output.LayerNorm.bias', 'bert.global_encoder.encoder.x_layers.2.lang_inter.dense.weight', 'bert.global_encoder.encoder.x_layers.3.lang_self_att.output.LayerNorm.bias', 'bert.global_encoder.encoder.x_layers.2.lang_output.dense.weight', 'bert.global_encoder.encoder.x_layers.3.lang_self_att.self.key.weight', 'bert.global_encoder.encoder.x_layers.1.lang_self_att.self.value.weight', 'bert.global_encoder.encoder.x_layers.0.lang_output.LayerNorm.weight', 'bert.global_encoder.encoder.x_layers.0.lang_self_att.output.LayerNorm.weight', 'bert.global_encoder.encoder.x_layers.1.lang_output.LayerNorm.bias', 'mlm_head.predictions.transform.LayerNorm.bias', 'bert.global_encoder.encoder.x_layers.0.lang_self_att.self.query.weight', 'bert.global_encoder.encoder.x_layers.2.lang_self_att.self.key.weight', 'bert.global_encoder.encoder.x_layers.2.lang_self_att.self.value.bias', 'bert.global_encoder.encoder.x_layers.1.lang_inter.dense.bias', 'bert.global_encoder.encoder.x_layers.1.lang_self_att.self.key.bias', 'bert.global_encoder.encoder.x_layers.2.lang_self_att.self.query.bias', 'bert.global_encoder.encoder.x_layers.1.lang_output.LayerNorm.weight', 'bert.global_encoder.encoder.x_layers.0.lang_inter.dense.weight', 'bert.global_encoder.encoder.x_layers.0.lang_self_att.output.dense.bias', 'bert.global_encoder.encoder.x_layers.3.lang_output.LayerNorm.weight', 'bert.global_encoder.encoder.x_layers.3.lang_self_att.output.dense.weight', 'bert.global_encoder.encoder.x_layers.0.lang_self_att.self.value.weight', 'bert.global_encoder.encoder.x_layers.1.lang_output.dense.bias', 'bert.global_encoder.encoder.x_layers.2.lang_self_att.self.key.bias', 'bert.global_encoder.encoder.x_layers.2.lang_output.LayerNorm.weight', 'bert.global_encoder.encoder.x_layers.2.lang_self_att.self.query.weight', 'bert.global_encoder.encoder.x_layers.2.lang_self_att.output.LayerNorm.weight', 'bert.global_encoder.encoder.x_layers.3.lang_inter.dense.weight', 'bert.global_encoder.encoder.x_layers.1.lang_self_att.output.LayerNorm.weight', 'mlm_head.predictions.transform.dense.weight', 'bert.global_encoder.encoder.x_layers.0.lang_self_att.output.LayerNorm.bias', 'mlm_head.predictions.transform.dense.bias', 'mlm_head.predictions.bias', 'bert.global_encoder.encoder.x_layers.1.lang_inter.dense.weight', 'bert.global_encoder.encoder.x_layers.3.lang_inter.dense.bias', 'bert.global_encoder.encoder.x_layers.0.lang_self_att.output.dense.weight', 'mlm_head.predictions.transform.LayerNorm.weight', 'bert.global_encoder.encoder.x_layers.0.lang_output.dense.weight', 'bert.global_encoder.encoder.x_layers.1.lang_self_att.self.value.bias', 'bert.global_encoder.encoder.x_layers.3.lang_self_att.output.dense.bias', 'bert.global_encoder.encoder.x_layers.1.lang_self_att.self.key.weight', 'bert.global_encoder.encoder.x_layers.2.lang_inter.dense.bias', 'bert.global_encoder.encoder.x_layers.3.lang_self_att.self.value.bias', 'bert.global_encoder.encoder.x_layers.0.lang_inter.dense.bias', 'bert.global_encoder.encoder.x_layers.1.lang_self_att.self.query.bias', 'bert.global_encoder.encoder.x_layers.3.lang_self_att.self.query.bias', 'bert.global_encoder.encoder.x_layers.2.lang_output.dense.bias', 'bert.global_encoder.encoder.x_layers.0.lang_self_att.self.query.bias', 'bert.global_encoder.encoder.x_layers.2.lang_self_att.output.dense.weight', 'mlm_head.predictions.decoder.weight', 'bert.global_encoder.encoder.x_layers.1.lang_output.dense.weight', 'bert.global_encoder.encoder.x_layers.0.lang_output.dense.bias', 'bert.global_encoder.encoder.x_layers.3.lang_self_att.self.value.weight', 'bert.global_encoder.encoder.x_layers.2.lang_self_att.self.value.weight', 'bert.global_encoder.encoder.x_layers.3.lang_self_att.self.key.bias', 'bert.global_encoder.encoder.x_layers.1.lang_self_att.output.dense.weight', 'bert.global_encoder.encoder.x_layers.0.lang_self_att.self.value.bias', 'bert.global_encoder.encoder.x_layers.2.lang_self_att.output.LayerNorm.bias', 'bert.global_encoder.encoder.x_layers.3.lang_self_att.self.query.weight', 'bert.global_encoder.encoder.x_layers.0.lang_self_att.self.key.weight', 'bert.global_encoder.encoder.x_layers.3.lang_output.dense.weight', 'bert.global_encoder.encoder.x_layers.3.lang_self_att.output.LayerNorm.weight']
- This IS expected if you are initializing GlocalTextPathNavCMT from the checkpoint of a model trained on another task or with another architecture (e.g. initializing a BertForSequenceClassification model from a BertForPreTraining model).
- This IS NOT expected if you are initializing GlocalTextPathNavCMT from the checkpoint of a model that you expect to be exactly identical (initializing a BertForSequenceClassification model from a BertForSequenceClassification model).
2026-09-14 23:58:09,799 Loaded weights from checkpoint: data/logs/checkpoints/release_r2r/ckpt.iter12000.pth, iteration: 12000
2026-09-14 23:58:09,801 Agent parameters: 299.14 MB. Trainable: 140.79 MB.
2026-09-14 23:58:09,801 Finished setting up policy.
local rank: 0 | dataset length: 1

Initalizing the ETP model ...
  0%|          | 0/1 [00:00<?, ?it/s]2026-09-14 23:58:17,592 Video created: data/logs/video/phrasing_0/zsNo4HB9uLZ-0-SPL0.00.mp4
  0%|          | 0/49 [00:00<?, ?it/s]IMAGEIO FFMPEG_WRITER WARNING: input image is not divisible by macro_block_size=16, resizing from (825, 256) to (832, 256) to ensure video compatibility with most codecs and players. To prevent resizing, make your input image divisible by the macro_block_size or set the macro_block_size to 1 (risking incompatibility).
[swscaler @ 0x58b1118b9f00] Warning: data is not aligned! This can lead to a speed loss
100%|██████████| 49/49 [00:00<00:00, 542.02it/s]100%|██████████| 1/1 [00:07<00:00,  7.98s/it]I0914 23:58:17.792716 20360 PhysicsManager.cpp:33] Deconstructing PhysicsManager
I0914 23:58:17.792739 20360 SemanticScene.h:41] Deconstructing SemanticScene
I0914 23:58:17.794073 20360 SceneManager.h:25] Deconstructing SceneManager
I0914 23:58:17.794085 20360 SceneGraph.h:26] Deconstructing SceneGraph
I0914 23:58:17.794345 20360 Sensor.h:87] Deconstructing Sensor
I0914 23:58:17.794512 20360 Sensor.h:87] Deconstructing Sensor
I0914 23:58:17.794606 20360 Sensor.h:87] Deconstructing Sensor
I0914 23:58:17.794690 20360 Sensor.h:87] Deconstructing Sensor
I0914 23:58:17.794780 20360 Sensor.h:87] Deconstructing Sensor
I0914 23:58:17.794870 20360 Sensor.h:87] Deconstructing Sensor
I0914 23:58:17.794956 20360 Sensor.h:87] Deconstructing Sensor
I0914 23:58:17.795042 20360 Sensor.h:87] Deconstructing Sensor
I0914 23:58:17.795130 20360 Sensor.h:87] Deconstructing Sensor
I0914 23:58:17.795221 20360 Sensor.h:87] Deconstructing Sensor
I0914 23:58:17.795310 20360 Sensor.h:87] Deconstructing Sensor
I0914 23:58:17.795394 20360 Sensor.h:87] Deconstructing Sensor
I0914 23:58:17.795485 20360 Sensor.h:87] Deconstructing Sensor
I0914 23:58:17.795601 20360 Sensor.h:87] Deconstructing Sensor
I0914 23:58:17.795710 20360 Sensor.h:87] Deconstructing Sensor
I0914 23:58:17.795820 20360 Sensor.h:87] Deconstructing Sensor
I0914 23:58:17.795926 20360 Sensor.h:87] Deconstructing Sensor
I0914 23:58:17.796039 20360 Sensor.h:87] Deconstructing Sensor
I0914 23:58:17.796152 20360 Sensor.h:87] Deconstructing Sensor
I0914 23:58:17.796262 20360 Sensor.h:87] Deconstructing Sensor
I0914 23:58:17.796366 20360 Sensor.h:87] Deconstructing Sensor
I0914 23:58:17.796478 20360 Sensor.h:87] Deconstructing Sensor
I0914 23:58:17.796588 20360 Sensor.h:87] Deconstructing Sensor
I0914 23:58:17.796685 20360 Sensor.h:87] Deconstructing Sensor
I0914 23:58:17.796772 20360 Sensor.h:87] Deconstructing Sensor
I0914 23:58:17.796860 20360 Sensor.h:87] Deconstructing Sensor
I0914 23:58:17.796947 20360 Sensor.h:87] Deconstructing Sensor
I0914 23:58:17.797029 20360 Sensor.h:87] Deconstructing Sensor
I0914 23:58:17.797109 20360 Sensor.h:87] Deconstructing Sensor
I0914 23:58:17.797116 20360 Sensor.h:87] Deconstructing Sensor
I0914 23:58:17.799098 20360 Renderer.cpp:34] Deconstructing Renderer
I0914 23:58:17.799108 20360 WindowlessContext.h:17] Deconstructing WindowlessContext
I0914 23:58:17.805289 20360 Simulator.cpp:49] Deconstructing Simulator

2026-09-14 23:58:17,806 Episodes evaluated: 1
2026-09-14 23:58:17,806 Average episode steps_taken: 48.000000
2026-09-14 23:58:17,806 Average episode distance_to_goal: 5.332736
2026-09-14 23:58:17,806 Average episode success: 0.000000
2026-09-14 23:58:17,806 Average episode oracle_success: 1.000000
2026-09-14 23:58:17,806 Average episode path_length: 9.500002
2026-09-14 23:58:17,806 Average episode collisions: 0.000000
2026-09-14 23:58:17,807 Average episode spl: 0.000000
2026-09-14 23:58:17,807 Average episode ndtw: 0.000000
2026-09-14 23:58:17,807 Average episode sdtw: 0.000000
2026-09-14 23:58:17,807 Average episode ghost_cnt: 23.000000
100%|██████████| 1/1 [00:07<00:00,  8.00s/it]
2026-09-14 23:58:20,432 checkpoint_path: data/logs/checkpoints/release_r2r/ckpt.iter12000.pth
2026-09-14 23:58:20,433 Initializing dataset VLN-CE-v1
2026-09-14 23:58:20,453 SPLTI: custom, NUMBER OF SCENES: 1
2026-09-14 23:58:21,945 Initializing dataset VLN-CE-v1
2026-09-14 23:58:21,965 initializing sim Sim-v1
WARNING: Logging before InitGoogleLogging() is written to STDERR
I0914 23:58:21.971351 20611 ManagedContainerBase.cpp:19] ManagedContainerBase::convertFilenameToJSON : Filename : default changed to proposed JSON configuration filename : default.scene_dataset_config.json
I0914 23:58:21.971375 20611 AttributesManagerBase.h:283] AttributesManager<T>::createFromJsonOrDefaultInternal  (Dataset) : Proposing JSON name : default.scene_dataset_config.json from original name : default | This file  does not exist.
I0914 23:58:21.971418 20611 AssetAttributesManager.cpp:117] Asset attributes (capsule3DSolid : capsule3DSolid_hemiRings_4_cylRings_1_segments_12_halfLen_0.75_useTexCoords_false_useTangents_false) created and registered.
I0914 23:58:21.971436 20611 AssetAttributesManager.cpp:117] Asset attributes (capsule3DWireframe : capsule3DWireframe_hemiRings_8_cylRings_1_segments_16_halfLen_1) created and registered.
I0914 23:58:21.971455 20611 AssetAttributesManager.cpp:117] Asset attributes (coneSolid : coneSolid_segments_12_halfLen_1.25_rings_1_useTexCoords_false_useTangents_false_capEnd_true) created and registered.
I0914 23:58:21.971464 20611 AssetAttributesManager.cpp:117] Asset attributes (coneWireframe : coneWireframe_segments_32_halfLen_1.25) created and registered.
I0914 23:58:21.971469 20611 AssetAttributesManager.cpp:117] Asset attributes (cubeSolid : cubeSolid) created and registered.
I0914 23:58:21.971473 20611 AssetAttributesManager.cpp:117] Asset attributes (cubeWireframe : cubeWireframe) created and registered.
I0914 23:58:21.971486 20611 AssetAttributesManager.cpp:117] Asset attributes (cylinderSolid : cylinderSolid_rings_1_segments_12_halfLen_1_useTexCoords_false_useTangents_false_capEnds_true) created and registered.
I0914 23:58:21.971496 20611 AssetAttributesManager.cpp:117] Asset attributes (cylinderWireframe : cylinderWireframe_rings_1_segments_32_halfLen_1) created and registered.
I0914 23:58:21.971503 20611 AssetAttributesManager.cpp:117] Asset attributes (icosphereSolid : icosphereSolid_subdivs_1) created and registered.
I0914 23:58:21.971508 20611 AssetAttributesManager.cpp:117] Asset attributes (icosphereWireframe : icosphereWireframe_subdivs_1) created and registered.
I0914 23:58:21.971516 20611 AssetAttributesManager.cpp:117] Asset attributes (uvSphereSolid : uvSphereSolid_rings_8_segments_16_useTexCoords_false_useTangents_false) created and registered.
I0914 23:58:21.971524 20611 AssetAttributesManager.cpp:117] Asset attributes (uvSphereWireframe : uvSphereWireframe_rings_16_segments_32) created and registered.
I0914 23:58:21.971526 20611 AssetAttributesManager.cpp:105] AssetAttributesManager::buildCtorFuncPtrMaps : Built default primitive asset templates : 12
I0914 23:58:21.971777 20611 SceneDatasetAttributesManager.cpp:23] File (default) not found, so new default dataset attributes created and registered.
I0914 23:58:21.971779 20611 MetadataMediator.cpp:47] MetadataMediator::createDataset : Dataset default successfully created.
I0914 23:58:21.973802 20611 AttributesManagerBase.h:283] AttributesManager<T>::createFromJsonOrDefaultInternal  (Physics Manager) : Proposing JSON name : ./data/default.physics_config.json from original name : ./data/default.physics_config.json | This file  does not exist.
I0914 23:58:21.973812 20611 PhysicsAttributesManager.cpp:27] File (./data/default.physics_config.json) not found, so new default physics manager attributes created and registered.
I0914 23:58:21.973815 20611 AbstractObjectAttributesManagerBase.h:175] AbstractObjectAttributesManager<T>::createObject  (Stage) : Making attributes with handle : data/scene_datasets/mp3d/zsNo4HB9uLZ/zsNo4HB9uLZ.glb
I0914 23:58:21.973824 20611 ManagedContainerBase.cpp:19] ManagedContainerBase::convertFilenameToJSON : Filename : data/scene_datasets/mp3d/zsNo4HB9uLZ/zsNo4HB9uLZ.glb changed to proposed JSON configuration filename : data/scene_datasets/mp3d/zsNo4HB9uLZ/zsNo4HB9uLZ.stage_config.json
I0914 23:58:21.973829 20611 AttributesManagerBase.h:283] AttributesManager<T>::createFromJsonOrDefaultInternal  (Stage) : Proposing JSON name : data/scene_datasets/mp3d/zsNo4HB9uLZ/zsNo4HB9uLZ.stage_config.json from original name : data/scene_datasets/mp3d/zsNo4HB9uLZ/zsNo4HB9uLZ.glb | This file  does not exist.
I0914 23:58:21.973858 20611 AbstractObjectAttributesManagerBase.h:181] AbstractObjectAttributesManager<T>::createObject  (Stage) : Done making attributes with handle : data/scene_datasets/mp3d/zsNo4HB9uLZ/zsNo4HB9uLZ.glb
I0914 23:58:21.973860 20611 AbstractObjectAttributesManagerBase.h:188] File (data/scene_datasets/mp3d/zsNo4HB9uLZ/zsNo4HB9uLZ.glb) exists but is not a recognized config filename extension, so new default Stage attributes created and registered.
I0914 23:58:21.973863 20611 Simulator.cpp:156] Loading navmesh from data/scene_datasets/mp3d/zsNo4HB9uLZ/zsNo4HB9uLZ.navmesh
I0914 23:58:21.973915 20611 Simulator.cpp:158] Loaded.
I0914 23:58:21.973922 20611 SceneGraph.h:93] Created DrawableGroup: 
Renderer: NVIDIA T1000 8GB/PCIe/SSE2 by NVIDIA Corporation
OpenGL version: 4.6.0 NVIDIA 590.48.01
Using optional features:
    GL_ARB_ES2_compatibility
    GL_ARB_direct_state_access
    GL_ARB_get_texture_sub_image
    GL_ARB_invalidate_subdata
    GL_ARB_multi_bind
    GL_ARB_robustness
    GL_ARB_separate_shader_objects
    GL_ARB_texture_filter_anisotropic
    GL_ARB_texture_storage
    GL_ARB_texture_storage_multisample
    GL_ARB_vertex_array_object
    GL_KHR_debug
Using driver workarounds:
    no-forward-compatible-core-context
    nv-egl-incorrect-gl11-function-pointers
    no-layout-qualifiers-on-old-glsl
    nv-zero-context-profile-mask
    nv-implementation-color-read-format-dsa-broken
    nv-cubemap-inconsistent-compressed-image-size
    nv-cubemap-broken-full-compressed-image-query
    nv-compressed-block-size-in-bits
I0914 23:58:22.059435 20611 ResourceManager.cpp:234] ResourceManager::loadStage : Not loading semantic mesh
I0914 23:58:22.059444 20611 ResourceManager.cpp:262] ResourceManager::loadStage : start load render asset data/scene_datasets/mp3d/zsNo4HB9uLZ/zsNo4HB9uLZ.glb.
I0914 23:58:22.059445 20611 ResourceManager.cpp:569] ResourceManager::loadStageInternal : Attempting to load stage data/scene_datasets/mp3d/zsNo4HB9uLZ/zsNo4HB9uLZ.glb 
I0914 23:58:22.059458 20611 ResourceManager.cpp:1119] Importing Basis files as BC7 for zsNo4HB9uLZ.glb
W0914 23:58:22.955305 20611 Simulator.cpp:248] :
---
 The active scene does not contain semantic annotations. 
---
I0914 23:58:22.994658 20611 simulator.py:213] Loaded navmesh data/scene_datasets/mp3d/zsNo4HB9uLZ/zsNo4HB9uLZ.navmesh
2026-09-14 23:58:22,999 Initializing task VLN-v0
You are using a model of type bert to instantiate a model of type . This is not supported for all configurations of models and can yield errors.
Some weights of the model checkpoint at None were not used when initializing GlocalTextPathNavCMT: ['bert.global_encoder.encoder.x_layers.2.lang_self_att.self.query.weight', 'bert.global_encoder.encoder.x_layers.1.lang_self_att.output.LayerNorm.bias', 'mlm_head.predictions.bias', 'bert.global_encoder.encoder.x_layers.1.lang_output.dense.weight', 'bert.global_encoder.encoder.x_layers.3.lang_self_att.self.query.weight', 'bert.global_encoder.encoder.x_layers.0.lang_self_att.output.dense.bias', 'bert.global_encoder.encoder.x_layers.2.lang_self_att.output.LayerNorm.bias', 'bert.global_encoder.encoder.x_layers.3.lang_self_att.output.LayerNorm.bias', 'bert.global_encoder.encoder.x_layers.3.lang_output.LayerNorm.weight', 'bert.global_encoder.encoder.x_layers.2.lang_self_att.self.key.weight', 'bert.global_encoder.encoder.x_layers.3.lang_self_att.output.dense.weight', 'bert.global_encoder.encoder.x_layers.0.lang_output.LayerNorm.weight', 'bert.global_encoder.encoder.x_layers.2.lang_self_att.self.value.weight', 'bert.global_encoder.encoder.x_layers.1.lang_self_att.self.query.bias', 'bert.global_encoder.encoder.x_layers.2.lang_output.dense.bias', 'bert.global_encoder.encoder.x_layers.2.lang_self_att.self.key.bias', 'bert.global_encoder.encoder.x_layers.2.lang_output.LayerNorm.bias', 'bert.global_encoder.encoder.x_layers.1.lang_output.LayerNorm.weight', 'bert.global_encoder.encoder.x_layers.2.lang_self_att.self.query.bias', 'bert.global_encoder.encoder.x_layers.1.lang_self_att.output.LayerNorm.weight', 'bert.global_encoder.encoder.x_layers.0.lang_self_att.output.LayerNorm.weight', 'bert.global_encoder.encoder.x_layers.3.lang_self_att.output.LayerNorm.weight', 'bert.global_encoder.encoder.x_layers.3.lang_self_att.self.key.weight', 'bert.global_encoder.encoder.x_layers.0.lang_inter.dense.bias', 'bert.global_encoder.encoder.x_layers.2.lang_output.dense.weight', 'mlm_head.predictions.decoder.weight', 'bert.global_encoder.encoder.x_layers.3.lang_output.LayerNorm.bias', 'bert.global_encoder.encoder.x_layers.3.lang_output.dense.bias', 'bert.global_encoder.encoder.x_layers.1.lang_self_att.output.dense.bias', 'bert.global_encoder.encoder.x_layers.2.lang_self_att.output.dense.bias', 'bert.global_encoder.encoder.x_layers.0.lang_output.dense.bias', 'bert.global_encoder.encoder.x_layers.3.lang_self_att.self.query.bias', 'bert.global_encoder.encoder.x_layers.0.lang_self_att.self.query.bias', 'bert.global_encoder.encoder.x_layers.0.lang_self_att.self.value.weight', 'bert.global_encoder.encoder.x_layers.1.lang_inter.dense.weight', 'bert.global_encoder.encoder.x_layers.3.lang_self_att.self.value.weight', 'bert.global_encoder.encoder.x_layers.0.lang_self_att.self.key.weight', 'bert.global_encoder.encoder.x_layers.0.lang_output.LayerNorm.bias', 'bert.global_encoder.encoder.x_layers.3.lang_inter.dense.weight', 'bert.global_encoder.encoder.x_layers.3.lang_output.dense.weight', 'bert.global_encoder.encoder.x_layers.0.lang_self_att.self.key.bias', 'bert.global_encoder.encoder.x_layers.1.lang_output.dense.bias', 'mlm_head.predictions.transform.LayerNorm.bias', 'bert.global_encoder.encoder.x_layers.1.lang_output.LayerNorm.bias', 'bert.global_encoder.encoder.x_layers.1.lang_self_att.self.value.bias', 'bert.global_encoder.encoder.x_layers.1.lang_self_att.self.query.weight', 'bert.global_encoder.encoder.x_layers.0.lang_self_att.output.dense.weight', 'mlm_head.predictions.transform.LayerNorm.weight', 'bert.global_encoder.encoder.x_layers.1.lang_inter.dense.bias', 'mlm_head.predictions.transform.dense.bias', 'bert.global_encoder.encoder.x_layers.1.lang_self_att.output.dense.weight', 'bert.global_encoder.encoder.x_layers.0.lang_output.dense.weight', 'bert.global_encoder.encoder.x_layers.3.lang_self_att.output.dense.bias', 'bert.global_encoder.encoder.x_layers.0.lang_self_att.output.LayerNorm.bias', 'bert.global_encoder.encoder.x_layers.3.lang_self_att.self.key.bias', 'bert.global_encoder.encoder.x_layers.2.lang_inter.dense.weight', 'bert.global_encoder.encoder.x_layers.2.lang_self_att.self.value.bias', 'bert.global_encoder.encoder.x_layers.2.lang_inter.dense.bias', 'mlm_head.predictions.transform.dense.weight', 'bert.global_encoder.encoder.x_layers.1.lang_self_att.self.value.weight', 'bert.global_encoder.encoder.x_layers.2.lang_output.LayerNorm.weight', 'bert.global_encoder.encoder.x_layers.1.lang_self_att.self.key.bias', 'bert.global_encoder.encoder.x_layers.3.lang_self_att.self.value.bias', 'bert.global_encoder.encoder.x_layers.0.lang_inter.dense.weight', 'bert.global_encoder.encoder.x_layers.0.lang_self_att.self.value.bias', 'bert.global_encoder.encoder.x_layers.2.lang_self_att.output.dense.weight', 'bert.global_encoder.encoder.x_layers.3.lang_inter.dense.bias', 'bert.global_encoder.encoder.x_layers.0.lang_self_att.self.query.weight', 'bert.global_encoder.encoder.x_layers.2.lang_self_att.output.LayerNorm.weight', 'bert.global_encoder.encoder.x_layers.1.lang_self_att.self.key.weight']
- This IS expected if you are initializing GlocalTextPathNavCMT from the checkpoint of a model trained on another task or with another architecture (e.g. initializing a BertForSequenceClassification model from a BertForPreTraining model).
- This IS NOT expected if you are initializing GlocalTextPathNavCMT from the checkpoint of a model that you expect to be exactly identical (initializing a BertForSequenceClassification model from a BertForSequenceClassification model).
2026-09-14 23:58:28,724 Loaded weights from checkpoint: data/logs/checkpoints/release_r2r/ckpt.iter12000.pth, iteration: 12000
2026-09-14 23:58:28,726 Agent parameters: 299.14 MB. Trainable: 140.79 MB.
2026-09-14 23:58:28,726 Finished setting up policy.
local rank: 0 | dataset length: 1

Initalizing the ETP model ...
  0%|          | 0/1 [00:00<?, ?it/s]2026-09-14 23:58:35,512 Video created: data/logs/video/phrasing_1/zsNo4HB9uLZ-1-SPL0.00.mp4
  0%|          | 0/43 [00:00<?, ?it/s]IMAGEIO FFMPEG_WRITER WARNING: input image is not divisible by macro_block_size=16, resizing from (825, 256) to (832, 256) to ensure video compatibility with most codecs and players. To prevent resizing, make your input image divisible by the macro_block_size or set the macro_block_size to 1 (risking incompatibility).
[swscaler @ 0x5bdfc2de0f00] Warning: data is not aligned! This can lead to a speed loss
100%|██████████| 43/43 [00:00<00:00, 696.87it/s]100%|██████████| 1/1 [00:06<00:00,  6.97s/it]I0914 23:58:35.701316 20611 PhysicsManager.cpp:33] Deconstructing PhysicsManager
I0914 23:58:35.701345 20611 SemanticScene.h:41] Deconstructing SemanticScene
I0914 23:58:35.703052 20611 SceneManager.h:25] Deconstructing SceneManager
I0914 23:58:35.703061 20611 SceneGraph.h:26] Deconstructing SceneGraph
I0914 23:58:35.703336 20611 Sensor.h:87] Deconstructing Sensor
I0914 23:58:35.703500 20611 Sensor.h:87] Deconstructing Sensor
I0914 23:58:35.703598 20611 Sensor.h:87] Deconstructing Sensor
I0914 23:58:35.703689 20611 Sensor.h:87] Deconstructing Sensor
I0914 23:58:35.703778 20611 Sensor.h:87] Deconstructing Sensor
I0914 23:58:35.703873 20611 Sensor.h:87] Deconstructing Sensor
I0914 23:58:35.703960 20611 Sensor.h:87] Deconstructing Sensor
I0914 23:58:35.704046 20611 Sensor.h:87] Deconstructing Sensor
I0914 23:58:35.704130 20611 Sensor.h:87] Deconstructing Sensor
I0914 23:58:35.704218 20611 Sensor.h:87] Deconstructing Sensor
I0914 23:58:35.704305 20611 Sensor.h:87] Deconstructing Sensor
I0914 23:58:35.704391 20611 Sensor.h:87] Deconstructing Sensor
I0914 23:58:35.704491 20611 Sensor.h:87] Deconstructing Sensor
I0914 23:58:35.704612 20611 Sensor.h:87] Deconstructing Sensor
I0914 23:58:35.704726 20611 Sensor.h:87] Deconstructing Sensor
I0914 23:58:35.704840 20611 Sensor.h:87] Deconstructing Sensor
I0914 23:58:35.704952 20611 Sensor.h:87] Deconstructing Sensor
I0914 23:58:35.705066 20611 Sensor.h:87] Deconstructing Sensor
I0914 23:58:35.705188 20611 Sensor.h:87] Deconstructing Sensor
I0914 23:58:35.705298 20611 Sensor.h:87] Deconstructing Sensor
I0914 23:58:35.705412 20611 Sensor.h:87] Deconstructing Sensor
I0914 23:58:35.705531 20611 Sensor.h:87] Deconstructing Sensor
I0914 23:58:35.705636 20611 Sensor.h:87] Deconstructing Sensor
I0914 23:58:35.705731 20611 Sensor.h:87] Deconstructing Sensor
I0914 23:58:35.705816 20611 Sensor.h:87] Deconstructing Sensor
I0914 23:58:35.705901 20611 Sensor.h:87] Deconstructing Sensor
I0914 23:58:35.705982 20611 Sensor.h:87] Deconstructing Sensor
I0914 23:58:35.706063 20611 Sensor.h:87] Deconstructing Sensor
I0914 23:58:35.706140 20611 Sensor.h:87] Deconstructing Sensor
I0914 23:58:35.706154 20611 Sensor.h:87] Deconstructing Sensor
I0914 23:58:35.708154 20611 Renderer.cpp:34] Deconstructing Renderer
I0914 23:58:35.708165 20611 WindowlessContext.h:17] Deconstructing WindowlessContext
I0914 23:58:35.714159 20611 Simulator.cpp:49] Deconstructing Simulator

2026-09-14 23:58:35,715 Episodes evaluated: 1
2026-09-14 23:58:35,715 Average episode steps_taken: 42.000000
2026-09-14 23:58:35,715 Average episode distance_to_goal: 4.335161
2026-09-14 23:58:35,715 Average episode success: 0.000000
2026-09-14 23:58:35,715 Average episode oracle_success: 1.000000
2026-09-14 23:58:35,715 Average episode path_length: 8.500001
2026-09-14 23:58:35,715 Average episode collisions: 0.000000
2026-09-14 23:58:35,716 Average episode spl: 0.000000
2026-09-14 23:58:35,716 Average episode ndtw: 0.000006
2026-09-14 23:58:35,716 Average episode sdtw: 0.000000
2026-09-14 23:58:35,716 Average episode ghost_cnt: 20.000000
100%|██████████| 1/1 [00:06<00:00,  6.98s/it]
2026-09-14 23:58:38,346 checkpoint_path: data/logs/checkpoints/release_r2r/ckpt.iter12000.pth
2026-09-14 23:58:38,346 Initializing dataset VLN-CE-v1
2026-09-14 23:58:38,367 SPLTI: custom, NUMBER OF SCENES: 1
2026-09-14 23:58:39,830 Initializing dataset VLN-CE-v1
2026-09-14 23:58:39,851 initializing sim Sim-v1
WARNING: Logging before InitGoogleLogging() is written to STDERR
I0914 23:58:39.857054 20879 ManagedContainerBase.cpp:19] ManagedContainerBase::convertFilenameToJSON : Filename : default changed to proposed JSON configuration filename : default.scene_dataset_config.json
I0914 23:58:39.857077 20879 AttributesManagerBase.h:283] AttributesManager<T>::createFromJsonOrDefaultInternal  (Dataset) : Proposing JSON name : default.scene_dataset_config.json from original name : default | This file  does not exist.
I0914 23:58:39.857120 20879 AssetAttributesManager.cpp:117] Asset attributes (capsule3DSolid : capsule3DSolid_hemiRings_4_cylRings_1_segments_12_halfLen_0.75_useTexCoords_false_useTangents_false) created and registered.
I0914 23:58:39.857137 20879 AssetAttributesManager.cpp:117] Asset attributes (capsule3DWireframe : capsule3DWireframe_hemiRings_8_cylRings_1_segments_16_halfLen_1) created and registered.
I0914 23:58:39.857167 20879 AssetAttributesManager.cpp:117] Asset attributes (coneSolid : coneSolid_segments_12_halfLen_1.25_rings_1_useTexCoords_false_useTangents_false_capEnd_true) created and registered.
I0914 23:58:39.857183 20879 AssetAttributesManager.cpp:117] Asset attributes (coneWireframe : coneWireframe_segments_32_halfLen_1.25) created and registered.
I0914 23:58:39.857191 20879 AssetAttributesManager.cpp:117] Asset attributes (cubeSolid : cubeSolid) created and registered.
I0914 23:58:39.857201 20879 AssetAttributesManager.cpp:117] Asset attributes (cubeWireframe : cubeWireframe) created and registered.
I0914 23:58:39.857218 20879 AssetAttributesManager.cpp:117] Asset attributes (cylinderSolid : cylinderSolid_rings_1_segments_12_halfLen_1_useTexCoords_false_useTangents_false_capEnds_true) created and registered.
I0914 23:58:39.857228 20879 AssetAttributesManager.cpp:117] Asset attributes (cylinderWireframe : cylinderWireframe_rings_1_segments_32_halfLen_1) created and registered.
I0914 23:58:39.857235 20879 AssetAttributesManager.cpp:117] Asset attributes (icosphereSolid : icosphereSolid_subdivs_1) created and registered.
I0914 23:58:39.857241 20879 AssetAttributesManager.cpp:117] Asset attributes (icosphereWireframe : icosphereWireframe_subdivs_1) created and registered.
I0914 23:58:39.857250 20879 AssetAttributesManager.cpp:117] Asset attributes (uvSphereSolid : uvSphereSolid_rings_8_segments_16_useTexCoords_false_useTangents_false) created and registered.
I0914 23:58:39.857257 20879 AssetAttributesManager.cpp:117] Asset attributes (uvSphereWireframe : uvSphereWireframe_rings_16_segments_32) created and registered.
I0914 23:58:39.857260 20879 AssetAttributesManager.cpp:105] AssetAttributesManager::buildCtorFuncPtrMaps : Built default primitive asset templates : 12
I0914 23:58:39.857532 20879 SceneDatasetAttributesManager.cpp:23] File (default) not found, so new default dataset attributes created and registered.
I0914 23:58:39.857533 20879 MetadataMediator.cpp:47] MetadataMediator::createDataset : Dataset default successfully created.
I0914 23:58:39.859597 20879 AttributesManagerBase.h:283] AttributesManager<T>::createFromJsonOrDefaultInternal  (Physics Manager) : Proposing JSON name : ./data/default.physics_config.json from original name : ./data/default.physics_config.json | This file  does not exist.
I0914 23:58:39.859623 20879 PhysicsAttributesManager.cpp:27] File (./data/default.physics_config.json) not found, so new default physics manager attributes created and registered.
I0914 23:58:39.859627 20879 AbstractObjectAttributesManagerBase.h:175] AbstractObjectAttributesManager<T>::createObject  (Stage) : Making attributes with handle : data/scene_datasets/mp3d/zsNo4HB9uLZ/zsNo4HB9uLZ.glb
I0914 23:58:39.859630 20879 ManagedContainerBase.cpp:19] ManagedContainerBase::convertFilenameToJSON : Filename : data/scene_datasets/mp3d/zsNo4HB9uLZ/zsNo4HB9uLZ.glb changed to proposed JSON configuration filename : data/scene_datasets/mp3d/zsNo4HB9uLZ/zsNo4HB9uLZ.stage_config.json
I0914 23:58:39.859635 20879 AttributesManagerBase.h:283] AttributesManager<T>::createFromJsonOrDefaultInternal  (Stage) : Proposing JSON name : data/scene_datasets/mp3d/zsNo4HB9uLZ/zsNo4HB9uLZ.stage_config.json from original name : data/scene_datasets/mp3d/zsNo4HB9uLZ/zsNo4HB9uLZ.glb | This file  does not exist.
I0914 23:58:39.859671 20879 AbstractObjectAttributesManagerBase.h:181] AbstractObjectAttributesManager<T>::createObject  (Stage) : Done making attributes with handle : data/scene_datasets/mp3d/zsNo4HB9uLZ/zsNo4HB9uLZ.glb
I0914 23:58:39.859673 20879 AbstractObjectAttributesManagerBase.h:188] File (data/scene_datasets/mp3d/zsNo4HB9uLZ/zsNo4HB9uLZ.glb) exists but is not a recognized config filename extension, so new default Stage attributes created and registered.
I0914 23:58:39.859676 20879 Simulator.cpp:156] Loading navmesh from data/scene_datasets/mp3d/zsNo4HB9uLZ/zsNo4HB9uLZ.navmesh
I0914 23:58:39.859735 20879 Simulator.cpp:158] Loaded.
I0914 23:58:39.859740 20879 SceneGraph.h:93] Created DrawableGroup: 
Renderer: NVIDIA T1000 8GB/PCIe/SSE2 by NVIDIA Corporation
OpenGL version: 4.6.0 NVIDIA 590.48.01
Using optional features:
    GL_ARB_ES2_compatibility
    GL_ARB_direct_state_access
    GL_ARB_get_texture_sub_image
    GL_ARB_invalidate_subdata
    GL_ARB_multi_bind
    GL_ARB_robustness
    GL_ARB_separate_shader_objects
    GL_ARB_texture_filter_anisotropic
    GL_ARB_texture_storage
    GL_ARB_texture_storage_multisample
    GL_ARB_vertex_array_object
    GL_KHR_debug
Using driver workarounds:
    no-forward-compatible-core-context
    nv-egl-incorrect-gl11-function-pointers
    no-layout-qualifiers-on-old-glsl
    nv-zero-context-profile-mask
    nv-implementation-color-read-format-dsa-broken
    nv-cubemap-inconsistent-compressed-image-size
    nv-cubemap-broken-full-compressed-image-query
    nv-compressed-block-size-in-bits
I0914 23:58:39.957252 20879 ResourceManager.cpp:234] ResourceManager::loadStage : Not loading semantic mesh
I0914 23:58:39.957261 20879 ResourceManager.cpp:262] ResourceManager::loadStage : start load render asset data/scene_datasets/mp3d/zsNo4HB9uLZ/zsNo4HB9uLZ.glb.
I0914 23:58:39.957262 20879 ResourceManager.cpp:569] ResourceManager::loadStageInternal : Attempting to load stage data/scene_datasets/mp3d/zsNo4HB9uLZ/zsNo4HB9uLZ.glb 
I0914 23:58:39.957274 20879 ResourceManager.cpp:1119] Importing Basis files as BC7 for zsNo4HB9uLZ.glb
W0914 23:58:40.827054 20879 Simulator.cpp:248] :
---
 The active scene does not contain semantic annotations. 
---
I0914 23:58:40.866687 20879 simulator.py:213] Loaded navmesh data/scene_datasets/mp3d/zsNo4HB9uLZ/zsNo4HB9uLZ.navmesh
2026-09-14 23:58:40,871 Initializing task VLN-v0
You are using a model of type bert to instantiate a model of type . This is not supported for all configurations of models and can yield errors.
Some weights of the model checkpoint at None were not used when initializing GlocalTextPathNavCMT: ['bert.global_encoder.encoder.x_layers.2.lang_output.LayerNorm.weight', 'bert.global_encoder.encoder.x_layers.2.lang_inter.dense.bias', 'mlm_head.predictions.transform.LayerNorm.bias', 'bert.global_encoder.encoder.x_layers.0.lang_self_att.output.dense.weight', 'bert.global_encoder.encoder.x_layers.0.lang_inter.dense.weight', 'mlm_head.predictions.transform.dense.bias', 'mlm_head.predictions.transform.dense.weight', 'bert.global_encoder.encoder.x_layers.2.lang_self_att.output.LayerNorm.bias', 'bert.global_encoder.encoder.x_layers.0.lang_self_att.output.LayerNorm.bias', 'bert.global_encoder.encoder.x_layers.3.lang_inter.dense.bias', 'bert.global_encoder.encoder.x_layers.3.lang_output.dense.weight', 'bert.global_encoder.encoder.x_layers.0.lang_self_att.self.key.weight', 'bert.global_encoder.encoder.x_layers.3.lang_self_att.self.value.weight', 'bert.global_encoder.encoder.x_layers.2.lang_self_att.self.value.bias', 'bert.global_encoder.encoder.x_layers.3.lang_output.LayerNorm.weight', 'bert.global_encoder.encoder.x_layers.2.lang_self_att.self.query.bias', 'bert.global_encoder.encoder.x_layers.2.lang_output.LayerNorm.bias', 'bert.global_encoder.encoder.x_layers.3.lang_self_att.output.dense.bias', 'mlm_head.predictions.bias', 'bert.global_encoder.encoder.x_layers.0.lang_output.dense.bias', 'bert.global_encoder.encoder.x_layers.2.lang_self_att.self.key.weight', 'bert.global_encoder.encoder.x_layers.1.lang_output.dense.weight', 'bert.global_encoder.encoder.x_layers.1.lang_output.LayerNorm.weight', 'bert.global_encoder.encoder.x_layers.2.lang_self_att.self.value.weight', 'bert.global_encoder.encoder.x_layers.0.lang_self_att.self.query.bias', 'bert.global_encoder.encoder.x_layers.2.lang_self_att.output.dense.bias', 'bert.global_encoder.encoder.x_layers.3.lang_inter.dense.weight', 'bert.global_encoder.encoder.x_layers.0.lang_self_att.self.value.bias', 'bert.global_encoder.encoder.x_layers.1.lang_self_att.output.LayerNorm.weight', 'bert.global_encoder.encoder.x_layers.0.lang_self_att.self.key.bias', 'bert.global_encoder.encoder.x_layers.1.lang_self_att.self.query.bias', 'bert.global_encoder.encoder.x_layers.1.lang_self_att.output.LayerNorm.bias', 'mlm_head.predictions.transform.LayerNorm.weight', 'bert.global_encoder.encoder.x_layers.0.lang_output.LayerNorm.bias', 'bert.global_encoder.encoder.x_layers.0.lang_self_att.self.query.weight', 'bert.global_encoder.encoder.x_layers.2.lang_inter.dense.weight', 'bert.global_encoder.encoder.x_layers.3.lang_self_att.self.key.weight', 'bert.global_encoder.encoder.x_layers.0.lang_self_att.output.LayerNorm.weight', 'bert.global_encoder.encoder.x_layers.3.lang_self_att.output.LayerNorm.weight', 'bert.global_encoder.encoder.x_layers.2.lang_output.dense.bias', 'mlm_head.predictions.decoder.weight', 'bert.global_encoder.encoder.x_layers.1.lang_self_att.output.dense.weight', 'bert.global_encoder.encoder.x_layers.0.lang_output.LayerNorm.weight', 'bert.global_encoder.encoder.x_layers.1.lang_self_att.output.dense.bias', 'bert.global_encoder.encoder.x_layers.1.lang_self_att.self.key.weight', 'bert.global_encoder.encoder.x_layers.0.lang_self_att.output.dense.bias', 'bert.global_encoder.encoder.x_layers.1.lang_self_att.self.value.weight', 'bert.global_encoder.encoder.x_layers.3.lang_output.dense.bias', 'bert.global_encoder.encoder.x_layers.3.lang_self_att.output.dense.weight', 'bert.global_encoder.encoder.x_layers.3.lang_self_att.self.query.bias', 'bert.global_encoder.encoder.x_layers.1.lang_output.LayerNorm.bias', 'bert.global_encoder.encoder.x_layers.3.lang_self_att.self.value.bias', 'bert.global_encoder.encoder.x_layers.1.lang_inter.dense.weight', 'bert.global_encoder.encoder.x_layers.1.lang_output.dense.bias', 'bert.global_encoder.encoder.x_layers.2.lang_self_att.self.query.weight', 'bert.global_encoder.encoder.x_layers.2.lang_output.dense.weight', 'bert.global_encoder.encoder.x_layers.3.lang_output.LayerNorm.bias', 'bert.global_encoder.encoder.x_layers.3.lang_self_att.self.query.weight', 'bert.global_encoder.encoder.x_layers.0.lang_output.dense.weight', 'bert.global_encoder.encoder.x_layers.1.lang_inter.dense.bias', 'bert.global_encoder.encoder.x_layers.1.lang_self_att.self.query.weight', 'bert.global_encoder.encoder.x_layers.3.lang_self_att.output.LayerNorm.bias', 'bert.global_encoder.encoder.x_layers.2.lang_self_att.self.key.bias', 'bert.global_encoder.encoder.x_layers.0.lang_self_att.self.value.weight', 'bert.global_encoder.encoder.x_layers.1.lang_self_att.self.key.bias', 'bert.global_encoder.encoder.x_layers.1.lang_self_att.self.value.bias', 'bert.global_encoder.encoder.x_layers.2.lang_self_att.output.LayerNorm.weight', 'bert.global_encoder.encoder.x_layers.2.lang_self_att.output.dense.weight', 'bert.global_encoder.encoder.x_layers.3.lang_self_att.self.key.bias', 'bert.global_encoder.encoder.x_layers.0.lang_inter.dense.bias']
- This IS expected if you are initializing GlocalTextPathNavCMT from the checkpoint of a model trained on another task or with another architecture (e.g. initializing a BertForSequenceClassification model from a BertForPreTraining model).
- This IS NOT expected if you are initializing GlocalTextPathNavCMT from the checkpoint of a model that you expect to be exactly identical (initializing a BertForSequenceClassification model from a BertForSequenceClassification model).
2026-09-14 23:58:46,371 Loaded weights from checkpoint: data/logs/checkpoints/release_r2r/ckpt.iter12000.pth, iteration: 12000
2026-09-14 23:58:46,373 Agent parameters: 299.14 MB. Trainable: 140.79 MB.
2026-09-14 23:58:46,373 Finished setting up policy.
local rank: 0 | dataset length: 1

Initalizing the ETP model ...
  0%|          | 0/1 [00:00<?, ?it/s]2026-09-14 23:58:52,272 Video created: data/logs/video/phrasing_2/zsNo4HB9uLZ-2-SPL0.00.mp4
  0%|          | 0/38 [00:00<?, ?it/s]IMAGEIO FFMPEG_WRITER WARNING: input image is not divisible by macro_block_size=16, resizing from (825, 256) to (832, 256) to ensure video compatibility with most codecs and players. To prevent resizing, make your input image divisible by the macro_block_size or set the macro_block_size to 1 (risking incompatibility).
[swscaler @ 0x59cb51eb7f00] Warning: data is not aligned! This can lead to a speed loss
100%|██████████| 38/38 [00:00<00:00, 613.47it/s]100%|██████████| 1/1 [00:06<00:00,  6.06s/it]I0914 23:58:52.445971 20879 PhysicsManager.cpp:33] Deconstructing PhysicsManager
I0914 23:58:52.445994 20879 SemanticScene.h:41] Deconstructing SemanticScene
I0914 23:58:52.447459 20879 SceneManager.h:25] Deconstructing SceneManager
I0914 23:58:52.447469 20879 SceneGraph.h:26] Deconstructing SceneGraph
I0914 23:58:52.447736 20879 Sensor.h:87] Deconstructing Sensor
I0914 23:58:52.447952 20879 Sensor.h:87] Deconstructing Sensor
I0914 23:58:52.448050 20879 Sensor.h:87] Deconstructing Sensor
I0914 23:58:52.448139 20879 Sensor.h:87] Deconstructing Sensor
I0914 23:58:52.448239 20879 Sensor.h:87] Deconstructing Sensor
I0914 23:58:52.448335 20879 Sensor.h:87] Deconstructing Sensor
I0914 23:58:52.448424 20879 Sensor.h:87] Deconstructing Sensor
I0914 23:58:52.448516 20879 Sensor.h:87] Deconstructing Sensor
I0914 23:58:52.448604 20879 Sensor.h:87] Deconstructing Sensor
I0914 23:58:52.448693 20879 Sensor.h:87] Deconstructing Sensor
I0914 23:58:52.448779 20879 Sensor.h:87] Deconstructing Sensor
I0914 23:58:52.448865 20879 Sensor.h:87] Deconstructing Sensor
I0914 23:58:52.448952 20879 Sensor.h:87] Deconstructing Sensor
I0914 23:58:52.449067 20879 Sensor.h:87] Deconstructing Sensor
I0914 23:58:52.449190 20879 Sensor.h:87] Deconstructing Sensor
I0914 23:58:52.449337 20879 Sensor.h:87] Deconstructing Sensor
I0914 23:58:52.449460 20879 Sensor.h:87] Deconstructing Sensor
I0914 23:58:52.449575 20879 Sensor.h:87] Deconstructing Sensor
I0914 23:58:52.449689 20879 Sensor.h:87] Deconstructing Sensor
I0914 23:58:52.449800 20879 Sensor.h:87] Deconstructing Sensor
I0914 23:58:52.449909 20879 Sensor.h:87] Deconstructing Sensor
I0914 23:58:52.450022 20879 Sensor.h:87] Deconstructing Sensor
I0914 23:58:52.450165 20879 Sensor.h:87] Deconstructing Sensor
I0914 23:58:52.450310 20879 Sensor.h:87] Deconstructing Sensor
I0914 23:58:52.450423 20879 Sensor.h:87] Deconstructing Sensor
I0914 23:58:52.450538 20879 Sensor.h:87] Deconstructing Sensor
I0914 23:58:52.450641 20879 Sensor.h:87] Deconstructing Sensor
I0914 23:58:52.450731 20879 Sensor.h:87] Deconstructing Sensor
I0914 23:58:52.450817 20879 Sensor.h:87] Deconstructing Sensor
I0914 23:58:52.450824 20879 Sensor.h:87] Deconstructing Sensor
I0914 23:58:52.452983 20879 Renderer.cpp:34] Deconstructing Renderer
I0914 23:58:52.453002 20879 WindowlessContext.h:17] Deconstructing WindowlessContext
I0914 23:58:52.459161 20879 Simulator.cpp:49] Deconstructing Simulator

2026-09-14 23:58:52,460 Episodes evaluated: 1
2026-09-14 23:58:52,460 Average episode steps_taken: 37.000000
2026-09-14 23:58:52,460 Average episode distance_to_goal: 3.472088
2026-09-14 23:58:52,460 Average episode success: 0.000000
2026-09-14 23:58:52,460 Average episode oracle_success: 1.000000
2026-09-14 23:58:52,461 Average episode path_length: 7.500001
2026-09-14 23:58:52,461 Average episode collisions: 0.000000
2026-09-14 23:58:52,461 Average episode spl: 0.000000
2026-09-14 23:58:52,461 Average episode ndtw: 0.000090
2026-09-14 23:58:52,461 Average episode sdtw: 0.000000
2026-09-14 23:58:52,461 Average episode ghost_cnt: 18.000000
100%|██████████| 1/1 [00:06<00:00,  6.08s/it]
2026-09-14 23:58:55,148 checkpoint_path: data/logs/checkpoints/release_r2r/ckpt.iter12000.pth
2026-09-14 23:58:55,148 Initializing dataset VLN-CE-v1
2026-09-14 23:58:55,169 SPLTI: custom, NUMBER OF SCENES: 1
2026-09-14 23:58:56,688 Initializing dataset VLN-CE-v1
2026-09-14 23:58:56,709 initializing sim Sim-v1
WARNING: Logging before InitGoogleLogging() is written to STDERR
I0914 23:58:56.714604 21138 ManagedContainerBase.cpp:19] ManagedContainerBase::convertFilenameToJSON : Filename : default changed to proposed JSON configuration filename : default.scene_dataset_config.json
I0914 23:58:56.714627 21138 AttributesManagerBase.h:283] AttributesManager<T>::createFromJsonOrDefaultInternal  (Dataset) : Proposing JSON name : default.scene_dataset_config.json from original name : default | This file  does not exist.
I0914 23:58:56.714668 21138 AssetAttributesManager.cpp:117] Asset attributes (capsule3DSolid : capsule3DSolid_hemiRings_4_cylRings_1_segments_12_halfLen_0.75_useTexCoords_false_useTangents_false) created and registered.
I0914 23:58:56.714682 21138 AssetAttributesManager.cpp:117] Asset attributes (capsule3DWireframe : capsule3DWireframe_hemiRings_8_cylRings_1_segments_16_halfLen_1) created and registered.
I0914 23:58:56.714699 21138 AssetAttributesManager.cpp:117] Asset attributes (coneSolid : coneSolid_segments_12_halfLen_1.25_rings_1_useTexCoords_false_useTangents_false_capEnd_true) created and registered.
I0914 23:58:56.714707 21138 AssetAttributesManager.cpp:117] Asset attributes (coneWireframe : coneWireframe_segments_32_halfLen_1.25) created and registered.
I0914 23:58:56.714711 21138 AssetAttributesManager.cpp:117] Asset attributes (cubeSolid : cubeSolid) created and registered.
I0914 23:58:56.714716 21138 AssetAttributesManager.cpp:117] Asset attributes (cubeWireframe : cubeWireframe) created and registered.
I0914 23:58:56.714730 21138 AssetAttributesManager.cpp:117] Asset attributes (cylinderSolid : cylinderSolid_rings_1_segments_12_halfLen_1_useTexCoords_false_useTangents_false_capEnds_true) created and registered.
I0914 23:58:56.714740 21138 AssetAttributesManager.cpp:117] Asset attributes (cylinderWireframe : cylinderWireframe_rings_1_segments_32_halfLen_1) created and registered.
I0914 23:58:56.714746 21138 AssetAttributesManager.cpp:117] Asset attributes (icosphereSolid : icosphereSolid_subdivs_1) created and registered.
I0914 23:58:56.714751 21138 AssetAttributesManager.cpp:117] Asset attributes (icosphereWireframe : icosphereWireframe_subdivs_1) created and registered.
I0914 23:58:56.714761 21138 AssetAttributesManager.cpp:117] Asset attributes (uvSphereSolid : uvSphereSolid_rings_8_segments_16_useTexCoords_false_useTangents_false) created and registered.
I0914 23:58:56.714767 21138 AssetAttributesManager.cpp:117] Asset attributes (uvSphereWireframe : uvSphereWireframe_rings_16_segments_32) created and registered.
I0914 23:58:56.714771 21138 AssetAttributesManager.cpp:105] AssetAttributesManager::buildCtorFuncPtrMaps : Built default primitive asset templates : 12
I0914 23:58:56.715039 21138 SceneDatasetAttributesManager.cpp:23] File (default) not found, so new default dataset attributes created and registered.
I0914 23:58:56.715041 21138 MetadataMediator.cpp:47] MetadataMediator::createDataset : Dataset default successfully created.
I0914 23:58:56.717060 21138 AttributesManagerBase.h:283] AttributesManager<T>::createFromJsonOrDefaultInternal  (Physics Manager) : Proposing JSON name : ./data/default.physics_config.json from original name : ./data/default.physics_config.json | This file  does not exist.
I0914 23:58:56.717070 21138 PhysicsAttributesManager.cpp:27] File (./data/default.physics_config.json) not found, so new default physics manager attributes created and registered.
I0914 23:58:56.717073 21138 AbstractObjectAttributesManagerBase.h:175] AbstractObjectAttributesManager<T>::createObject  (Stage) : Making attributes with handle : data/scene_datasets/mp3d/zsNo4HB9uLZ/zsNo4HB9uLZ.glb
I0914 23:58:56.717075 21138 ManagedContainerBase.cpp:19] ManagedContainerBase::convertFilenameToJSON : Filename : data/scene_datasets/mp3d/zsNo4HB9uLZ/zsNo4HB9uLZ.glb changed to proposed JSON configuration filename : data/scene_datasets/mp3d/zsNo4HB9uLZ/zsNo4HB9uLZ.stage_config.json
I0914 23:58:56.717082 21138 AttributesManagerBase.h:283] AttributesManager<T>::createFromJsonOrDefaultInternal  (Stage) : Proposing JSON name : data/scene_datasets/mp3d/zsNo4HB9uLZ/zsNo4HB9uLZ.stage_config.json from original name : data/scene_datasets/mp3d/zsNo4HB9uLZ/zsNo4HB9uLZ.glb | This file  does not exist.
I0914 23:58:56.717111 21138 AbstractObjectAttributesManagerBase.h:181] AbstractObjectAttributesManager<T>::createObject  (Stage) : Done making attributes with handle : data/scene_datasets/mp3d/zsNo4HB9uLZ/zsNo4HB9uLZ.glb
I0914 23:58:56.717113 21138 AbstractObjectAttributesManagerBase.h:188] File (data/scene_datasets/mp3d/zsNo4HB9uLZ/zsNo4HB9uLZ.glb) exists but is not a recognized config filename extension, so new default Stage attributes created and registered.
I0914 23:58:56.717115 21138 Simulator.cpp:156] Loading navmesh from data/scene_datasets/mp3d/zsNo4HB9uLZ/zsNo4HB9uLZ.navmesh
I0914 23:58:56.717171 21138 Simulator.cpp:158] Loaded.
I0914 23:58:56.717180 21138 SceneGraph.h:93] Created DrawableGroup: 
Renderer: NVIDIA T1000 8GB/PCIe/SSE2 by NVIDIA Corporation
OpenGL version: 4.6.0 NVIDIA 590.48.01
Using optional features:
    GL_ARB_ES2_compatibility
    GL_ARB_direct_state_access
    GL_ARB_get_texture_sub_image
    GL_ARB_invalidate_subdata
    GL_ARB_multi_bind
    GL_ARB_robustness
    GL_ARB_separate_shader_objects
    GL_ARB_texture_filter_anisotropic
    GL_ARB_texture_storage
    GL_ARB_texture_storage_multisample
    GL_ARB_vertex_array_object
    GL_KHR_debug
Using driver workarounds:
    no-forward-compatible-core-context
    nv-egl-incorrect-gl11-function-pointers
    no-layout-qualifiers-on-old-glsl
    nv-zero-context-profile-mask
    nv-implementation-color-read-format-dsa-broken
    nv-cubemap-inconsistent-compressed-image-size
    nv-cubemap-broken-full-compressed-image-query
    nv-compressed-block-size-in-bits
I0914 23:58:56.808600 21138 ResourceManager.cpp:234] ResourceManager::loadStage : Not loading semantic mesh
I0914 23:58:56.808607 21138 ResourceManager.cpp:262] ResourceManager::loadStage : start load render asset data/scene_datasets/mp3d/zsNo4HB9uLZ/zsNo4HB9uLZ.glb.
I0914 23:58:56.808609 21138 ResourceManager.cpp:569] ResourceManager::loadStageInternal : Attempting to load stage data/scene_datasets/mp3d/zsNo4HB9uLZ/zsNo4HB9uLZ.glb 
I0914 23:58:56.808621 21138 ResourceManager.cpp:1119] Importing Basis files as BC7 for zsNo4HB9uLZ.glb
W0914 23:58:57.672672 21138 Simulator.cpp:248] :
---
 The active scene does not contain semantic annotations. 
---
I0914 23:58:57.711103 21138 simulator.py:213] Loaded navmesh data/scene_datasets/mp3d/zsNo4HB9uLZ/zsNo4HB9uLZ.navmesh
2026-09-14 23:58:57,715 Initializing task VLN-v0
You are using a model of type bert to instantiate a model of type . This is not supported for all configurations of models and can yield errors.
Some weights of the model checkpoint at None were not used when initializing GlocalTextPathNavCMT: ['bert.global_encoder.encoder.x_layers.1.lang_self_att.self.value.bias', 'bert.global_encoder.encoder.x_layers.0.lang_inter.dense.bias', 'bert.global_encoder.encoder.x_layers.3.lang_self_att.output.LayerNorm.bias', 'bert.global_encoder.encoder.x_layers.1.lang_output.LayerNorm.weight', 'mlm_head.predictions.bias', 'bert.global_encoder.encoder.x_layers.3.lang_output.dense.weight', 'bert.global_encoder.encoder.x_layers.2.lang_output.dense.weight', 'bert.global_encoder.encoder.x_layers.3.lang_self_att.self.query.weight', 'bert.global_encoder.encoder.x_layers.0.lang_output.LayerNorm.bias', 'bert.global_encoder.encoder.x_layers.2.lang_inter.dense.weight', 'bert.global_encoder.encoder.x_layers.1.lang_self_att.self.value.weight', 'bert.global_encoder.encoder.x_layers.0.lang_output.LayerNorm.weight', 'bert.global_encoder.encoder.x_layers.2.lang_self_att.self.key.bias', 'bert.global_encoder.encoder.x_layers.1.lang_output.dense.bias', 'bert.global_encoder.encoder.x_layers.1.lang_output.LayerNorm.bias', 'bert.global_encoder.encoder.x_layers.2.lang_inter.dense.bias', 'bert.global_encoder.encoder.x_layers.1.lang_self_att.output.LayerNorm.bias', 'bert.global_encoder.encoder.x_layers.3.lang_inter.dense.bias', 'bert.global_encoder.encoder.x_layers.3.lang_inter.dense.weight', 'bert.global_encoder.encoder.x_layers.0.lang_self_att.output.LayerNorm.weight', 'mlm_head.predictions.transform.dense.weight', 'bert.global_encoder.encoder.x_layers.2.lang_self_att.output.LayerNorm.weight', 'bert.global_encoder.encoder.x_layers.2.lang_output.LayerNorm.weight', 'mlm_head.predictions.transform.LayerNorm.bias', 'bert.global_encoder.encoder.x_layers.2.lang_self_att.self.value.bias', 'bert.global_encoder.encoder.x_layers.0.lang_self_att.self.key.weight', 'bert.global_encoder.encoder.x_layers.3.lang_output.dense.bias', 'mlm_head.predictions.transform.LayerNorm.weight', 'bert.global_encoder.encoder.x_layers.2.lang_output.LayerNorm.bias', 'bert.global_encoder.encoder.x_layers.1.lang_self_att.output.dense.weight', 'bert.global_encoder.encoder.x_layers.0.lang_self_att.output.LayerNorm.bias', 'bert.global_encoder.encoder.x_layers.3.lang_self_att.self.value.weight', 'bert.global_encoder.encoder.x_layers.1.lang_self_att.output.dense.bias', 'bert.global_encoder.encoder.x_layers.2.lang_output.dense.bias', 'bert.global_encoder.encoder.x_layers.0.lang_self_att.self.value.weight', 'bert.global_encoder.encoder.x_layers.1.lang_output.dense.weight', 'bert.global_encoder.encoder.x_layers.0.lang_output.dense.weight', 'bert.global_encoder.encoder.x_layers.0.lang_inter.dense.weight', 'bert.global_encoder.encoder.x_layers.2.lang_self_att.output.LayerNorm.bias', 'bert.global_encoder.encoder.x_layers.1.lang_inter.dense.bias', 'bert.global_encoder.encoder.x_layers.0.lang_self_att.self.query.bias', 'bert.global_encoder.encoder.x_layers.3.lang_self_att.self.key.bias', 'bert.global_encoder.encoder.x_layers.3.lang_self_att.self.query.bias', 'bert.global_encoder.encoder.x_layers.1.lang_self_att.output.LayerNorm.weight', 'bert.global_encoder.encoder.x_layers.2.lang_self_att.self.query.weight', 'bert.global_encoder.encoder.x_layers.1.lang_self_att.self.key.bias', 'bert.global_encoder.encoder.x_layers.2.lang_self_att.self.value.weight', 'bert.global_encoder.encoder.x_layers.0.lang_self_att.self.query.weight', 'bert.global_encoder.encoder.x_layers.1.lang_self_att.self.query.bias', 'bert.global_encoder.encoder.x_layers.3.lang_output.LayerNorm.weight', 'mlm_head.predictions.decoder.weight', 'bert.global_encoder.encoder.x_layers.2.lang_self_att.output.dense.bias', 'bert.global_encoder.encoder.x_layers.1.lang_self_att.self.key.weight', 'bert.global_encoder.encoder.x_layers.3.lang_self_att.self.key.weight', 'bert.global_encoder.encoder.x_layers.0.lang_self_att.self.key.bias', 'bert.global_encoder.encoder.x_layers.3.lang_self_att.output.LayerNorm.weight', 'bert.global_encoder.encoder.x_layers.3.lang_self_att.self.value.bias', 'bert.global_encoder.encoder.x_layers.3.lang_self_att.output.dense.bias', 'bert.global_encoder.encoder.x_layers.3.lang_self_att.output.dense.weight', 'mlm_head.predictions.transform.dense.bias', 'bert.global_encoder.encoder.x_layers.2.lang_self_att.output.dense.weight', 'bert.global_encoder.encoder.x_layers.0.lang_output.dense.bias', 'bert.global_encoder.encoder.x_layers.0.lang_self_att.self.value.bias', 'bert.global_encoder.encoder.x_layers.0.lang_self_att.output.dense.weight', 'bert.global_encoder.encoder.x_layers.0.lang_self_att.output.dense.bias', 'bert.global_encoder.encoder.x_layers.2.lang_self_att.self.key.weight', 'bert.global_encoder.encoder.x_layers.1.lang_inter.dense.weight', 'bert.global_encoder.encoder.x_layers.2.lang_self_att.self.query.bias', 'bert.global_encoder.encoder.x_layers.3.lang_output.LayerNorm.bias', 'bert.global_encoder.encoder.x_layers.1.lang_self_att.self.query.weight']
- This IS expected if you are initializing GlocalTextPathNavCMT from the checkpoint of a model trained on another task or with another architecture (e.g. initializing a BertForSequenceClassification model from a BertForPreTraining model).
- This IS NOT expected if you are initializing GlocalTextPathNavCMT from the checkpoint of a model that you expect to be exactly identical (initializing a BertForSequenceClassification model from a BertForSequenceClassification model).
2026-09-14 23:59:03,452 Loaded weights from checkpoint: data/logs/checkpoints/release_r2r/ckpt.iter12000.pth, iteration: 12000
2026-09-14 23:59:03,454 Agent parameters: 299.14 MB. Trainable: 140.79 MB.
2026-09-14 23:59:03,454 Finished setting up policy.
local rank: 0 | dataset length: 1

Initalizing the ETP model ...
  0%|          | 0/1 [00:00<?, ?it/s]2026-09-14 23:59:09,335 Video created: data/logs/video/phrasing_3/zsNo4HB9uLZ-3-SPL0.00.mp4
  0%|          | 0/38 [00:00<?, ?it/s]IMAGEIO FFMPEG_WRITER WARNING: input image is not divisible by macro_block_size=16, resizing from (825, 278) to (832, 288) to ensure video compatibility with most codecs and players. To prevent resizing, make your input image divisible by the macro_block_size or set the macro_block_size to 1 (risking incompatibility).
[swscaler @ 0x584daeb54f00] Warning: data is not aligned! This can lead to a speed loss
100%|██████████| 38/38 [00:00<00:00, 569.58it/s]100%|██████████| 1/1 [00:06<00:00,  6.05s/it]I0914 23:59:09.515106 21138 PhysicsManager.cpp:33] Deconstructing PhysicsManager
I0914 23:59:09.515131 21138 SemanticScene.h:41] Deconstructing SemanticScene
I0914 23:59:09.516654 21138 SceneManager.h:25] Deconstructing SceneManager
I0914 23:59:09.516662 21138 SceneGraph.h:26] Deconstructing SceneGraph
I0914 23:59:09.516937 21138 Sensor.h:87] Deconstructing Sensor
I0914 23:59:09.517102 21138 Sensor.h:87] Deconstructing Sensor
I0914 23:59:09.517206 21138 Sensor.h:87] Deconstructing Sensor
I0914 23:59:09.517298 21138 Sensor.h:87] Deconstructing Sensor
I0914 23:59:09.517387 21138 Sensor.h:87] Deconstructing Sensor
I0914 23:59:09.517488 21138 Sensor.h:87] Deconstructing Sensor
I0914 23:59:09.517577 21138 Sensor.h:87] Deconstructing Sensor
I0914 23:59:09.517665 21138 Sensor.h:87] Deconstructing Sensor
I0914 23:59:09.517751 21138 Sensor.h:87] Deconstructing Sensor
I0914 23:59:09.517839 21138 Sensor.h:87] Deconstructing Sensor
I0914 23:59:09.517930 21138 Sensor.h:87] Deconstructing Sensor
I0914 23:59:09.518013 21138 Sensor.h:87] Deconstructing Sensor
I0914 23:59:09.518101 21138 Sensor.h:87] Deconstructing Sensor
I0914 23:59:09.518226 21138 Sensor.h:87] Deconstructing Sensor
I0914 23:59:09.518339 21138 Sensor.h:87] Deconstructing Sensor
I0914 23:59:09.518456 21138 Sensor.h:87] Deconstructing Sensor
I0914 23:59:09.518587 21138 Sensor.h:87] Deconstructing Sensor
I0914 23:59:09.518721 21138 Sensor.h:87] Deconstructing Sensor
I0914 23:59:09.518857 21138 Sensor.h:87] Deconstructing Sensor
I0914 23:59:09.518993 21138 Sensor.h:87] Deconstructing Sensor
I0914 23:59:09.519126 21138 Sensor.h:87] Deconstructing Sensor
I0914 23:59:09.519263 21138 Sensor.h:87] Deconstructing Sensor
I0914 23:59:09.519387 21138 Sensor.h:87] Deconstructing Sensor
I0914 23:59:09.519526 21138 Sensor.h:87] Deconstructing Sensor
I0914 23:59:09.519639 21138 Sensor.h:87] Deconstructing Sensor
I0914 23:59:09.519737 21138 Sensor.h:87] Deconstructing Sensor
I0914 23:59:09.519832 21138 Sensor.h:87] Deconstructing Sensor
I0914 23:59:09.519929 21138 Sensor.h:87] Deconstructing Sensor
I0914 23:59:09.520010 21138 Sensor.h:87] Deconstructing Sensor
I0914 23:59:09.520016 21138 Sensor.h:87] Deconstructing Sensor
I0914 23:59:09.522068 21138 Renderer.cpp:34] Deconstructing Renderer
I0914 23:59:09.522079 21138 WindowlessContext.h:17] Deconstructing WindowlessContext
I0914 23:59:09.528180 21138 Simulator.cpp:49] Deconstructing Simulator

2026-09-14 23:59:09,529 Episodes evaluated: 1
2026-09-14 23:59:09,529 Average episode steps_taken: 37.000000
2026-09-14 23:59:09,529 Average episode distance_to_goal: 3.472088
2026-09-14 23:59:09,529 Average episode success: 0.000000
2026-09-14 23:59:09,529 Average episode oracle_success: 1.000000
2026-09-14 23:59:09,530 Average episode path_length: 7.500001
2026-09-14 23:59:09,530 Average episode collisions: 0.000000
2026-09-14 23:59:09,530 Average episode spl: 0.000000
2026-09-14 23:59:09,530 Average episode ndtw: 0.000090
2026-09-14 23:59:09,530 Average episode sdtw: 0.000000
2026-09-14 23:59:09,530 Average episode ghost_cnt: 18.000000
100%|██████████| 1/1 [00:06<00:00,  6.07s/it]
2026-09-14 23:59:12,135 checkpoint_path: data/logs/checkpoints/release_r2r/ckpt.iter12000.pth
2026-09-14 23:59:12,136 Initializing dataset VLN-CE-v1
2026-09-14 23:59:12,156 SPLTI: custom, NUMBER OF SCENES: 1
2026-09-14 23:59:13,638 Initializing dataset VLN-CE-v1
2026-09-14 23:59:13,659 initializing sim Sim-v1
WARNING: Logging before InitGoogleLogging() is written to STDERR
I0914 23:59:13.665184 21379 ManagedContainerBase.cpp:19] ManagedContainerBase::convertFilenameToJSON : Filename : default changed to proposed JSON configuration filename : default.scene_dataset_config.json
I0914 23:59:13.665212 21379 AttributesManagerBase.h:283] AttributesManager<T>::createFromJsonOrDefaultInternal  (Dataset) : Proposing JSON name : default.scene_dataset_config.json from original name : default | This file  does not exist.
I0914 23:59:13.665254 21379 AssetAttributesManager.cpp:117] Asset attributes (capsule3DSolid : capsule3DSolid_hemiRings_4_cylRings_1_segments_12_halfLen_0.75_useTexCoords_false_useTangents_false) created and registered.
I0914 23:59:13.665271 21379 AssetAttributesManager.cpp:117] Asset attributes (capsule3DWireframe : capsule3DWireframe_hemiRings_8_cylRings_1_segments_16_halfLen_1) created and registered.
I0914 23:59:13.665287 21379 AssetAttributesManager.cpp:117] Asset attributes (coneSolid : coneSolid_segments_12_halfLen_1.25_rings_1_useTexCoords_false_useTangents_false_capEnd_true) created and registered.
I0914 23:59:13.665295 21379 AssetAttributesManager.cpp:117] Asset attributes (coneWireframe : coneWireframe_segments_32_halfLen_1.25) created and registered.
I0914 23:59:13.665300 21379 AssetAttributesManager.cpp:117] Asset attributes (cubeSolid : cubeSolid) created and registered.
I0914 23:59:13.665304 21379 AssetAttributesManager.cpp:117] Asset attributes (cubeWireframe : cubeWireframe) created and registered.
I0914 23:59:13.665318 21379 AssetAttributesManager.cpp:117] Asset attributes (cylinderSolid : cylinderSolid_rings_1_segments_12_halfLen_1_useTexCoords_false_useTangents_false_capEnds_true) created and registered.
I0914 23:59:13.665328 21379 AssetAttributesManager.cpp:117] Asset attributes (cylinderWireframe : cylinderWireframe_rings_1_segments_32_halfLen_1) created and registered.
I0914 23:59:13.665333 21379 AssetAttributesManager.cpp:117] Asset attributes (icosphereSolid : icosphereSolid_subdivs_1) created and registered.
I0914 23:59:13.665339 21379 AssetAttributesManager.cpp:117] Asset attributes (icosphereWireframe : icosphereWireframe_subdivs_1) created and registered.
I0914 23:59:13.665347 21379 AssetAttributesManager.cpp:117] Asset attributes (uvSphereSolid : uvSphereSolid_rings_8_segments_16_useTexCoords_false_useTangents_false) created and registered.
I0914 23:59:13.665354 21379 AssetAttributesManager.cpp:117] Asset attributes (uvSphereWireframe : uvSphereWireframe_rings_16_segments_32) created and registered.
I0914 23:59:13.665357 21379 AssetAttributesManager.cpp:105] AssetAttributesManager::buildCtorFuncPtrMaps : Built default primitive asset templates : 12
I0914 23:59:13.665634 21379 SceneDatasetAttributesManager.cpp:23] File (default) not found, so new default dataset attributes created and registered.
I0914 23:59:13.665637 21379 MetadataMediator.cpp:47] MetadataMediator::createDataset : Dataset default successfully created.
I0914 23:59:13.667642 21379 AttributesManagerBase.h:283] AttributesManager<T>::createFromJsonOrDefaultInternal  (Physics Manager) : Proposing JSON name : ./data/default.physics_config.json from original name : ./data/default.physics_config.json | This file  does not exist.
I0914 23:59:13.667654 21379 PhysicsAttributesManager.cpp:27] File (./data/default.physics_config.json) not found, so new default physics manager attributes created and registered.
I0914 23:59:13.667656 21379 AbstractObjectAttributesManagerBase.h:175] AbstractObjectAttributesManager<T>::createObject  (Stage) : Making attributes with handle : data/scene_datasets/mp3d/zsNo4HB9uLZ/zsNo4HB9uLZ.glb
I0914 23:59:13.667658 21379 ManagedContainerBase.cpp:19] ManagedContainerBase::convertFilenameToJSON : Filename : data/scene_datasets/mp3d/zsNo4HB9uLZ/zsNo4HB9uLZ.glb changed to proposed JSON configuration filename : data/scene_datasets/mp3d/zsNo4HB9uLZ/zsNo4HB9uLZ.stage_config.json
I0914 23:59:13.667663 21379 AttributesManagerBase.h:283] AttributesManager<T>::createFromJsonOrDefaultInternal  (Stage) : Proposing JSON name : data/scene_datasets/mp3d/zsNo4HB9uLZ/zsNo4HB9uLZ.stage_config.json from original name : data/scene_datasets/mp3d/zsNo4HB9uLZ/zsNo4HB9uLZ.glb | This file  does not exist.
I0914 23:59:13.667693 21379 AbstractObjectAttributesManagerBase.h:181] AbstractObjectAttributesManager<T>::createObject  (Stage) : Done making attributes with handle : data/scene_datasets/mp3d/zsNo4HB9uLZ/zsNo4HB9uLZ.glb
I0914 23:59:13.667694 21379 AbstractObjectAttributesManagerBase.h:188] File (data/scene_datasets/mp3d/zsNo4HB9uLZ/zsNo4HB9uLZ.glb) exists but is not a recognized config filename extension, so new default Stage attributes created and registered.
I0914 23:59:13.667698 21379 Simulator.cpp:156] Loading navmesh from data/scene_datasets/mp3d/zsNo4HB9uLZ/zsNo4HB9uLZ.navmesh
I0914 23:59:13.667755 21379 Simulator.cpp:158] Loaded.
I0914 23:59:13.667762 21379 SceneGraph.h:93] Created DrawableGroup: 
Renderer: NVIDIA T1000 8GB/PCIe/SSE2 by NVIDIA Corporation
OpenGL version: 4.6.0 NVIDIA 590.48.01
Using optional features:
    GL_ARB_ES2_compatibility
    GL_ARB_direct_state_access
    GL_ARB_get_texture_sub_image
    GL_ARB_invalidate_subdata
    GL_ARB_multi_bind
    GL_ARB_robustness
    GL_ARB_separate_shader_objects
    GL_ARB_texture_filter_anisotropic
    GL_ARB_texture_storage
    GL_ARB_texture_storage_multisample
    GL_ARB_vertex_array_object
    GL_KHR_debug
Using driver workarounds:
    no-forward-compatible-core-context
    nv-egl-incorrect-gl11-function-pointers
    no-layout-qualifiers-on-old-glsl
    nv-zero-context-profile-mask
    nv-implementation-color-read-format-dsa-broken
    nv-cubemap-inconsistent-compressed-image-size
    nv-cubemap-broken-full-compressed-image-query
    nv-compressed-block-size-in-bits
I0914 23:59:13.761363 21379 ResourceManager.cpp:234] ResourceManager::loadStage : Not loading semantic mesh
I0914 23:59:13.761371 21379 ResourceManager.cpp:262] ResourceManager::loadStage : start load render asset data/scene_datasets/mp3d/zsNo4HB9uLZ/zsNo4HB9uLZ.glb.
I0914 23:59:13.761372 21379 ResourceManager.cpp:569] ResourceManager::loadStageInternal : Attempting to load stage data/scene_datasets/mp3d/zsNo4HB9uLZ/zsNo4HB9uLZ.glb 
I0914 23:59:13.761385 21379 ResourceManager.cpp:1119] Importing Basis files as BC7 for zsNo4HB9uLZ.glb
W0914 23:59:14.630949 21379 Simulator.cpp:248] :
---
 The active scene does not contain semantic annotations. 
---
I0914 23:59:14.670123 21379 simulator.py:213] Loaded navmesh data/scene_datasets/mp3d/zsNo4HB9uLZ/zsNo4HB9uLZ.navmesh
2026-09-14 23:59:14,674 Initializing task VLN-v0
You are using a model of type bert to instantiate a model of type . This is not supported for all configurations of models and can yield errors.
Some weights of the model checkpoint at None were not used when initializing GlocalTextPathNavCMT: ['bert.global_encoder.encoder.x_layers.2.lang_inter.dense.bias', 'bert.global_encoder.encoder.x_layers.3.lang_inter.dense.weight', 'bert.global_encoder.encoder.x_layers.1.lang_self_att.self.value.weight', 'bert.global_encoder.encoder.x_layers.0.lang_self_att.self.query.bias', 'bert.global_encoder.encoder.x_layers.3.lang_self_att.self.value.weight', 'bert.global_encoder.encoder.x_layers.2.lang_output.dense.bias', 'bert.global_encoder.encoder.x_layers.1.lang_self_att.output.dense.bias', 'bert.global_encoder.encoder.x_layers.0.lang_self_att.output.dense.bias', 'bert.global_encoder.encoder.x_layers.3.lang_self_att.output.LayerNorm.weight', 'bert.global_encoder.encoder.x_layers.0.lang_output.dense.bias', 'bert.global_encoder.encoder.x_layers.2.lang_self_att.output.dense.bias', 'bert.global_encoder.encoder.x_layers.2.lang_self_att.self.key.weight', 'bert.global_encoder.encoder.x_layers.3.lang_inter.dense.bias', 'bert.global_encoder.encoder.x_layers.0.lang_output.dense.weight', 'bert.global_encoder.encoder.x_layers.1.lang_self_att.output.LayerNorm.bias', 'bert.global_encoder.encoder.x_layers.2.lang_self_att.self.value.bias', 'bert.global_encoder.encoder.x_layers.1.lang_self_att.self.key.weight', 'mlm_head.predictions.transform.dense.bias', 'bert.global_encoder.encoder.x_layers.0.lang_inter.dense.bias', 'bert.global_encoder.encoder.x_layers.3.lang_self_att.output.dense.bias', 'mlm_head.predictions.decoder.weight', 'bert.global_encoder.encoder.x_layers.2.lang_inter.dense.weight', 'bert.global_encoder.encoder.x_layers.0.lang_self_att.self.query.weight', 'mlm_head.predictions.transform.dense.weight', 'bert.global_encoder.encoder.x_layers.1.lang_self_att.self.query.bias', 'bert.global_encoder.encoder.x_layers.1.lang_self_att.output.dense.weight', 'bert.global_encoder.encoder.x_layers.2.lang_self_att.self.value.weight', 'bert.global_encoder.encoder.x_layers.3.lang_self_att.self.key.bias', 'bert.global_encoder.encoder.x_layers.1.lang_self_att.output.LayerNorm.weight', 'bert.global_encoder.encoder.x_layers.2.lang_output.dense.weight', 'bert.global_encoder.encoder.x_layers.2.lang_output.LayerNorm.bias', 'bert.global_encoder.encoder.x_layers.2.lang_self_att.self.key.bias', 'bert.global_encoder.encoder.x_layers.0.lang_inter.dense.weight', 'bert.global_encoder.encoder.x_layers.2.lang_self_att.output.LayerNorm.weight', 'bert.global_encoder.encoder.x_layers.1.lang_self_att.self.value.bias', 'bert.global_encoder.encoder.x_layers.0.lang_self_att.output.LayerNorm.bias', 'bert.global_encoder.encoder.x_layers.0.lang_self_att.output.LayerNorm.weight', 'mlm_head.predictions.transform.LayerNorm.weight', 'bert.global_encoder.encoder.x_layers.3.lang_self_att.self.query.bias', 'bert.global_encoder.encoder.x_layers.3.lang_self_att.output.LayerNorm.bias', 'bert.global_encoder.encoder.x_layers.0.lang_output.LayerNorm.bias', 'bert.global_encoder.encoder.x_layers.0.lang_self_att.self.value.bias', 'bert.global_encoder.encoder.x_layers.1.lang_output.LayerNorm.weight', 'bert.global_encoder.encoder.x_layers.3.lang_output.LayerNorm.bias', 'bert.global_encoder.encoder.x_layers.3.lang_output.dense.weight', 'bert.global_encoder.encoder.x_layers.1.lang_self_att.self.key.bias', 'bert.global_encoder.encoder.x_layers.1.lang_output.LayerNorm.bias', 'bert.global_encoder.encoder.x_layers.2.lang_self_att.output.LayerNorm.bias', 'bert.global_encoder.encoder.x_layers.0.lang_self_att.self.key.weight', 'bert.global_encoder.encoder.x_layers.0.lang_output.LayerNorm.weight', 'bert.global_encoder.encoder.x_layers.1.lang_output.dense.bias', 'bert.global_encoder.encoder.x_layers.3.lang_self_att.self.key.weight', 'bert.global_encoder.encoder.x_layers.1.lang_output.dense.weight', 'bert.global_encoder.encoder.x_layers.0.lang_self_att.output.dense.weight', 'bert.global_encoder.encoder.x_layers.2.lang_self_att.output.dense.weight', 'mlm_head.predictions.transform.LayerNorm.bias', 'bert.global_encoder.encoder.x_layers.2.lang_self_att.self.query.bias', 'bert.global_encoder.encoder.x_layers.1.lang_inter.dense.bias', 'bert.global_encoder.encoder.x_layers.0.lang_self_att.self.key.bias', 'bert.global_encoder.encoder.x_layers.1.lang_self_att.self.query.weight', 'bert.global_encoder.encoder.x_layers.3.lang_self_att.self.query.weight', 'bert.global_encoder.encoder.x_layers.3.lang_self_att.output.dense.weight', 'bert.global_encoder.encoder.x_layers.3.lang_output.dense.bias', 'bert.global_encoder.encoder.x_layers.1.lang_inter.dense.weight', 'bert.global_encoder.encoder.x_layers.3.lang_self_att.self.value.bias', 'bert.global_encoder.encoder.x_layers.0.lang_self_att.self.value.weight', 'bert.global_encoder.encoder.x_layers.2.lang_output.LayerNorm.weight', 'bert.global_encoder.encoder.x_layers.3.lang_output.LayerNorm.weight', 'mlm_head.predictions.bias', 'bert.global_encoder.encoder.x_layers.2.lang_self_att.self.query.weight']
- This IS expected if you are initializing GlocalTextPathNavCMT from the checkpoint of a model trained on another task or with another architecture (e.g. initializing a BertForSequenceClassification model from a BertForPreTraining model).
- This IS NOT expected if you are initializing GlocalTextPathNavCMT from the checkpoint of a model that you expect to be exactly identical (initializing a BertForSequenceClassification model from a BertForSequenceClassification model).
2026-09-14 23:59:20,399 Loaded weights from checkpoint: data/logs/checkpoints/release_r2r/ckpt.iter12000.pth, iteration: 12000
2026-09-14 23:59:20,401 Agent parameters: 299.14 MB. Trainable: 140.79 MB.
2026-09-14 23:59:20,401 Finished setting up policy.
local rank: 0 | dataset length: 1

Initalizing the ETP model ...
  0%|          | 0/1 [00:00<?, ?it/s]2026-09-14 23:59:28,172 Video created: data/logs/video/phrasing_4/zsNo4HB9uLZ-4-SPL0.00.mp4
  0%|          | 0/49 [00:00<?, ?it/s]IMAGEIO FFMPEG_WRITER WARNING: input image is not divisible by macro_block_size=16, resizing from (825, 278) to (832, 288) to ensure video compatibility with most codecs and players. To prevent resizing, make your input image divisible by the macro_block_size or set the macro_block_size to 1 (risking incompatibility).
[swscaler @ 0x61c769ab3f00] Warning: data is not aligned! This can lead to a speed loss
100%|██████████| 49/49 [00:00<00:00, 525.37it/s]100%|██████████| 1/1 [00:07<00:00,  7.97s/it]I0914 23:59:28.384582 21379 PhysicsManager.cpp:33] Deconstructing PhysicsManager
I0914 23:59:28.384611 21379 SemanticScene.h:41] Deconstructing SemanticScene
I0914 23:59:28.385985 21379 SceneManager.h:25] Deconstructing SceneManager
I0914 23:59:28.385995 21379 SceneGraph.h:26] Deconstructing SceneGraph
I0914 23:59:28.386271 21379 Sensor.h:87] Deconstructing Sensor
I0914 23:59:28.386430 21379 Sensor.h:87] Deconstructing Sensor
I0914 23:59:28.386528 21379 Sensor.h:87] Deconstructing Sensor
I0914 23:59:28.386615 21379 Sensor.h:87] Deconstructing Sensor
I0914 23:59:28.386699 21379 Sensor.h:87] Deconstructing Sensor
I0914 23:59:28.386787 21379 Sensor.h:87] Deconstructing Sensor
I0914 23:59:28.386878 21379 Sensor.h:87] Deconstructing Sensor
I0914 23:59:28.386963 21379 Sensor.h:87] Deconstructing Sensor
I0914 23:59:28.387049 21379 Sensor.h:87] Deconstructing Sensor
I0914 23:59:28.387137 21379 Sensor.h:87] Deconstructing Sensor
I0914 23:59:28.387230 21379 Sensor.h:87] Deconstructing Sensor
I0914 23:59:28.387315 21379 Sensor.h:87] Deconstructing Sensor
I0914 23:59:28.387403 21379 Sensor.h:87] Deconstructing Sensor
I0914 23:59:28.387519 21379 Sensor.h:87] Deconstructing Sensor
I0914 23:59:28.387630 21379 Sensor.h:87] Deconstructing Sensor
I0914 23:59:28.387738 21379 Sensor.h:87] Deconstructing Sensor
I0914 23:59:28.387845 21379 Sensor.h:87] Deconstructing Sensor
I0914 23:59:28.387959 21379 Sensor.h:87] Deconstructing Sensor
I0914 23:59:28.388069 21379 Sensor.h:87] Deconstructing Sensor
I0914 23:59:28.388185 21379 Sensor.h:87] Deconstructing Sensor
I0914 23:59:28.388294 21379 Sensor.h:87] Deconstructing Sensor
I0914 23:59:28.388402 21379 Sensor.h:87] Deconstructing Sensor
I0914 23:59:28.388521 21379 Sensor.h:87] Deconstructing Sensor
I0914 23:59:28.388621 21379 Sensor.h:87] Deconstructing Sensor
I0914 23:59:28.388715 21379 Sensor.h:87] Deconstructing Sensor
I0914 23:59:28.388801 21379 Sensor.h:87] Deconstructing Sensor
I0914 23:59:28.388890 21379 Sensor.h:87] Deconstructing Sensor
I0914 23:59:28.388973 21379 Sensor.h:87] Deconstructing Sensor
I0914 23:59:28.389057 21379 Sensor.h:87] Deconstructing Sensor
I0914 23:59:28.389065 21379 Sensor.h:87] Deconstructing Sensor
I0914 23:59:28.391009 21379 Renderer.cpp:34] Deconstructing Renderer
I0914 23:59:28.391018 21379 WindowlessContext.h:17] Deconstructing WindowlessContext
I0914 23:59:28.397025 21379 Simulator.cpp:49] Deconstructing Simulator

2026-09-14 23:59:28,398 Episodes evaluated: 1
2026-09-14 23:59:28,398 Average episode steps_taken: 48.000000
2026-09-14 23:59:28,398 Average episode distance_to_goal: 5.332736
2026-09-14 23:59:28,398 Average episode success: 0.000000
2026-09-14 23:59:28,398 Average episode oracle_success: 1.000000
2026-09-14 23:59:28,398 Average episode path_length: 9.500002
2026-09-14 23:59:28,398 Average episode collisions: 0.000000
2026-09-14 23:59:28,398 Average episode spl: 0.000000
2026-09-14 23:59:28,398 Average episode ndtw: 0.000000
2026-09-14 23:59:28,398 Average episode sdtw: 0.000000
2026-09-14 23:59:28,398 Average episode ghost_cnt: 23.000000
100%|██████████| 1/1 [00:07<00:00,  7.99s/it]
2026-09-14 23:59:30,953 checkpoint_path: data/logs/checkpoints/release_r2r/ckpt.iter12000.pth
2026-09-14 23:59:30,954 Initializing dataset VLN-CE-v1
2026-09-14 23:59:30,975 SPLTI: custom, NUMBER OF SCENES: 1
2026-09-14 23:59:32,460 Initializing dataset VLN-CE-v1
2026-09-14 23:59:32,481 initializing sim Sim-v1
WARNING: Logging before InitGoogleLogging() is written to STDERR
I0914 23:59:32.487207 21655 ManagedContainerBase.cpp:19] ManagedContainerBase::convertFilenameToJSON : Filename : default changed to proposed JSON configuration filename : default.scene_dataset_config.json
I0914 23:59:32.487241 21655 AttributesManagerBase.h:283] AttributesManager<T>::createFromJsonOrDefaultInternal  (Dataset) : Proposing JSON name : default.scene_dataset_config.json from original name : default | This file  does not exist.
I0914 23:59:32.487282 21655 AssetAttributesManager.cpp:117] Asset attributes (capsule3DSolid : capsule3DSolid_hemiRings_4_cylRings_1_segments_12_halfLen_0.75_useTexCoords_false_useTangents_false) created and registered.
I0914 23:59:32.487298 21655 AssetAttributesManager.cpp:117] Asset attributes (capsule3DWireframe : capsule3DWireframe_hemiRings_8_cylRings_1_segments_16_halfLen_1) created and registered.
I0914 23:59:32.487313 21655 AssetAttributesManager.cpp:117] Asset attributes (coneSolid : coneSolid_segments_12_halfLen_1.25_rings_1_useTexCoords_false_useTangents_false_capEnd_true) created and registered.
I0914 23:59:32.487321 21655 AssetAttributesManager.cpp:117] Asset attributes (coneWireframe : coneWireframe_segments_32_halfLen_1.25) created and registered.
I0914 23:59:32.487326 21655 AssetAttributesManager.cpp:117] Asset attributes (cubeSolid : cubeSolid) created and registered.
I0914 23:59:32.487330 21655 AssetAttributesManager.cpp:117] Asset attributes (cubeWireframe : cubeWireframe) created and registered.
I0914 23:59:32.487344 21655 AssetAttributesManager.cpp:117] Asset attributes (cylinderSolid : cylinderSolid_rings_1_segments_12_halfLen_1_useTexCoords_false_useTangents_false_capEnds_true) created and registered.
I0914 23:59:32.487353 21655 AssetAttributesManager.cpp:117] Asset attributes (cylinderWireframe : cylinderWireframe_rings_1_segments_32_halfLen_1) created and registered.
I0914 23:59:32.487360 21655 AssetAttributesManager.cpp:117] Asset attributes (icosphereSolid : icosphereSolid_subdivs_1) created and registered.
I0914 23:59:32.487365 21655 AssetAttributesManager.cpp:117] Asset attributes (icosphereWireframe : icosphereWireframe_subdivs_1) created and registered.
I0914 23:59:32.487373 21655 AssetAttributesManager.cpp:117] Asset attributes (uvSphereSolid : uvSphereSolid_rings_8_segments_16_useTexCoords_false_useTangents_false) created and registered.
I0914 23:59:32.487386 21655 AssetAttributesManager.cpp:117] Asset attributes (uvSphereWireframe : uvSphereWireframe_rings_16_segments_32) created and registered.
I0914 23:59:32.487389 21655 AssetAttributesManager.cpp:105] AssetAttributesManager::buildCtorFuncPtrMaps : Built default primitive asset templates : 12
I0914 23:59:32.487668 21655 SceneDatasetAttributesManager.cpp:23] File (default) not found, so new default dataset attributes created and registered.
I0914 23:59:32.487669 21655 MetadataMediator.cpp:47] MetadataMediator::createDataset : Dataset default successfully created.
I0914 23:59:32.489696 21655 AttributesManagerBase.h:283] AttributesManager<T>::createFromJsonOrDefaultInternal  (Physics Manager) : Proposing JSON name : ./data/default.physics_config.json from original name : ./data/default.physics_config.json | This file  does not exist.
I0914 23:59:32.489707 21655 PhysicsAttributesManager.cpp:27] File (./data/default.physics_config.json) not found, so new default physics manager attributes created and registered.
I0914 23:59:32.489710 21655 AbstractObjectAttributesManagerBase.h:175] AbstractObjectAttributesManager<T>::createObject  (Stage) : Making attributes with handle : data/scene_datasets/mp3d/zsNo4HB9uLZ/zsNo4HB9uLZ.glb
I0914 23:59:32.489712 21655 ManagedContainerBase.cpp:19] ManagedContainerBase::convertFilenameToJSON : Filename : data/scene_datasets/mp3d/zsNo4HB9uLZ/zsNo4HB9uLZ.glb changed to proposed JSON configuration filename : data/scene_datasets/mp3d/zsNo4HB9uLZ/zsNo4HB9uLZ.stage_config.json
I0914 23:59:32.489718 21655 AttributesManagerBase.h:283] AttributesManager<T>::createFromJsonOrDefaultInternal  (Stage) : Proposing JSON name : data/scene_datasets/mp3d/zsNo4HB9uLZ/zsNo4HB9uLZ.stage_config.json from original name : data/scene_datasets/mp3d/zsNo4HB9uLZ/zsNo4HB9uLZ.glb | This file  does not exist.
I0914 23:59:32.489748 21655 AbstractObjectAttributesManagerBase.h:181] AbstractObjectAttributesManager<T>::createObject  (Stage) : Done making attributes with handle : data/scene_datasets/mp3d/zsNo4HB9uLZ/zsNo4HB9uLZ.glb
I0914 23:59:32.489749 21655 AbstractObjectAttributesManagerBase.h:188] File (data/scene_datasets/mp3d/zsNo4HB9uLZ/zsNo4HB9uLZ.glb) exists but is not a recognized config filename extension, so new default Stage attributes created and registered.
I0914 23:59:32.489753 21655 Simulator.cpp:156] Loading navmesh from data/scene_datasets/mp3d/zsNo4HB9uLZ/zsNo4HB9uLZ.navmesh
I0914 23:59:32.489810 21655 Simulator.cpp:158] Loaded.
I0914 23:59:32.489817 21655 SceneGraph.h:93] Created DrawableGroup: 
Renderer: NVIDIA T1000 8GB/PCIe/SSE2 by NVIDIA Corporation
OpenGL version: 4.6.0 NVIDIA 590.48.01
Using optional features:
    GL_ARB_ES2_compatibility
    GL_ARB_direct_state_access
    GL_ARB_get_texture_sub_image
    GL_ARB_invalidate_subdata
    GL_ARB_multi_bind
    GL_ARB_robustness
    GL_ARB_separate_shader_objects
    GL_ARB_texture_filter_anisotropic
    GL_ARB_texture_storage
    GL_ARB_texture_storage_multisample
    GL_ARB_vertex_array_object
    GL_KHR_debug
Using driver workarounds:
    no-forward-compatible-core-context
    nv-egl-incorrect-gl11-function-pointers
    no-layout-qualifiers-on-old-glsl
    nv-zero-context-profile-mask
    nv-implementation-color-read-format-dsa-broken
    nv-cubemap-inconsistent-compressed-image-size
    nv-cubemap-broken-full-compressed-image-query
    nv-compressed-block-size-in-bits
I0914 23:59:32.574292 21655 ResourceManager.cpp:234] ResourceManager::loadStage : Not loading semantic mesh
I0914 23:59:32.574299 21655 ResourceManager.cpp:262] ResourceManager::loadStage : start load render asset data/scene_datasets/mp3d/zsNo4HB9uLZ/zsNo4HB9uLZ.glb.
I0914 23:59:32.574301 21655 ResourceManager.cpp:569] ResourceManager::loadStageInternal : Attempting to load stage data/scene_datasets/mp3d/zsNo4HB9uLZ/zsNo4HB9uLZ.glb 
I0914 23:59:32.574312 21655 ResourceManager.cpp:1119] Importing Basis files as BC7 for zsNo4HB9uLZ.glb
W0914 23:59:33.442330 21655 Simulator.cpp:248] :
---
 The active scene does not contain semantic annotations. 
---
I0914 23:59:33.481364 21655 simulator.py:213] Loaded navmesh data/scene_datasets/mp3d/zsNo4HB9uLZ/zsNo4HB9uLZ.navmesh
2026-09-14 23:59:33,486 Initializing task VLN-v0
You are using a model of type bert to instantiate a model of type . This is not supported for all configurations of models and can yield errors.
Some weights of the model checkpoint at None were not used when initializing GlocalTextPathNavCMT: ['bert.global_encoder.encoder.x_layers.0.lang_self_att.self.query.weight', 'bert.global_encoder.encoder.x_layers.0.lang_self_att.self.value.weight', 'bert.global_encoder.encoder.x_layers.1.lang_inter.dense.weight', 'bert.global_encoder.encoder.x_layers.3.lang_self_att.self.value.weight', 'bert.global_encoder.encoder.x_layers.0.lang_self_att.self.key.bias', 'bert.global_encoder.encoder.x_layers.0.lang_output.LayerNorm.weight', 'bert.global_encoder.encoder.x_layers.0.lang_self_att.self.key.weight', 'bert.global_encoder.encoder.x_layers.1.lang_self_att.self.query.bias', 'mlm_head.predictions.transform.dense.bias', 'bert.global_encoder.encoder.x_layers.2.lang_self_att.output.dense.weight', 'bert.global_encoder.encoder.x_layers.0.lang_self_att.output.LayerNorm.weight', 'bert.global_encoder.encoder.x_layers.3.lang_output.LayerNorm.weight', 'bert.global_encoder.encoder.x_layers.1.lang_self_att.output.LayerNorm.bias', 'bert.global_encoder.encoder.x_layers.3.lang_self_att.output.LayerNorm.weight', 'bert.global_encoder.encoder.x_layers.3.lang_self_att.self.value.bias', 'bert.global_encoder.encoder.x_layers.2.lang_self_att.self.query.bias', 'bert.global_encoder.encoder.x_layers.1.lang_self_att.self.key.weight', 'bert.global_encoder.encoder.x_layers.3.lang_self_att.self.query.bias', 'bert.global_encoder.encoder.x_layers.1.lang_self_att.self.value.bias', 'bert.global_encoder.encoder.x_layers.1.lang_self_att.self.query.weight', 'bert.global_encoder.encoder.x_layers.2.lang_self_att.self.key.weight', 'bert.global_encoder.encoder.x_layers.1.lang_inter.dense.bias', 'bert.global_encoder.encoder.x_layers.3.lang_self_att.self.key.bias', 'bert.global_encoder.encoder.x_layers.0.lang_output.dense.weight', 'bert.global_encoder.encoder.x_layers.1.lang_self_att.self.key.bias', 'bert.global_encoder.encoder.x_layers.2.lang_inter.dense.weight', 'bert.global_encoder.encoder.x_layers.0.lang_self_att.output.LayerNorm.bias', 'bert.global_encoder.encoder.x_layers.0.lang_self_att.self.query.bias', 'bert.global_encoder.encoder.x_layers.2.lang_self_att.self.value.weight', 'bert.global_encoder.encoder.x_layers.0.lang_self_att.self.value.bias', 'bert.global_encoder.encoder.x_layers.0.lang_output.LayerNorm.bias', 'bert.global_encoder.encoder.x_layers.2.lang_output.LayerNorm.bias', 'mlm_head.predictions.transform.dense.weight', 'bert.global_encoder.encoder.x_layers.3.lang_self_att.output.dense.bias', 'bert.global_encoder.encoder.x_layers.1.lang_self_att.output.dense.bias', 'bert.global_encoder.encoder.x_layers.2.lang_self_att.output.LayerNorm.weight', 'bert.global_encoder.encoder.x_layers.3.lang_self_att.self.key.weight', 'bert.global_encoder.encoder.x_layers.3.lang_inter.dense.weight', 'bert.global_encoder.encoder.x_layers.0.lang_self_att.output.dense.bias', 'bert.global_encoder.encoder.x_layers.2.lang_self_att.self.value.bias', 'bert.global_encoder.encoder.x_layers.1.lang_self_att.self.value.weight', 'bert.global_encoder.encoder.x_layers.3.lang_inter.dense.bias', 'bert.global_encoder.encoder.x_layers.0.lang_inter.dense.weight', 'bert.global_encoder.encoder.x_layers.2.lang_self_att.self.query.weight', 'bert.global_encoder.encoder.x_layers.1.lang_self_att.output.dense.weight', 'mlm_head.predictions.transform.LayerNorm.bias', 'bert.global_encoder.encoder.x_layers.2.lang_output.dense.bias', 'bert.global_encoder.encoder.x_layers.0.lang_inter.dense.bias', 'mlm_head.predictions.decoder.weight', 'bert.global_encoder.encoder.x_layers.2.lang_output.dense.weight', 'mlm_head.predictions.bias', 'bert.global_encoder.encoder.x_layers.1.lang_self_att.output.LayerNorm.weight', 'mlm_head.predictions.transform.LayerNorm.weight', 'bert.global_encoder.encoder.x_layers.1.lang_output.LayerNorm.bias', 'bert.global_encoder.encoder.x_layers.0.lang_self_att.output.dense.weight', 'bert.global_encoder.encoder.x_layers.2.lang_output.LayerNorm.weight', 'bert.global_encoder.encoder.x_layers.3.lang_output.dense.weight', 'bert.global_encoder.encoder.x_layers.3.lang_output.dense.bias', 'bert.global_encoder.encoder.x_layers.2.lang_self_att.output.dense.bias', 'bert.global_encoder.encoder.x_layers.3.lang_self_att.output.LayerNorm.bias', 'bert.global_encoder.encoder.x_layers.2.lang_self_att.output.LayerNorm.bias', 'bert.global_encoder.encoder.x_layers.1.lang_output.dense.weight', 'bert.global_encoder.encoder.x_layers.3.lang_self_att.self.query.weight', 'bert.global_encoder.encoder.x_layers.1.lang_output.dense.bias', 'bert.global_encoder.encoder.x_layers.2.lang_inter.dense.bias', 'bert.global_encoder.encoder.x_layers.3.lang_output.LayerNorm.bias', 'bert.global_encoder.encoder.x_layers.2.lang_self_att.self.key.bias', 'bert.global_encoder.encoder.x_layers.3.lang_self_att.output.dense.weight', 'bert.global_encoder.encoder.x_layers.1.lang_output.LayerNorm.weight', 'bert.global_encoder.encoder.x_layers.0.lang_output.dense.bias']
- This IS expected if you are initializing GlocalTextPathNavCMT from the checkpoint of a model trained on another task or with another architecture (e.g. initializing a BertForSequenceClassification model from a BertForPreTraining model).
- This IS NOT expected if you are initializing GlocalTextPathNavCMT from the checkpoint of a model that you expect to be exactly identical (initializing a BertForSequenceClassification model from a BertForSequenceClassification model).
2026-09-14 23:59:39,026 Loaded weights from checkpoint: data/logs/checkpoints/release_r2r/ckpt.iter12000.pth, iteration: 12000
2026-09-14 23:59:39,028 Agent parameters: 299.14 MB. Trainable: 140.79 MB.
2026-09-14 23:59:39,028 Finished setting up policy.
local rank: 0 | dataset length: 1

Initalizing the ETP model ...
  0%|          | 0/1 [00:00<?, ?it/s]2026-09-14 23:59:44,433 Video created: data/logs/video/phrasing_5/zsNo4HB9uLZ-5-SPL0.00.mp4
  0%|          | 0/51 [00:00<?, ?it/s]IMAGEIO FFMPEG_WRITER WARNING: input image is not divisible by macro_block_size=16, resizing from (825, 256) to (832, 256) to ensure video compatibility with most codecs and players. To prevent resizing, make your input image divisible by the macro_block_size or set the macro_block_size to 1 (risking incompatibility).
[swscaler @ 0x5ffa86ae1f00] Warning: data is not aligned! This can lead to a speed loss
100%|██████████| 51/51 [00:00<00:00, 596.59it/s]100%|██████████| 1/1 [00:05<00:00,  5.58s/it]I0914 23:59:44.616309 21655 PhysicsManager.cpp:33] Deconstructing PhysicsManager
I0914 23:59:44.616339 21655 SemanticScene.h:41] Deconstructing SemanticScene
I0914 23:59:44.617898 21655 SceneManager.h:25] Deconstructing SceneManager
I0914 23:59:44.617908 21655 SceneGraph.h:26] Deconstructing SceneGraph
I0914 23:59:44.618196 21655 Sensor.h:87] Deconstructing Sensor
I0914 23:59:44.618367 21655 Sensor.h:87] Deconstructing Sensor
I0914 23:59:44.618471 21655 Sensor.h:87] Deconstructing Sensor
I0914 23:59:44.618563 21655 Sensor.h:87] Deconstructing Sensor
I0914 23:59:44.618654 21655 Sensor.h:87] Deconstructing Sensor
I0914 23:59:44.618748 21655 Sensor.h:87] Deconstructing Sensor
I0914 23:59:44.618839 21655 Sensor.h:87] Deconstructing Sensor
I0914 23:59:44.618925 21655 Sensor.h:87] Deconstructing Sensor
I0914 23:59:44.619014 21655 Sensor.h:87] Deconstructing Sensor
I0914 23:59:44.619102 21655 Sensor.h:87] Deconstructing Sensor
I0914 23:59:44.619194 21655 Sensor.h:87] Deconstructing Sensor
I0914 23:59:44.619283 21655 Sensor.h:87] Deconstructing Sensor
I0914 23:59:44.619383 21655 Sensor.h:87] Deconstructing Sensor
I0914 23:59:44.619511 21655 Sensor.h:87] Deconstructing Sensor
I0914 23:59:44.619627 21655 Sensor.h:87] Deconstructing Sensor
I0914 23:59:44.619740 21655 Sensor.h:87] Deconstructing Sensor
I0914 23:59:44.619858 21655 Sensor.h:87] Deconstructing Sensor
I0914 23:59:44.620020 21655 Sensor.h:87] Deconstructing Sensor
I0914 23:59:44.620164 21655 Sensor.h:87] Deconstructing Sensor
I0914 23:59:44.620299 21655 Sensor.h:87] Deconstructing Sensor
I0914 23:59:44.620414 21655 Sensor.h:87] Deconstructing Sensor
I0914 23:59:44.620528 21655 Sensor.h:87] Deconstructing Sensor
I0914 23:59:44.620646 21655 Sensor.h:87] Deconstructing Sensor
I0914 23:59:44.620754 21655 Sensor.h:87] Deconstructing Sensor
I0914 23:59:44.620846 21655 Sensor.h:87] Deconstructing Sensor
I0914 23:59:44.620934 21655 Sensor.h:87] Deconstructing Sensor
I0914 23:59:44.621021 21655 Sensor.h:87] Deconstructing Sensor
I0914 23:59:44.621107 21655 Sensor.h:87] Deconstructing Sensor
I0914 23:59:44.621198 21655 Sensor.h:87] Deconstructing Sensor
I0914 23:59:44.621208 21655 Sensor.h:87] Deconstructing Sensor
I0914 23:59:44.622967 21655 Renderer.cpp:34] Deconstructing Renderer
I0914 23:59:44.622977 21655 WindowlessContext.h:17] Deconstructing WindowlessContext
I0914 23:59:44.629024 21655 Simulator.cpp:49] Deconstructing Simulator

2026-09-14 23:59:44,630 Episodes evaluated: 1
2026-09-14 23:59:44,630 Average episode steps_taken: 50.000000
2026-09-14 23:59:44,630 Average episode distance_to_goal: 8.718442
2026-09-14 23:59:44,630 Average episode success: 0.000000
2026-09-14 23:59:44,630 Average episode oracle_success: 0.000000
2026-09-14 23:59:44,630 Average episode path_length: 6.000782
2026-09-14 23:59:44,630 Average episode collisions: 0.080000
2026-09-14 23:59:44,630 Average episode spl: 0.000000
2026-09-14 23:59:44,630 Average episode ndtw: 0.000018
2026-09-14 23:59:44,630 Average episode sdtw: 0.000000
2026-09-14 23:59:44,630 Average episode ghost_cnt: 17.000000
100%|██████████| 1/1 [00:05<00:00,  5.60s/it]
2026-09-14 23:59:47,174 checkpoint_path: data/logs/checkpoints/release_r2r/ckpt.iter12000.pth
2026-09-14 23:59:47,174 Initializing dataset VLN-CE-v1
2026-09-14 23:59:47,195 SPLTI: custom, NUMBER OF SCENES: 1
2026-09-14 23:59:48,701 Initializing dataset VLN-CE-v1
2026-09-14 23:59:48,721 initializing sim Sim-v1
WARNING: Logging before InitGoogleLogging() is written to STDERR
I0914 23:59:48.727785 21895 ManagedContainerBase.cpp:19] ManagedContainerBase::convertFilenameToJSON : Filename : default changed to proposed JSON configuration filename : default.scene_dataset_config.json
I0914 23:59:48.727814 21895 AttributesManagerBase.h:283] AttributesManager<T>::createFromJsonOrDefaultInternal  (Dataset) : Proposing JSON name : default.scene_dataset_config.json from original name : default | This file  does not exist.
I0914 23:59:48.727855 21895 AssetAttributesManager.cpp:117] Asset attributes (capsule3DSolid : capsule3DSolid_hemiRings_4_cylRings_1_segments_12_halfLen_0.75_useTexCoords_false_useTangents_false) created and registered.
I0914 23:59:48.727871 21895 AssetAttributesManager.cpp:117] Asset attributes (capsule3DWireframe : capsule3DWireframe_hemiRings_8_cylRings_1_segments_16_halfLen_1) created and registered.
I0914 23:59:48.727886 21895 AssetAttributesManager.cpp:117] Asset attributes (coneSolid : coneSolid_segments_12_halfLen_1.25_rings_1_useTexCoords_false_useTangents_false_capEnd_true) created and registered.
I0914 23:59:48.727900 21895 AssetAttributesManager.cpp:117] Asset attributes (coneWireframe : coneWireframe_segments_32_halfLen_1.25) created and registered.
I0914 23:59:48.727905 21895 AssetAttributesManager.cpp:117] Asset attributes (cubeSolid : cubeSolid) created and registered.
I0914 23:59:48.727909 21895 AssetAttributesManager.cpp:117] Asset attributes (cubeWireframe : cubeWireframe) created and registered.
I0914 23:59:48.727923 21895 AssetAttributesManager.cpp:117] Asset attributes (cylinderSolid : cylinderSolid_rings_1_segments_12_halfLen_1_useTexCoords_false_useTangents_false_capEnds_true) created and registered.
I0914 23:59:48.727933 21895 AssetAttributesManager.cpp:117] Asset attributes (cylinderWireframe : cylinderWireframe_rings_1_segments_32_halfLen_1) created and registered.
I0914 23:59:48.727939 21895 AssetAttributesManager.cpp:117] Asset attributes (icosphereSolid : icosphereSolid_subdivs_1) created and registered.
I0914 23:59:48.727950 21895 AssetAttributesManager.cpp:117] Asset attributes (icosphereWireframe : icosphereWireframe_subdivs_1) created and registered.
I0914 23:59:48.727959 21895 AssetAttributesManager.cpp:117] Asset attributes (uvSphereSolid : uvSphereSolid_rings_8_segments_16_useTexCoords_false_useTangents_false) created and registered.
I0914 23:59:48.727967 21895 AssetAttributesManager.cpp:117] Asset attributes (uvSphereWireframe : uvSphereWireframe_rings_16_segments_32) created and registered.
I0914 23:59:48.727969 21895 AssetAttributesManager.cpp:105] AssetAttributesManager::buildCtorFuncPtrMaps : Built default primitive asset templates : 12
I0914 23:59:48.728252 21895 SceneDatasetAttributesManager.cpp:23] File (default) not found, so new default dataset attributes created and registered.
I0914 23:59:48.728257 21895 MetadataMediator.cpp:47] MetadataMediator::createDataset : Dataset default successfully created.
I0914 23:59:48.730283 21895 AttributesManagerBase.h:283] AttributesManager<T>::createFromJsonOrDefaultInternal  (Physics Manager) : Proposing JSON name : ./data/default.physics_config.json from original name : ./data/default.physics_config.json | This file  does not exist.
I0914 23:59:48.730293 21895 PhysicsAttributesManager.cpp:27] File (./data/default.physics_config.json) not found, so new default physics manager attributes created and registered.
I0914 23:59:48.730295 21895 AbstractObjectAttributesManagerBase.h:175] AbstractObjectAttributesManager<T>::createObject  (Stage) : Making attributes with handle : data/scene_datasets/mp3d/zsNo4HB9uLZ/zsNo4HB9uLZ.glb
I0914 23:59:48.730298 21895 ManagedContainerBase.cpp:19] ManagedContainerBase::convertFilenameToJSON : Filename : data/scene_datasets/mp3d/zsNo4HB9uLZ/zsNo4HB9uLZ.glb changed to proposed JSON configuration filename : data/scene_datasets/mp3d/zsNo4HB9uLZ/zsNo4HB9uLZ.stage_config.json
I0914 23:59:48.730304 21895 AttributesManagerBase.h:283] AttributesManager<T>::createFromJsonOrDefaultInternal  (Stage) : Proposing JSON name : data/scene_datasets/mp3d/zsNo4HB9uLZ/zsNo4HB9uLZ.stage_config.json from original name : data/scene_datasets/mp3d/zsNo4HB9uLZ/zsNo4HB9uLZ.glb | This file  does not exist.
I0914 23:59:48.730334 21895 AbstractObjectAttributesManagerBase.h:181] AbstractObjectAttributesManager<T>::createObject  (Stage) : Done making attributes with handle : data/scene_datasets/mp3d/zsNo4HB9uLZ/zsNo4HB9uLZ.glb
I0914 23:59:48.730335 21895 AbstractObjectAttributesManagerBase.h:188] File (data/scene_datasets/mp3d/zsNo4HB9uLZ/zsNo4HB9uLZ.glb) exists but is not a recognized config filename extension, so new default Stage attributes created and registered.
I0914 23:59:48.730340 21895 Simulator.cpp:156] Loading navmesh from data/scene_datasets/mp3d/zsNo4HB9uLZ/zsNo4HB9uLZ.navmesh
I0914 23:59:48.730398 21895 Simulator.cpp:158] Loaded.
I0914 23:59:48.730404 21895 SceneGraph.h:93] Created DrawableGroup: 
Renderer: NVIDIA T1000 8GB/PCIe/SSE2 by NVIDIA Corporation
OpenGL version: 4.6.0 NVIDIA 590.48.01
Using optional features:
    GL_ARB_ES2_compatibility
    GL_ARB_direct_state_access
    GL_ARB_get_texture_sub_image
    GL_ARB_invalidate_subdata
    GL_ARB_multi_bind
    GL_ARB_robustness
    GL_ARB_separate_shader_objects
    GL_ARB_texture_filter_anisotropic
    GL_ARB_texture_storage
    GL_ARB_texture_storage_multisample
    GL_ARB_vertex_array_object
    GL_KHR_debug
Using driver workarounds:
    no-forward-compatible-core-context
    nv-egl-incorrect-gl11-function-pointers
    no-layout-qualifiers-on-old-glsl
    nv-zero-context-profile-mask
    nv-implementation-color-read-format-dsa-broken
    nv-cubemap-inconsistent-compressed-image-size
    nv-cubemap-broken-full-compressed-image-query
    nv-compressed-block-size-in-bits
I0914 23:59:48.827392 21895 ResourceManager.cpp:234] ResourceManager::loadStage : Not loading semantic mesh
I0914 23:59:48.827401 21895 ResourceManager.cpp:262] ResourceManager::loadStage : start load render asset data/scene_datasets/mp3d/zsNo4HB9uLZ/zsNo4HB9uLZ.glb.
I0914 23:59:48.827407 21895 ResourceManager.cpp:569] ResourceManager::loadStageInternal : Attempting to load stage data/scene_datasets/mp3d/zsNo4HB9uLZ/zsNo4HB9uLZ.glb 
I0914 23:59:48.827419 21895 ResourceManager.cpp:1119] Importing Basis files as BC7 for zsNo4HB9uLZ.glb
W0914 23:59:49.698443 21895 Simulator.cpp:248] :
---
 The active scene does not contain semantic annotations. 
---
I0914 23:59:49.737579 21895 simulator.py:213] Loaded navmesh data/scene_datasets/mp3d/zsNo4HB9uLZ/zsNo4HB9uLZ.navmesh
2026-09-14 23:59:49,742 Initializing task VLN-v0
You are using a model of type bert to instantiate a model of type . This is not supported for all configurations of models and can yield errors.
Some weights of the model checkpoint at None were not used when initializing GlocalTextPathNavCMT: ['bert.global_encoder.encoder.x_layers.0.lang_self_att.output.dense.weight', 'bert.global_encoder.encoder.x_layers.1.lang_self_att.self.key.bias', 'bert.global_encoder.encoder.x_layers.0.lang_output.dense.weight', 'bert.global_encoder.encoder.x_layers.1.lang_self_att.self.query.weight', 'bert.global_encoder.encoder.x_layers.1.lang_self_att.self.query.bias', 'bert.global_encoder.encoder.x_layers.3.lang_self_att.output.LayerNorm.weight', 'bert.global_encoder.encoder.x_layers.2.lang_self_att.output.LayerNorm.weight', 'bert.global_encoder.encoder.x_layers.1.lang_output.LayerNorm.weight', 'bert.global_encoder.encoder.x_layers.3.lang_self_att.output.dense.weight', 'bert.global_encoder.encoder.x_layers.3.lang_self_att.output.dense.bias', 'bert.global_encoder.encoder.x_layers.2.lang_inter.dense.weight', 'bert.global_encoder.encoder.x_layers.0.lang_inter.dense.bias', 'bert.global_encoder.encoder.x_layers.0.lang_self_att.self.key.weight', 'bert.global_encoder.encoder.x_layers.0.lang_output.LayerNorm.weight', 'bert.global_encoder.encoder.x_layers.0.lang_self_att.self.key.bias', 'bert.global_encoder.encoder.x_layers.1.lang_self_att.output.LayerNorm.weight', 'bert.global_encoder.encoder.x_layers.1.lang_output.dense.weight', 'bert.global_encoder.encoder.x_layers.0.lang_inter.dense.weight', 'bert.global_encoder.encoder.x_layers.1.lang_inter.dense.weight', 'bert.global_encoder.encoder.x_layers.1.lang_output.dense.bias', 'bert.global_encoder.encoder.x_layers.2.lang_self_att.self.query.weight', 'bert.global_encoder.encoder.x_layers.2.lang_output.dense.weight', 'bert.global_encoder.encoder.x_layers.0.lang_self_att.output.dense.bias', 'bert.global_encoder.encoder.x_layers.3.lang_output.LayerNorm.weight', 'mlm_head.predictions.bias', 'bert.global_encoder.encoder.x_layers.1.lang_self_att.output.dense.bias', 'bert.global_encoder.encoder.x_layers.0.lang_self_att.self.value.bias', 'bert.global_encoder.encoder.x_layers.2.lang_self_att.output.dense.bias', 'bert.global_encoder.encoder.x_layers.0.lang_self_att.self.query.weight', 'bert.global_encoder.encoder.x_layers.2.lang_output.dense.bias', 'bert.global_encoder.encoder.x_layers.3.lang_inter.dense.weight', 'bert.global_encoder.encoder.x_layers.1.lang_inter.dense.bias', 'bert.global_encoder.encoder.x_layers.1.lang_self_att.self.value.bias', 'bert.global_encoder.encoder.x_layers.3.lang_self_att.output.LayerNorm.bias', 'bert.global_encoder.encoder.x_layers.2.lang_self_att.self.value.bias', 'bert.global_encoder.encoder.x_layers.1.lang_self_att.output.LayerNorm.bias', 'bert.global_encoder.encoder.x_layers.0.lang_self_att.output.LayerNorm.weight', 'bert.global_encoder.encoder.x_layers.0.lang_self_att.self.query.bias', 'bert.global_encoder.encoder.x_layers.2.lang_self_att.self.key.weight', 'bert.global_encoder.encoder.x_layers.3.lang_self_att.self.query.bias', 'bert.global_encoder.encoder.x_layers.1.lang_output.LayerNorm.bias', 'bert.global_encoder.encoder.x_layers.3.lang_self_att.self.query.weight', 'bert.global_encoder.encoder.x_layers.3.lang_output.dense.bias', 'bert.global_encoder.encoder.x_layers.2.lang_self_att.output.dense.weight', 'bert.global_encoder.encoder.x_layers.3.lang_self_att.self.value.weight', 'bert.global_encoder.encoder.x_layers.3.lang_output.LayerNorm.bias', 'mlm_head.predictions.transform.dense.bias', 'mlm_head.predictions.decoder.weight', 'bert.global_encoder.encoder.x_layers.3.lang_self_att.self.key.bias', 'bert.global_encoder.encoder.x_layers.0.lang_output.dense.bias', 'bert.global_encoder.encoder.x_layers.3.lang_output.dense.weight', 'bert.global_encoder.encoder.x_layers.2.lang_self_att.self.key.bias', 'mlm_head.predictions.transform.LayerNorm.bias', 'bert.global_encoder.encoder.x_layers.2.lang_self_att.self.query.bias', 'mlm_head.predictions.transform.LayerNorm.weight', 'bert.global_encoder.encoder.x_layers.3.lang_inter.dense.bias', 'bert.global_encoder.encoder.x_layers.3.lang_self_att.self.value.bias', 'bert.global_encoder.encoder.x_layers.0.lang_self_att.self.value.weight', 'bert.global_encoder.encoder.x_layers.1.lang_self_att.self.value.weight', 'bert.global_encoder.encoder.x_layers.2.lang_output.LayerNorm.weight', 'bert.global_encoder.encoder.x_layers.0.lang_self_att.output.LayerNorm.bias', 'mlm_head.predictions.transform.dense.weight', 'bert.global_encoder.encoder.x_layers.1.lang_self_att.output.dense.weight', 'bert.global_encoder.encoder.x_layers.0.lang_output.LayerNorm.bias', 'bert.global_encoder.encoder.x_layers.2.lang_inter.dense.bias', 'bert.global_encoder.encoder.x_layers.2.lang_output.LayerNorm.bias', 'bert.global_encoder.encoder.x_layers.3.lang_self_att.self.key.weight', 'bert.global_encoder.encoder.x_layers.1.lang_self_att.self.key.weight', 'bert.global_encoder.encoder.x_layers.2.lang_self_att.self.value.weight', 'bert.global_encoder.encoder.x_layers.2.lang_self_att.output.LayerNorm.bias']
- This IS expected if you are initializing GlocalTextPathNavCMT from the checkpoint of a model trained on another task or with another architecture (e.g. initializing a BertForSequenceClassification model from a BertForPreTraining model).
- This IS NOT expected if you are initializing GlocalTextPathNavCMT from the checkpoint of a model that you expect to be exactly identical (initializing a BertForSequenceClassification model from a BertForSequenceClassification model).
2026-09-14 23:59:55,721 Loaded weights from checkpoint: data/logs/checkpoints/release_r2r/ckpt.iter12000.pth, iteration: 12000
2026-09-14 23:59:55,724 Agent parameters: 299.14 MB. Trainable: 140.79 MB.
2026-09-14 23:59:55,724 Finished setting up policy.
local rank: 0 | dataset length: 1

Initalizing the ETP model ...
  0%|          | 0/1 [00:00<?, ?it/s]2026-09-15 00:00:01,131 Video created: data/logs/video/phrasing_6/zsNo4HB9uLZ-6-SPL0.00.mp4
  0%|          | 0/51 [00:00<?, ?it/s]IMAGEIO FFMPEG_WRITER WARNING: input image is not divisible by macro_block_size=16, resizing from (825, 256) to (832, 256) to ensure video compatibility with most codecs and players. To prevent resizing, make your input image divisible by the macro_block_size or set the macro_block_size to 1 (risking incompatibility).
[swscaler @ 0x625e0d9fcf00] Warning: data is not aligned! This can lead to a speed loss
100%|██████████| 51/51 [00:00<00:00, 543.32it/s]100%|██████████| 1/1 [00:05<00:00,  5.59s/it]I0915 00:00:01.323841 21895 PhysicsManager.cpp:33] Deconstructing PhysicsManager
I0915 00:00:01.323865 21895 SemanticScene.h:41] Deconstructing SemanticScene
I0915 00:00:01.325496 21895 SceneManager.h:25] Deconstructing SceneManager
I0915 00:00:01.325505 21895 SceneGraph.h:26] Deconstructing SceneGraph
I0915 00:00:01.325778 21895 Sensor.h:87] Deconstructing Sensor
I0915 00:00:01.325942 21895 Sensor.h:87] Deconstructing Sensor
I0915 00:00:01.326042 21895 Sensor.h:87] Deconstructing Sensor
I0915 00:00:01.326134 21895 Sensor.h:87] Deconstructing Sensor
I0915 00:00:01.326236 21895 Sensor.h:87] Deconstructing Sensor
I0915 00:00:01.326332 21895 Sensor.h:87] Deconstructing Sensor
I0915 00:00:01.326422 21895 Sensor.h:87] Deconstructing Sensor
I0915 00:00:01.326517 21895 Sensor.h:87] Deconstructing Sensor
I0915 00:00:01.326608 21895 Sensor.h:87] Deconstructing Sensor
I0915 00:00:01.326697 21895 Sensor.h:87] Deconstructing Sensor
I0915 00:00:01.326786 21895 Sensor.h:87] Deconstructing Sensor
I0915 00:00:01.326870 21895 Sensor.h:87] Deconstructing Sensor
I0915 00:00:01.326968 21895 Sensor.h:87] Deconstructing Sensor
I0915 00:00:01.327085 21895 Sensor.h:87] Deconstructing Sensor
I0915 00:00:01.327203 21895 Sensor.h:87] Deconstructing Sensor
I0915 00:00:01.327315 21895 Sensor.h:87] Deconstructing Sensor
I0915 00:00:01.327425 21895 Sensor.h:87] Deconstructing Sensor
I0915 00:00:01.327544 21895 Sensor.h:87] Deconstructing Sensor
I0915 00:00:01.327659 21895 Sensor.h:87] Deconstructing Sensor
I0915 00:00:01.327771 21895 Sensor.h:87] Deconstructing Sensor
I0915 00:00:01.327880 21895 Sensor.h:87] Deconstructing Sensor
I0915 00:00:01.327992 21895 Sensor.h:87] Deconstructing Sensor
I0915 00:00:01.328101 21895 Sensor.h:87] Deconstructing Sensor
I0915 00:00:01.328207 21895 Sensor.h:87] Deconstructing Sensor
I0915 00:00:01.328299 21895 Sensor.h:87] Deconstructing Sensor
I0915 00:00:01.328388 21895 Sensor.h:87] Deconstructing Sensor
I0915 00:00:01.328478 21895 Sensor.h:87] Deconstructing Sensor
I0915 00:00:01.328567 21895 Sensor.h:87] Deconstructing Sensor
I0915 00:00:01.328651 21895 Sensor.h:87] Deconstructing Sensor
I0915 00:00:01.328658 21895 Sensor.h:87] Deconstructing Sensor
I0915 00:00:01.330701 21895 Renderer.cpp:34] Deconstructing Renderer
I0915 00:00:01.330710 21895 WindowlessContext.h:17] Deconstructing WindowlessContext
I0915 00:00:01.337105 21895 Simulator.cpp:49] Deconstructing Simulator

2026-09-15 00:00:01,338 Episodes evaluated: 1
2026-09-15 00:00:01,338 Average episode steps_taken: 50.000000
2026-09-15 00:00:01,338 Average episode distance_to_goal: 8.718442
2026-09-15 00:00:01,338 Average episode success: 0.000000
2026-09-15 00:00:01,338 Average episode oracle_success: 0.000000
2026-09-15 00:00:01,338 Average episode path_length: 6.000782
2026-09-15 00:00:01,338 Average episode collisions: 0.080000
2026-09-15 00:00:01,338 Average episode spl: 0.000000
2026-09-15 00:00:01,338 Average episode ndtw: 0.000018
2026-09-15 00:00:01,338 Average episode sdtw: 0.000000
2026-09-15 00:00:01,338 Average episode ghost_cnt: 17.000000
100%|██████████| 1/1 [00:05<00:00,  5.61s/it]
2026-09-15 00:00:03,946 checkpoint_path: data/logs/checkpoints/release_r2r/ckpt.iter12000.pth
2026-09-15 00:00:03,947 Initializing dataset VLN-CE-v1
2026-09-15 00:00:03,967 SPLTI: custom, NUMBER OF SCENES: 1
2026-09-15 00:00:05,455 Initializing dataset VLN-CE-v1
2026-09-15 00:00:05,476 initializing sim Sim-v1
WARNING: Logging before InitGoogleLogging() is written to STDERR
I0915 00:00:05.481631 22183 ManagedContainerBase.cpp:19] ManagedContainerBase::convertFilenameToJSON : Filename : default changed to proposed JSON configuration filename : default.scene_dataset_config.json
I0915 00:00:05.481657 22183 AttributesManagerBase.h:283] AttributesManager<T>::createFromJsonOrDefaultInternal  (Dataset) : Proposing JSON name : default.scene_dataset_config.json from original name : default | This file  does not exist.
I0915 00:00:05.481696 22183 AssetAttributesManager.cpp:117] Asset attributes (capsule3DSolid : capsule3DSolid_hemiRings_4_cylRings_1_segments_12_halfLen_0.75_useTexCoords_false_useTangents_false) created and registered.
I0915 00:00:05.481712 22183 AssetAttributesManager.cpp:117] Asset attributes (capsule3DWireframe : capsule3DWireframe_hemiRings_8_cylRings_1_segments_16_halfLen_1) created and registered.
I0915 00:00:05.481729 22183 AssetAttributesManager.cpp:117] Asset attributes (coneSolid : coneSolid_segments_12_halfLen_1.25_rings_1_useTexCoords_false_useTangents_false_capEnd_true) created and registered.
I0915 00:00:05.481743 22183 AssetAttributesManager.cpp:117] Asset attributes (coneWireframe : coneWireframe_segments_32_halfLen_1.25) created and registered.
I0915 00:00:05.481750 22183 AssetAttributesManager.cpp:117] Asset attributes (cubeSolid : cubeSolid) created and registered.
I0915 00:00:05.481753 22183 AssetAttributesManager.cpp:117] Asset attributes (cubeWireframe : cubeWireframe) created and registered.
I0915 00:00:05.481766 22183 AssetAttributesManager.cpp:117] Asset attributes (cylinderSolid : cylinderSolid_rings_1_segments_12_halfLen_1_useTexCoords_false_useTangents_false_capEnds_true) created and registered.
I0915 00:00:05.481782 22183 AssetAttributesManager.cpp:117] Asset attributes (cylinderWireframe : cylinderWireframe_rings_1_segments_32_halfLen_1) created and registered.
I0915 00:00:05.481788 22183 AssetAttributesManager.cpp:117] Asset attributes (icosphereSolid : icosphereSolid_subdivs_1) created and registered.
I0915 00:00:05.481794 22183 AssetAttributesManager.cpp:117] Asset attributes (icosphereWireframe : icosphereWireframe_subdivs_1) created and registered.
I0915 00:00:05.481802 22183 AssetAttributesManager.cpp:117] Asset attributes (uvSphereSolid : uvSphereSolid_rings_8_segments_16_useTexCoords_false_useTangents_false) created and registered.
I0915 00:00:05.481809 22183 AssetAttributesManager.cpp:117] Asset attributes (uvSphereWireframe : uvSphereWireframe_rings_16_segments_32) created and registered.
I0915 00:00:05.481812 22183 AssetAttributesManager.cpp:105] AssetAttributesManager::buildCtorFuncPtrMaps : Built default primitive asset templates : 12
I0915 00:00:05.482077 22183 SceneDatasetAttributesManager.cpp:23] File (default) not found, so new default dataset attributes created and registered.
I0915 00:00:05.482079 22183 MetadataMediator.cpp:47] MetadataMediator::createDataset : Dataset default successfully created.
I0915 00:00:05.484087 22183 AttributesManagerBase.h:283] AttributesManager<T>::createFromJsonOrDefaultInternal  (Physics Manager) : Proposing JSON name : ./data/default.physics_config.json from original name : ./data/default.physics_config.json | This file  does not exist.
I0915 00:00:05.484097 22183 PhysicsAttributesManager.cpp:27] File (./data/default.physics_config.json) not found, so new default physics manager attributes created and registered.
I0915 00:00:05.484099 22183 AbstractObjectAttributesManagerBase.h:175] AbstractObjectAttributesManager<T>::createObject  (Stage) : Making attributes with handle : data/scene_datasets/mp3d/zsNo4HB9uLZ/zsNo4HB9uLZ.glb
I0915 00:00:05.484102 22183 ManagedContainerBase.cpp:19] ManagedContainerBase::convertFilenameToJSON : Filename : data/scene_datasets/mp3d/zsNo4HB9uLZ/zsNo4HB9uLZ.glb changed to proposed JSON configuration filename : data/scene_datasets/mp3d/zsNo4HB9uLZ/zsNo4HB9uLZ.stage_config.json
I0915 00:00:05.484107 22183 AttributesManagerBase.h:283] AttributesManager<T>::createFromJsonOrDefaultInternal  (Stage) : Proposing JSON name : data/scene_datasets/mp3d/zsNo4HB9uLZ/zsNo4HB9uLZ.stage_config.json from original name : data/scene_datasets/mp3d/zsNo4HB9uLZ/zsNo4HB9uLZ.glb | This file  does not exist.
I0915 00:00:05.484136 22183 AbstractObjectAttributesManagerBase.h:181] AbstractObjectAttributesManager<T>::createObject  (Stage) : Done making attributes with handle : data/scene_datasets/mp3d/zsNo4HB9uLZ/zsNo4HB9uLZ.glb
I0915 00:00:05.484138 22183 AbstractObjectAttributesManagerBase.h:188] File (data/scene_datasets/mp3d/zsNo4HB9uLZ/zsNo4HB9uLZ.glb) exists but is not a recognized config filename extension, so new default Stage attributes created and registered.
I0915 00:00:05.484141 22183 Simulator.cpp:156] Loading navmesh from data/scene_datasets/mp3d/zsNo4HB9uLZ/zsNo4HB9uLZ.navmesh
I0915 00:00:05.484198 22183 Simulator.cpp:158] Loaded.
I0915 00:00:05.484205 22183 SceneGraph.h:93] Created DrawableGroup: 
Renderer: NVIDIA T1000 8GB/PCIe/SSE2 by NVIDIA Corporation
OpenGL version: 4.6.0 NVIDIA 590.48.01
Using optional features:
    GL_ARB_ES2_compatibility
    GL_ARB_direct_state_access
    GL_ARB_get_texture_sub_image
    GL_ARB_invalidate_subdata
    GL_ARB_multi_bind
    GL_ARB_robustness
    GL_ARB_separate_shader_objects
    GL_ARB_texture_filter_anisotropic
    GL_ARB_texture_storage
    GL_ARB_texture_storage_multisample
    GL_ARB_vertex_array_object
    GL_KHR_debug
Using driver workarounds:
    no-forward-compatible-core-context
    nv-egl-incorrect-gl11-function-pointers
    no-layout-qualifiers-on-old-glsl
    nv-zero-context-profile-mask
    nv-implementation-color-read-format-dsa-broken
    nv-cubemap-inconsistent-compressed-image-size
    nv-cubemap-broken-full-compressed-image-query
    nv-compressed-block-size-in-bits
I0915 00:00:05.582749 22183 ResourceManager.cpp:234] ResourceManager::loadStage : Not loading semantic mesh
I0915 00:00:05.582758 22183 ResourceManager.cpp:262] ResourceManager::loadStage : start load render asset data/scene_datasets/mp3d/zsNo4HB9uLZ/zsNo4HB9uLZ.glb.
I0915 00:00:05.582760 22183 ResourceManager.cpp:569] ResourceManager::loadStageInternal : Attempting to load stage data/scene_datasets/mp3d/zsNo4HB9uLZ/zsNo4HB9uLZ.glb 
I0915 00:00:05.582772 22183 ResourceManager.cpp:1119] Importing Basis files as BC7 for zsNo4HB9uLZ.glb
W0915 00:00:06.447585 22183 Simulator.cpp:248] :
---
 The active scene does not contain semantic annotations. 
---
I0915 00:00:06.486692 22183 simulator.py:213] Loaded navmesh data/scene_datasets/mp3d/zsNo4HB9uLZ/zsNo4HB9uLZ.navmesh
2026-09-15 00:00:06,491 Initializing task VLN-v0
You are using a model of type bert to instantiate a model of type . This is not supported for all configurations of models and can yield errors.
Some weights of the model checkpoint at None were not used when initializing GlocalTextPathNavCMT: ['bert.global_encoder.encoder.x_layers.0.lang_self_att.self.value.bias', 'bert.global_encoder.encoder.x_layers.0.lang_self_att.output.dense.weight', 'bert.global_encoder.encoder.x_layers.3.lang_inter.dense.weight', 'bert.global_encoder.encoder.x_layers.3.lang_self_att.self.query.bias', 'mlm_head.predictions.transform.dense.bias', 'bert.global_encoder.encoder.x_layers.2.lang_self_att.output.dense.bias', 'bert.global_encoder.encoder.x_layers.2.lang_output.LayerNorm.weight', 'bert.global_encoder.encoder.x_layers.1.lang_self_att.output.dense.bias', 'bert.global_encoder.encoder.x_layers.2.lang_self_att.self.value.weight', 'mlm_head.predictions.decoder.weight', 'bert.global_encoder.encoder.x_layers.2.lang_self_att.output.LayerNorm.weight', 'bert.global_encoder.encoder.x_layers.2.lang_output.dense.bias', 'bert.global_encoder.encoder.x_layers.1.lang_self_att.output.dense.weight', 'bert.global_encoder.encoder.x_layers.0.lang_self_att.self.query.bias', 'bert.global_encoder.encoder.x_layers.0.lang_self_att.self.key.bias', 'bert.global_encoder.encoder.x_layers.2.lang_self_att.output.dense.weight', 'bert.global_encoder.encoder.x_layers.2.lang_output.LayerNorm.bias', 'bert.global_encoder.encoder.x_layers.3.lang_self_att.self.query.weight', 'bert.global_encoder.encoder.x_layers.2.lang_inter.dense.bias', 'bert.global_encoder.encoder.x_layers.3.lang_self_att.output.dense.bias', 'bert.global_encoder.encoder.x_layers.0.lang_self_att.self.value.weight', 'bert.global_encoder.encoder.x_layers.0.lang_self_att.output.dense.bias', 'bert.global_encoder.encoder.x_layers.1.lang_output.LayerNorm.bias', 'bert.global_encoder.encoder.x_layers.3.lang_self_att.output.dense.weight', 'mlm_head.predictions.transform.LayerNorm.weight', 'mlm_head.predictions.transform.LayerNorm.bias', 'bert.global_encoder.encoder.x_layers.0.lang_output.LayerNorm.bias', 'bert.global_encoder.encoder.x_layers.3.lang_output.dense.weight', 'bert.global_encoder.encoder.x_layers.0.lang_inter.dense.weight', 'bert.global_encoder.encoder.x_layers.2.lang_self_att.self.key.weight', 'bert.global_encoder.encoder.x_layers.2.lang_inter.dense.weight', 'bert.global_encoder.encoder.x_layers.3.lang_self_att.self.value.weight', 'bert.global_encoder.encoder.x_layers.0.lang_output.dense.bias', 'bert.global_encoder.encoder.x_layers.2.lang_self_att.self.query.weight', 'bert.global_encoder.encoder.x_layers.1.lang_self_att.output.LayerNorm.bias', 'bert.global_encoder.encoder.x_layers.3.lang_self_att.self.key.weight', 'bert.global_encoder.encoder.x_layers.0.lang_self_att.self.key.weight', 'bert.global_encoder.encoder.x_layers.0.lang_inter.dense.bias', 'bert.global_encoder.encoder.x_layers.1.lang_self_att.self.key.weight', 'bert.global_encoder.encoder.x_layers.1.lang_self_att.self.key.bias', 'bert.global_encoder.encoder.x_layers.3.lang_self_att.output.LayerNorm.bias', 'mlm_head.predictions.bias', 'bert.global_encoder.encoder.x_layers.2.lang_self_att.output.LayerNorm.bias', 'bert.global_encoder.encoder.x_layers.3.lang_self_att.output.LayerNorm.weight', 'bert.global_encoder.encoder.x_layers.3.lang_inter.dense.bias', 'bert.global_encoder.encoder.x_layers.0.lang_self_att.output.LayerNorm.weight', 'bert.global_encoder.encoder.x_layers.1.lang_output.dense.weight', 'bert.global_encoder.encoder.x_layers.1.lang_self_att.output.LayerNorm.weight', 'bert.global_encoder.encoder.x_layers.1.lang_self_att.self.value.bias', 'bert.global_encoder.encoder.x_layers.1.lang_output.LayerNorm.weight', 'bert.global_encoder.encoder.x_layers.1.lang_self_att.self.query.weight', 'bert.global_encoder.encoder.x_layers.2.lang_output.dense.weight', 'bert.global_encoder.encoder.x_layers.3.lang_self_att.self.value.bias', 'bert.global_encoder.encoder.x_layers.3.lang_self_att.self.key.bias', 'bert.global_encoder.encoder.x_layers.3.lang_output.LayerNorm.bias', 'bert.global_encoder.encoder.x_layers.1.lang_self_att.self.query.bias', 'bert.global_encoder.encoder.x_layers.2.lang_self_att.self.value.bias', 'bert.global_encoder.encoder.x_layers.2.lang_self_att.self.key.bias', 'bert.global_encoder.encoder.x_layers.0.lang_output.dense.weight', 'bert.global_encoder.encoder.x_layers.0.lang_output.LayerNorm.weight', 'bert.global_encoder.encoder.x_layers.1.lang_self_att.self.value.weight', 'bert.global_encoder.encoder.x_layers.2.lang_self_att.self.query.bias', 'bert.global_encoder.encoder.x_layers.3.lang_output.LayerNorm.weight', 'mlm_head.predictions.transform.dense.weight', 'bert.global_encoder.encoder.x_layers.1.lang_output.dense.bias', 'bert.global_encoder.encoder.x_layers.0.lang_self_att.self.query.weight', 'bert.global_encoder.encoder.x_layers.1.lang_inter.dense.weight', 'bert.global_encoder.encoder.x_layers.3.lang_output.dense.bias', 'bert.global_encoder.encoder.x_layers.0.lang_self_att.output.LayerNorm.bias', 'bert.global_encoder.encoder.x_layers.1.lang_inter.dense.bias']
- This IS expected if you are initializing GlocalTextPathNavCMT from the checkpoint of a model trained on another task or with another architecture (e.g. initializing a BertForSequenceClassification model from a BertForPreTraining model).
- This IS NOT expected if you are initializing GlocalTextPathNavCMT from the checkpoint of a model that you expect to be exactly identical (initializing a BertForSequenceClassification model from a BertForSequenceClassification model).
2026-09-15 00:00:12,351 Loaded weights from checkpoint: data/logs/checkpoints/release_r2r/ckpt.iter12000.pth, iteration: 12000
2026-09-15 00:00:12,353 Agent parameters: 299.14 MB. Trainable: 140.79 MB.
2026-09-15 00:00:12,353 Finished setting up policy.
local rank: 0 | dataset length: 1

Initalizing the ETP model ...
  0%|          | 0/1 [00:00<?, ?it/s]2026-09-15 00:00:17,780 Video created: data/logs/video/phrasing_7/zsNo4HB9uLZ-7-SPL0.00.mp4
  0%|          | 0/51 [00:00<?, ?it/s]IMAGEIO FFMPEG_WRITER WARNING: input image is not divisible by macro_block_size=16, resizing from (825, 256) to (832, 256) to ensure video compatibility with most codecs and players. To prevent resizing, make your input image divisible by the macro_block_size or set the macro_block_size to 1 (risking incompatibility).
[swscaler @ 0x619c99f89f00] Warning: data is not aligned! This can lead to a speed loss
100%|██████████| 51/51 [00:00<00:00, 569.30it/s]100%|██████████| 1/1 [00:05<00:00,  5.61s/it]I0915 00:00:17.970530 22183 PhysicsManager.cpp:33] Deconstructing PhysicsManager
I0915 00:00:17.970553 22183 SemanticScene.h:41] Deconstructing SemanticScene
I0915 00:00:17.972101 22183 SceneManager.h:25] Deconstructing SceneManager
I0915 00:00:17.972110 22183 SceneGraph.h:26] Deconstructing SceneGraph
I0915 00:00:17.972386 22183 Sensor.h:87] Deconstructing Sensor
I0915 00:00:17.972558 22183 Sensor.h:87] Deconstructing Sensor
I0915 00:00:17.972668 22183 Sensor.h:87] Deconstructing Sensor
I0915 00:00:17.972759 22183 Sensor.h:87] Deconstructing Sensor
I0915 00:00:17.972846 22183 Sensor.h:87] Deconstructing Sensor
I0915 00:00:17.972940 22183 Sensor.h:87] Deconstructing Sensor
I0915 00:00:17.973029 22183 Sensor.h:87] Deconstructing Sensor
I0915 00:00:17.973119 22183 Sensor.h:87] Deconstructing Sensor
I0915 00:00:17.973217 22183 Sensor.h:87] Deconstructing Sensor
I0915 00:00:17.973306 22183 Sensor.h:87] Deconstructing Sensor
I0915 00:00:17.973394 22183 Sensor.h:87] Deconstructing Sensor
I0915 00:00:17.973480 22183 Sensor.h:87] Deconstructing Sensor
I0915 00:00:17.973572 22183 Sensor.h:87] Deconstructing Sensor
I0915 00:00:17.973685 22183 Sensor.h:87] Deconstructing Sensor
I0915 00:00:17.973798 22183 Sensor.h:87] Deconstructing Sensor
I0915 00:00:17.973906 22183 Sensor.h:87] Deconstructing Sensor
I0915 00:00:17.974013 22183 Sensor.h:87] Deconstructing Sensor
I0915 00:00:17.974128 22183 Sensor.h:87] Deconstructing Sensor
I0915 00:00:17.974249 22183 Sensor.h:87] Deconstructing Sensor
I0915 00:00:17.974359 22183 Sensor.h:87] Deconstructing Sensor
I0915 00:00:17.974466 22183 Sensor.h:87] Deconstructing Sensor
I0915 00:00:17.974579 22183 Sensor.h:87] Deconstructing Sensor
I0915 00:00:17.974687 22183 Sensor.h:87] Deconstructing Sensor
I0915 00:00:17.974784 22183 Sensor.h:87] Deconstructing Sensor
I0915 00:00:17.974876 22183 Sensor.h:87] Deconstructing Sensor
I0915 00:00:17.974963 22183 Sensor.h:87] Deconstructing Sensor
I0915 00:00:17.975049 22183 Sensor.h:87] Deconstructing Sensor
I0915 00:00:17.975133 22183 Sensor.h:87] Deconstructing Sensor
I0915 00:00:17.975224 22183 Sensor.h:87] Deconstructing Sensor
I0915 00:00:17.975234 22183 Sensor.h:87] Deconstructing Sensor
I0915 00:00:17.977523 22183 Renderer.cpp:34] Deconstructing Renderer
I0915 00:00:17.977537 22183 WindowlessContext.h:17] Deconstructing WindowlessContext
I0915 00:00:17.983795 22183 Simulator.cpp:49] Deconstructing Simulator

2026-09-15 00:00:17,984 Episodes evaluated: 1
2026-09-15 00:00:17,985 Average episode steps_taken: 50.000000
2026-09-15 00:00:17,985 Average episode distance_to_goal: 8.718442
2026-09-15 00:00:17,985 Average episode success: 0.000000
2026-09-15 00:00:17,985 Average episode oracle_success: 0.000000
2026-09-15 00:00:17,985 Average episode path_length: 6.000782
2026-09-15 00:00:17,985 Average episode collisions: 0.080000
2026-09-15 00:00:17,985 Average episode spl: 0.000000
2026-09-15 00:00:17,985 Average episode ndtw: 0.000018
2026-09-15 00:00:17,985 Average episode sdtw: 0.000000
2026-09-15 00:00:17,985 Average episode ghost_cnt: 17.000000
100%|██████████| 1/1 [00:05<00:00,  5.63s/it]
2026-09-15 00:00:20,635 checkpoint_path: data/logs/checkpoints/release_r2r/ckpt.iter12000.pth
2026-09-15 00:00:20,635 Initializing dataset VLN-CE-v1
2026-09-15 00:00:20,656 SPLTI: custom, NUMBER OF SCENES: 1
2026-09-15 00:00:22,150 Initializing dataset VLN-CE-v1
2026-09-15 00:00:22,170 initializing sim Sim-v1
WARNING: Logging before InitGoogleLogging() is written to STDERR
I0915 00:00:22.176826 22433 ManagedContainerBase.cpp:19] ManagedContainerBase::convertFilenameToJSON : Filename : default changed to proposed JSON configuration filename : default.scene_dataset_config.json
I0915 00:00:22.176846 22433 AttributesManagerBase.h:283] AttributesManager<T>::createFromJsonOrDefaultInternal  (Dataset) : Proposing JSON name : default.scene_dataset_config.json from original name : default | This file  does not exist.
I0915 00:00:22.176889 22433 AssetAttributesManager.cpp:117] Asset attributes (capsule3DSolid : capsule3DSolid_hemiRings_4_cylRings_1_segments_12_halfLen_0.75_useTexCoords_false_useTangents_false) created and registered.
I0915 00:00:22.176905 22433 AssetAttributesManager.cpp:117] Asset attributes (capsule3DWireframe : capsule3DWireframe_hemiRings_8_cylRings_1_segments_16_halfLen_1) created and registered.
I0915 00:00:22.176921 22433 AssetAttributesManager.cpp:117] Asset attributes (coneSolid : coneSolid_segments_12_halfLen_1.25_rings_1_useTexCoords_false_useTangents_false_capEnd_true) created and registered.
I0915 00:00:22.176929 22433 AssetAttributesManager.cpp:117] Asset attributes (coneWireframe : coneWireframe_segments_32_halfLen_1.25) created and registered.
I0915 00:00:22.176934 22433 AssetAttributesManager.cpp:117] Asset attributes (cubeSolid : cubeSolid) created and registered.
I0915 00:00:22.176945 22433 AssetAttributesManager.cpp:117] Asset attributes (cubeWireframe : cubeWireframe) created and registered.
I0915 00:00:22.176959 22433 AssetAttributesManager.cpp:117] Asset attributes (cylinderSolid : cylinderSolid_rings_1_segments_12_halfLen_1_useTexCoords_false_useTangents_false_capEnds_true) created and registered.
I0915 00:00:22.176968 22433 AssetAttributesManager.cpp:117] Asset attributes (cylinderWireframe : cylinderWireframe_rings_1_segments_32_halfLen_1) created and registered.
I0915 00:00:22.176975 22433 AssetAttributesManager.cpp:117] Asset attributes (icosphereSolid : icosphereSolid_subdivs_1) created and registered.
I0915 00:00:22.176980 22433 AssetAttributesManager.cpp:117] Asset attributes (icosphereWireframe : icosphereWireframe_subdivs_1) created and registered.
I0915 00:00:22.176988 22433 AssetAttributesManager.cpp:117] Asset attributes (uvSphereSolid : uvSphereSolid_rings_8_segments_16_useTexCoords_false_useTangents_false) created and registered.
I0915 00:00:22.176995 22433 AssetAttributesManager.cpp:117] Asset attributes (uvSphereWireframe : uvSphereWireframe_rings_16_segments_32) created and registered.
I0915 00:00:22.176998 22433 AssetAttributesManager.cpp:105] AssetAttributesManager::buildCtorFuncPtrMaps : Built default primitive asset templates : 12
I0915 00:00:22.177281 22433 SceneDatasetAttributesManager.cpp:23] File (default) not found, so new default dataset attributes created and registered.
I0915 00:00:22.177284 22433 MetadataMediator.cpp:47] MetadataMediator::createDataset : Dataset default successfully created.
I0915 00:00:22.179299 22433 AttributesManagerBase.h:283] AttributesManager<T>::createFromJsonOrDefaultInternal  (Physics Manager) : Proposing JSON name : ./data/default.physics_config.json from original name : ./data/default.physics_config.json | This file  does not exist.
I0915 00:00:22.179308 22433 PhysicsAttributesManager.cpp:27] File (./data/default.physics_config.json) not found, so new default physics manager attributes created and registered.
I0915 00:00:22.179311 22433 AbstractObjectAttributesManagerBase.h:175] AbstractObjectAttributesManager<T>::createObject  (Stage) : Making attributes with handle : data/scene_datasets/mp3d/zsNo4HB9uLZ/zsNo4HB9uLZ.glb
I0915 00:00:22.179313 22433 ManagedContainerBase.cpp:19] ManagedContainerBase::convertFilenameToJSON : Filename : data/scene_datasets/mp3d/zsNo4HB9uLZ/zsNo4HB9uLZ.glb changed to proposed JSON configuration filename : data/scene_datasets/mp3d/zsNo4HB9uLZ/zsNo4HB9uLZ.stage_config.json
I0915 00:00:22.179318 22433 AttributesManagerBase.h:283] AttributesManager<T>::createFromJsonOrDefaultInternal  (Stage) : Proposing JSON name : data/scene_datasets/mp3d/zsNo4HB9uLZ/zsNo4HB9uLZ.stage_config.json from original name : data/scene_datasets/mp3d/zsNo4HB9uLZ/zsNo4HB9uLZ.glb | This file  does not exist.
I0915 00:00:22.179347 22433 AbstractObjectAttributesManagerBase.h:181] AbstractObjectAttributesManager<T>::createObject  (Stage) : Done making attributes with handle : data/scene_datasets/mp3d/zsNo4HB9uLZ/zsNo4HB9uLZ.glb
I0915 00:00:22.179348 22433 AbstractObjectAttributesManagerBase.h:188] File (data/scene_datasets/mp3d/zsNo4HB9uLZ/zsNo4HB9uLZ.glb) exists but is not a recognized config filename extension, so new default Stage attributes created and registered.
I0915 00:00:22.179351 22433 Simulator.cpp:156] Loading navmesh from data/scene_datasets/mp3d/zsNo4HB9uLZ/zsNo4HB9uLZ.navmesh
I0915 00:00:22.179399 22433 Simulator.cpp:158] Loaded.
I0915 00:00:22.179405 22433 SceneGraph.h:93] Created DrawableGroup: 
Renderer: NVIDIA T1000 8GB/PCIe/SSE2 by NVIDIA Corporation
OpenGL version: 4.6.0 NVIDIA 590.48.01
Using optional features:
    GL_ARB_ES2_compatibility
    GL_ARB_direct_state_access
    GL_ARB_get_texture_sub_image
    GL_ARB_invalidate_subdata
    GL_ARB_multi_bind
    GL_ARB_robustness
    GL_ARB_separate_shader_objects
    GL_ARB_texture_filter_anisotropic
    GL_ARB_texture_storage
    GL_ARB_texture_storage_multisample
    GL_ARB_vertex_array_object
    GL_KHR_debug
Using driver workarounds:
    no-forward-compatible-core-context
    nv-egl-incorrect-gl11-function-pointers
    no-layout-qualifiers-on-old-glsl
    nv-zero-context-profile-mask
    nv-implementation-color-read-format-dsa-broken
    nv-cubemap-inconsistent-compressed-image-size
    nv-cubemap-broken-full-compressed-image-query
    nv-compressed-block-size-in-bits
I0915 00:00:22.281524 22433 ResourceManager.cpp:234] ResourceManager::loadStage : Not loading semantic mesh
I0915 00:00:22.281533 22433 ResourceManager.cpp:262] ResourceManager::loadStage : start load render asset data/scene_datasets/mp3d/zsNo4HB9uLZ/zsNo4HB9uLZ.glb.
I0915 00:00:22.281534 22433 ResourceManager.cpp:569] ResourceManager::loadStageInternal : Attempting to load stage data/scene_datasets/mp3d/zsNo4HB9uLZ/zsNo4HB9uLZ.glb 
I0915 00:00:22.281546 22433 ResourceManager.cpp:1119] Importing Basis files as BC7 for zsNo4HB9uLZ.glb
W0915 00:00:23.146237 22433 Simulator.cpp:248] :
---
 The active scene does not contain semantic annotations. 
---
I0915 00:00:23.184703 22433 simulator.py:213] Loaded navmesh data/scene_datasets/mp3d/zsNo4HB9uLZ/zsNo4HB9uLZ.navmesh
2026-09-15 00:00:23,189 Initializing task VLN-v0
You are using a model of type bert to instantiate a model of type . This is not supported for all configurations of models and can yield errors.
Some weights of the model checkpoint at None were not used when initializing GlocalTextPathNavCMT: ['bert.global_encoder.encoder.x_layers.2.lang_output.dense.bias', 'mlm_head.predictions.transform.LayerNorm.bias', 'bert.global_encoder.encoder.x_layers.1.lang_inter.dense.bias', 'bert.global_encoder.encoder.x_layers.2.lang_self_att.self.query.bias', 'bert.global_encoder.encoder.x_layers.0.lang_self_att.self.value.bias', 'bert.global_encoder.encoder.x_layers.2.lang_output.dense.weight', 'bert.global_encoder.encoder.x_layers.1.lang_output.LayerNorm.weight', 'bert.global_encoder.encoder.x_layers.2.lang_inter.dense.bias', 'bert.global_encoder.encoder.x_layers.1.lang_output.LayerNorm.bias', 'bert.global_encoder.encoder.x_layers.0.lang_self_att.self.key.weight', 'bert.global_encoder.encoder.x_layers.3.lang_output.dense.weight', 'bert.global_encoder.encoder.x_layers.2.lang_self_att.self.query.weight', 'mlm_head.predictions.transform.dense.bias', 'bert.global_encoder.encoder.x_layers.3.lang_output.LayerNorm.weight', 'bert.global_encoder.encoder.x_layers.2.lang_output.LayerNorm.bias', 'bert.global_encoder.encoder.x_layers.3.lang_self_att.output.dense.weight', 'bert.global_encoder.encoder.x_layers.0.lang_self_att.output.dense.bias', 'bert.global_encoder.encoder.x_layers.2.lang_self_att.output.LayerNorm.bias', 'bert.global_encoder.encoder.x_layers.0.lang_output.LayerNorm.weight', 'bert.global_encoder.encoder.x_layers.0.lang_self_att.output.dense.weight', 'bert.global_encoder.encoder.x_layers.2.lang_self_att.self.key.bias', 'mlm_head.predictions.transform.dense.weight', 'bert.global_encoder.encoder.x_layers.3.lang_self_att.self.value.weight', 'bert.global_encoder.encoder.x_layers.2.lang_self_att.self.value.bias', 'bert.global_encoder.encoder.x_layers.0.lang_self_att.output.LayerNorm.bias', 'bert.global_encoder.encoder.x_layers.1.lang_self_att.self.value.bias', 'bert.global_encoder.encoder.x_layers.0.lang_self_att.output.LayerNorm.weight', 'bert.global_encoder.encoder.x_layers.0.lang_output.dense.weight', 'bert.global_encoder.encoder.x_layers.1.lang_self_att.output.LayerNorm.weight', 'bert.global_encoder.encoder.x_layers.3.lang_self_att.self.key.weight', 'bert.global_encoder.encoder.x_layers.2.lang_self_att.output.LayerNorm.weight', 'bert.global_encoder.encoder.x_layers.0.lang_inter.dense.weight', 'bert.global_encoder.encoder.x_layers.2.lang_self_att.output.dense.bias', 'bert.global_encoder.encoder.x_layers.2.lang_output.LayerNorm.weight', 'bert.global_encoder.encoder.x_layers.1.lang_output.dense.weight', 'bert.global_encoder.encoder.x_layers.3.lang_inter.dense.weight', 'bert.global_encoder.encoder.x_layers.2.lang_inter.dense.weight', 'bert.global_encoder.encoder.x_layers.3.lang_self_att.self.query.weight', 'bert.global_encoder.encoder.x_layers.0.lang_output.LayerNorm.bias', 'bert.global_encoder.encoder.x_layers.1.lang_inter.dense.weight', 'bert.global_encoder.encoder.x_layers.0.lang_inter.dense.bias', 'bert.global_encoder.encoder.x_layers.1.lang_output.dense.bias', 'bert.global_encoder.encoder.x_layers.1.lang_self_att.output.LayerNorm.bias', 'bert.global_encoder.encoder.x_layers.0.lang_self_att.self.key.bias', 'mlm_head.predictions.bias', 'bert.global_encoder.encoder.x_layers.2.lang_self_att.self.key.weight', 'bert.global_encoder.encoder.x_layers.0.lang_self_att.self.query.bias', 'bert.global_encoder.encoder.x_layers.1.lang_self_att.self.key.bias', 'bert.global_encoder.encoder.x_layers.3.lang_output.dense.bias', 'bert.global_encoder.encoder.x_layers.0.lang_self_att.self.query.weight', 'bert.global_encoder.encoder.x_layers.3.lang_self_att.output.dense.bias', 'bert.global_encoder.encoder.x_layers.3.lang_self_att.self.value.bias', 'bert.global_encoder.encoder.x_layers.1.lang_self_att.self.query.weight', 'bert.global_encoder.encoder.x_layers.3.lang_output.LayerNorm.bias', 'bert.global_encoder.encoder.x_layers.2.lang_self_att.self.value.weight', 'bert.global_encoder.encoder.x_layers.0.lang_output.dense.bias', 'mlm_head.predictions.transform.LayerNorm.weight', 'bert.global_encoder.encoder.x_layers.3.lang_self_att.output.LayerNorm.bias', 'bert.global_encoder.encoder.x_layers.1.lang_self_att.self.query.bias', 'bert.global_encoder.encoder.x_layers.0.lang_self_att.self.value.weight', 'bert.global_encoder.encoder.x_layers.1.lang_self_att.self.key.weight', 'bert.global_encoder.encoder.x_layers.2.lang_self_att.output.dense.weight', 'bert.global_encoder.encoder.x_layers.1.lang_self_att.output.dense.weight', 'bert.global_encoder.encoder.x_layers.3.lang_inter.dense.bias', 'bert.global_encoder.encoder.x_layers.1.lang_self_att.self.value.weight', 'mlm_head.predictions.decoder.weight', 'bert.global_encoder.encoder.x_layers.3.lang_self_att.self.query.bias', 'bert.global_encoder.encoder.x_layers.1.lang_self_att.output.dense.bias', 'bert.global_encoder.encoder.x_layers.3.lang_self_att.output.LayerNorm.weight', 'bert.global_encoder.encoder.x_layers.3.lang_self_att.self.key.bias']
- This IS expected if you are initializing GlocalTextPathNavCMT from the checkpoint of a model trained on another task or with another architecture (e.g. initializing a BertForSequenceClassification model from a BertForPreTraining model).
- This IS NOT expected if you are initializing GlocalTextPathNavCMT from the checkpoint of a model that you expect to be exactly identical (initializing a BertForSequenceClassification model from a BertForSequenceClassification model).
2026-09-15 00:00:28,923 Loaded weights from checkpoint: data/logs/checkpoints/release_r2r/ckpt.iter12000.pth, iteration: 12000
2026-09-15 00:00:28,925 Agent parameters: 299.14 MB. Trainable: 140.79 MB.
2026-09-15 00:00:28,925 Finished setting up policy.
local rank: 0 | dataset length: 1

Initalizing the ETP model ...
  0%|          | 0/1 [00:00<?, ?it/s]2026-09-15 00:00:34,385 Video created: data/logs/video/phrasing_8/zsNo4HB9uLZ-8-SPL0.00.mp4
  0%|          | 0/54 [00:00<?, ?it/s]IMAGEIO FFMPEG_WRITER WARNING: input image is not divisible by macro_block_size=16, resizing from (825, 278) to (832, 288) to ensure video compatibility with most codecs and players. To prevent resizing, make your input image divisible by the macro_block_size or set the macro_block_size to 1 (risking incompatibility).
[swscaler @ 0x644d13e97f00] Warning: data is not aligned! This can lead to a speed loss
100%|██████████| 54/54 [00:00<00:00, 544.69it/s]100%|██████████| 1/1 [00:05<00:00,  5.65s/it]I0915 00:00:34.582890 22433 PhysicsManager.cpp:33] Deconstructing PhysicsManager
I0915 00:00:34.582913 22433 SemanticScene.h:41] Deconstructing SemanticScene
I0915 00:00:34.584445 22433 SceneManager.h:25] Deconstructing SceneManager
I0915 00:00:34.584456 22433 SceneGraph.h:26] Deconstructing SceneGraph
I0915 00:00:34.584729 22433 Sensor.h:87] Deconstructing Sensor
I0915 00:00:34.584892 22433 Sensor.h:87] Deconstructing Sensor
I0915 00:00:34.584985 22433 Sensor.h:87] Deconstructing Sensor
I0915 00:00:34.585078 22433 Sensor.h:87] Deconstructing Sensor
I0915 00:00:34.585170 22433 Sensor.h:87] Deconstructing Sensor
I0915 00:00:34.585263 22433 Sensor.h:87] Deconstructing Sensor
I0915 00:00:34.585348 22433 Sensor.h:87] Deconstructing Sensor
I0915 00:00:34.585433 22433 Sensor.h:87] Deconstructing Sensor
I0915 00:00:34.585520 22433 Sensor.h:87] Deconstructing Sensor
I0915 00:00:34.585603 22433 Sensor.h:87] Deconstructing Sensor
I0915 00:00:34.585688 22433 Sensor.h:87] Deconstructing Sensor
I0915 00:00:34.585769 22433 Sensor.h:87] Deconstructing Sensor
I0915 00:00:34.585853 22433 Sensor.h:87] Deconstructing Sensor
I0915 00:00:34.585963 22433 Sensor.h:87] Deconstructing Sensor
I0915 00:00:34.586066 22433 Sensor.h:87] Deconstructing Sensor
I0915 00:00:34.586177 22433 Sensor.h:87] Deconstructing Sensor
I0915 00:00:34.586282 22433 Sensor.h:87] Deconstructing Sensor
I0915 00:00:34.586392 22433 Sensor.h:87] Deconstructing Sensor
I0915 00:00:34.586504 22433 Sensor.h:87] Deconstructing Sensor
I0915 00:00:34.586611 22433 Sensor.h:87] Deconstructing Sensor
I0915 00:00:34.586721 22433 Sensor.h:87] Deconstructing Sensor
I0915 00:00:34.586843 22433 Sensor.h:87] Deconstructing Sensor
I0915 00:00:34.586964 22433 Sensor.h:87] Deconstructing Sensor
I0915 00:00:34.587110 22433 Sensor.h:87] Deconstructing Sensor
I0915 00:00:34.587220 22433 Sensor.h:87] Deconstructing Sensor
I0915 00:00:34.587306 22433 Sensor.h:87] Deconstructing Sensor
I0915 00:00:34.587392 22433 Sensor.h:87] Deconstructing Sensor
I0915 00:00:34.587473 22433 Sensor.h:87] Deconstructing Sensor
I0915 00:00:34.587556 22433 Sensor.h:87] Deconstructing Sensor
I0915 00:00:34.587564 22433 Sensor.h:87] Deconstructing Sensor
I0915 00:00:34.589515 22433 Renderer.cpp:34] Deconstructing Renderer
I0915 00:00:34.589525 22433 WindowlessContext.h:17] Deconstructing WindowlessContext
I0915 00:00:34.595429 22433 Simulator.cpp:49] Deconstructing Simulator

2026-09-15 00:00:34,596 Episodes evaluated: 1
2026-09-15 00:00:34,596 Average episode steps_taken: 53.000000
2026-09-15 00:00:34,596 Average episode distance_to_goal: 8.543739
2026-09-15 00:00:34,596 Average episode success: 0.000000
2026-09-15 00:00:34,596 Average episode oracle_success: 0.000000
2026-09-15 00:00:34,596 Average episode path_length: 6.006574
2026-09-15 00:00:34,596 Average episode collisions: 0.080000
2026-09-15 00:00:34,597 Average episode spl: 0.000000
2026-09-15 00:00:34,597 Average episode ndtw: 0.000031
2026-09-15 00:00:34,597 Average episode sdtw: 0.000000
2026-09-15 00:00:34,597 Average episode ghost_cnt: 16.000000
100%|██████████| 1/1 [00:05<00:00,  5.66s/it]
2026-09-15 00:00:37,385 checkpoint_path: data/logs/checkpoints/release_r2r/ckpt.iter12000.pth
2026-09-15 00:00:37,385 Initializing dataset VLN-CE-v1
2026-09-15 00:00:37,406 SPLTI: custom, NUMBER OF SCENES: 1
2026-09-15 00:00:38,874 Initializing dataset VLN-CE-v1
2026-09-15 00:00:38,895 initializing sim Sim-v1
WARNING: Logging before InitGoogleLogging() is written to STDERR
I0915 00:00:38.900691 22676 ManagedContainerBase.cpp:19] ManagedContainerBase::convertFilenameToJSON : Filename : default changed to proposed JSON configuration filename : default.scene_dataset_config.json
I0915 00:00:38.900714 22676 AttributesManagerBase.h:283] AttributesManager<T>::createFromJsonOrDefaultInternal  (Dataset) : Proposing JSON name : default.scene_dataset_config.json from original name : default | This file  does not exist.
I0915 00:00:38.900756 22676 AssetAttributesManager.cpp:117] Asset attributes (capsule3DSolid : capsule3DSolid_hemiRings_4_cylRings_1_segments_12_halfLen_0.75_useTexCoords_false_useTangents_false) created and registered.
I0915 00:00:38.900772 22676 AssetAttributesManager.cpp:117] Asset attributes (capsule3DWireframe : capsule3DWireframe_hemiRings_8_cylRings_1_segments_16_halfLen_1) created and registered.
I0915 00:00:38.900787 22676 AssetAttributesManager.cpp:117] Asset attributes (coneSolid : coneSolid_segments_12_halfLen_1.25_rings_1_useTexCoords_false_useTangents_false_capEnd_true) created and registered.
I0915 00:00:38.900803 22676 AssetAttributesManager.cpp:117] Asset attributes (coneWireframe : coneWireframe_segments_32_halfLen_1.25) created and registered.
I0915 00:00:38.900808 22676 AssetAttributesManager.cpp:117] Asset attributes (cubeSolid : cubeSolid) created and registered.
I0915 00:00:38.900812 22676 AssetAttributesManager.cpp:117] Asset attributes (cubeWireframe : cubeWireframe) created and registered.
I0915 00:00:38.900825 22676 AssetAttributesManager.cpp:117] Asset attributes (cylinderSolid : cylinderSolid_rings_1_segments_12_halfLen_1_useTexCoords_false_useTangents_false_capEnds_true) created and registered.
I0915 00:00:38.900835 22676 AssetAttributesManager.cpp:117] Asset attributes (cylinderWireframe : cylinderWireframe_rings_1_segments_32_halfLen_1) created and registered.
I0915 00:00:38.900846 22676 AssetAttributesManager.cpp:117] Asset attributes (icosphereSolid : icosphereSolid_subdivs_1) created and registered.
I0915 00:00:38.900851 22676 AssetAttributesManager.cpp:117] Asset attributes (icosphereWireframe : icosphereWireframe_subdivs_1) created and registered.
I0915 00:00:38.900859 22676 AssetAttributesManager.cpp:117] Asset attributes (uvSphereSolid : uvSphereSolid_rings_8_segments_16_useTexCoords_false_useTangents_false) created and registered.
I0915 00:00:38.900866 22676 AssetAttributesManager.cpp:117] Asset attributes (uvSphereWireframe : uvSphereWireframe_rings_16_segments_32) created and registered.
I0915 00:00:38.900869 22676 AssetAttributesManager.cpp:105] AssetAttributesManager::buildCtorFuncPtrMaps : Built default primitive asset templates : 12
I0915 00:00:38.901121 22676 SceneDatasetAttributesManager.cpp:23] File (default) not found, so new default dataset attributes created and registered.
I0915 00:00:38.901122 22676 MetadataMediator.cpp:47] MetadataMediator::createDataset : Dataset default successfully created.
I0915 00:00:38.903081 22676 AttributesManagerBase.h:283] AttributesManager<T>::createFromJsonOrDefaultInternal  (Physics Manager) : Proposing JSON name : ./data/default.physics_config.json from original name : ./data/default.physics_config.json | This file  does not exist.
I0915 00:00:38.903091 22676 PhysicsAttributesManager.cpp:27] File (./data/default.physics_config.json) not found, so new default physics manager attributes created and registered.
I0915 00:00:38.903093 22676 AbstractObjectAttributesManagerBase.h:175] AbstractObjectAttributesManager<T>::createObject  (Stage) : Making attributes with handle : data/scene_datasets/mp3d/zsNo4HB9uLZ/zsNo4HB9uLZ.glb
I0915 00:00:38.903095 22676 ManagedContainerBase.cpp:19] ManagedContainerBase::convertFilenameToJSON : Filename : data/scene_datasets/mp3d/zsNo4HB9uLZ/zsNo4HB9uLZ.glb changed to proposed JSON configuration filename : data/scene_datasets/mp3d/zsNo4HB9uLZ/zsNo4HB9uLZ.stage_config.json
I0915 00:00:38.903100 22676 AttributesManagerBase.h:283] AttributesManager<T>::createFromJsonOrDefaultInternal  (Stage) : Proposing JSON name : data/scene_datasets/mp3d/zsNo4HB9uLZ/zsNo4HB9uLZ.stage_config.json from original name : data/scene_datasets/mp3d/zsNo4HB9uLZ/zsNo4HB9uLZ.glb | This file  does not exist.
I0915 00:00:38.903131 22676 AbstractObjectAttributesManagerBase.h:181] AbstractObjectAttributesManager<T>::createObject  (Stage) : Done making attributes with handle : data/scene_datasets/mp3d/zsNo4HB9uLZ/zsNo4HB9uLZ.glb
I0915 00:00:38.903131 22676 AbstractObjectAttributesManagerBase.h:188] File (data/scene_datasets/mp3d/zsNo4HB9uLZ/zsNo4HB9uLZ.glb) exists but is not a recognized config filename extension, so new default Stage attributes created and registered.
I0915 00:00:38.903136 22676 Simulator.cpp:156] Loading navmesh from data/scene_datasets/mp3d/zsNo4HB9uLZ/zsNo4HB9uLZ.navmesh
I0915 00:00:38.903190 22676 Simulator.cpp:158] Loaded.
I0915 00:00:38.903198 22676 SceneGraph.h:93] Created DrawableGroup: 
Renderer: NVIDIA T1000 8GB/PCIe/SSE2 by NVIDIA Corporation
OpenGL version: 4.6.0 NVIDIA 590.48.01
Using optional features:
    GL_ARB_ES2_compatibility
    GL_ARB_direct_state_access
    GL_ARB_get_texture_sub_image
    GL_ARB_invalidate_subdata
    GL_ARB_multi_bind
    GL_ARB_robustness
    GL_ARB_separate_shader_objects
    GL_ARB_texture_filter_anisotropic
    GL_ARB_texture_storage
    GL_ARB_texture_storage_multisample
    GL_ARB_vertex_array_object
    GL_KHR_debug
Using driver workarounds:
    no-forward-compatible-core-context
    nv-egl-incorrect-gl11-function-pointers
    no-layout-qualifiers-on-old-glsl
    nv-zero-context-profile-mask
    nv-implementation-color-read-format-dsa-broken
    nv-cubemap-inconsistent-compressed-image-size
    nv-cubemap-broken-full-compressed-image-query
    nv-compressed-block-size-in-bits
I0915 00:00:38.993676 22676 ResourceManager.cpp:234] ResourceManager::loadStage : Not loading semantic mesh
I0915 00:00:38.993683 22676 ResourceManager.cpp:262] ResourceManager::loadStage : start load render asset data/scene_datasets/mp3d/zsNo4HB9uLZ/zsNo4HB9uLZ.glb.
I0915 00:00:38.993685 22676 ResourceManager.cpp:569] ResourceManager::loadStageInternal : Attempting to load stage data/scene_datasets/mp3d/zsNo4HB9uLZ/zsNo4HB9uLZ.glb 
I0915 00:00:38.993696 22676 ResourceManager.cpp:1119] Importing Basis files as BC7 for zsNo4HB9uLZ.glb
W0915 00:00:39.854830 22676 Simulator.cpp:248] :
---
 The active scene does not contain semantic annotations. 
---
I0915 00:00:39.893844 22676 simulator.py:213] Loaded navmesh data/scene_datasets/mp3d/zsNo4HB9uLZ/zsNo4HB9uLZ.navmesh
2026-09-15 00:00:39,898 Initializing task VLN-v0
You are using a model of type bert to instantiate a model of type . This is not supported for all configurations of models and can yield errors.
Some weights of the model checkpoint at None were not used when initializing GlocalTextPathNavCMT: ['bert.global_encoder.encoder.x_layers.3.lang_inter.dense.bias', 'bert.global_encoder.encoder.x_layers.2.lang_inter.dense.bias', 'bert.global_encoder.encoder.x_layers.2.lang_output.LayerNorm.weight', 'bert.global_encoder.encoder.x_layers.0.lang_output.dense.weight', 'bert.global_encoder.encoder.x_layers.3.lang_self_att.output.dense.bias', 'bert.global_encoder.encoder.x_layers.2.lang_self_att.self.value.bias', 'bert.global_encoder.encoder.x_layers.0.lang_self_att.self.query.bias', 'bert.global_encoder.encoder.x_layers.2.lang_output.dense.weight', 'bert.global_encoder.encoder.x_layers.2.lang_self_att.self.query.bias', 'bert.global_encoder.encoder.x_layers.3.lang_self_att.self.value.bias', 'bert.global_encoder.encoder.x_layers.3.lang_output.LayerNorm.bias', 'bert.global_encoder.encoder.x_layers.0.lang_inter.dense.weight', 'bert.global_encoder.encoder.x_layers.1.lang_inter.dense.bias', 'bert.global_encoder.encoder.x_layers.2.lang_output.LayerNorm.bias', 'bert.global_encoder.encoder.x_layers.0.lang_output.LayerNorm.weight', 'bert.global_encoder.encoder.x_layers.3.lang_self_att.self.key.weight', 'bert.global_encoder.encoder.x_layers.3.lang_output.dense.weight', 'bert.global_encoder.encoder.x_layers.1.lang_self_att.self.key.bias', 'bert.global_encoder.encoder.x_layers.0.lang_self_att.self.value.bias', 'bert.global_encoder.encoder.x_layers.1.lang_self_att.output.dense.weight', 'bert.global_encoder.encoder.x_layers.2.lang_self_att.self.key.weight', 'bert.global_encoder.encoder.x_layers.1.lang_self_att.output.LayerNorm.bias', 'bert.global_encoder.encoder.x_layers.3.lang_output.LayerNorm.weight', 'bert.global_encoder.encoder.x_layers.3.lang_self_att.self.query.bias', 'bert.global_encoder.encoder.x_layers.0.lang_output.LayerNorm.bias', 'bert.global_encoder.encoder.x_layers.1.lang_self_att.output.dense.bias', 'bert.global_encoder.encoder.x_layers.2.lang_self_att.output.dense.weight', 'bert.global_encoder.encoder.x_layers.2.lang_self_att.output.dense.bias', 'bert.global_encoder.encoder.x_layers.2.lang_inter.dense.weight', 'bert.global_encoder.encoder.x_layers.2.lang_self_att.output.LayerNorm.weight', 'bert.global_encoder.encoder.x_layers.2.lang_self_att.self.value.weight', 'bert.global_encoder.encoder.x_layers.2.lang_output.dense.bias', 'bert.global_encoder.encoder.x_layers.0.lang_self_att.output.LayerNorm.weight', 'bert.global_encoder.encoder.x_layers.0.lang_inter.dense.bias', 'bert.global_encoder.encoder.x_layers.1.lang_self_att.self.query.weight', 'bert.global_encoder.encoder.x_layers.0.lang_output.dense.bias', 'bert.global_encoder.encoder.x_layers.0.lang_self_att.output.dense.bias', 'bert.global_encoder.encoder.x_layers.3.lang_inter.dense.weight', 'bert.global_encoder.encoder.x_layers.1.lang_output.LayerNorm.bias', 'bert.global_encoder.encoder.x_layers.3.lang_self_att.self.query.weight', 'bert.global_encoder.encoder.x_layers.1.lang_self_att.output.LayerNorm.weight', 'bert.global_encoder.encoder.x_layers.3.lang_output.dense.bias', 'bert.global_encoder.encoder.x_layers.3.lang_self_att.self.key.bias', 'bert.global_encoder.encoder.x_layers.1.lang_self_att.self.value.bias', 'bert.global_encoder.encoder.x_layers.0.lang_self_att.output.LayerNorm.bias', 'bert.global_encoder.encoder.x_layers.0.lang_self_att.self.query.weight', 'bert.global_encoder.encoder.x_layers.0.lang_self_att.self.key.weight', 'bert.global_encoder.encoder.x_layers.1.lang_self_att.self.query.bias', 'bert.global_encoder.encoder.x_layers.3.lang_self_att.output.dense.weight', 'bert.global_encoder.encoder.x_layers.2.lang_self_att.output.LayerNorm.bias', 'mlm_head.predictions.transform.LayerNorm.weight', 'bert.global_encoder.encoder.x_layers.0.lang_self_att.output.dense.weight', 'bert.global_encoder.encoder.x_layers.1.lang_self_att.self.key.weight', 'mlm_head.predictions.transform.dense.bias', 'bert.global_encoder.encoder.x_layers.2.lang_self_att.self.key.bias', 'bert.global_encoder.encoder.x_layers.3.lang_self_att.output.LayerNorm.bias', 'mlm_head.predictions.transform.LayerNorm.bias', 'bert.global_encoder.encoder.x_layers.1.lang_output.dense.weight', 'mlm_head.predictions.bias', 'bert.global_encoder.encoder.x_layers.1.lang_output.dense.bias', 'bert.global_encoder.encoder.x_layers.0.lang_self_att.self.value.weight', 'bert.global_encoder.encoder.x_layers.2.lang_self_att.self.query.weight', 'bert.global_encoder.encoder.x_layers.0.lang_self_att.self.key.bias', 'bert.global_encoder.encoder.x_layers.3.lang_self_att.self.value.weight', 'bert.global_encoder.encoder.x_layers.3.lang_self_att.output.LayerNorm.weight', 'bert.global_encoder.encoder.x_layers.1.lang_inter.dense.weight', 'mlm_head.predictions.decoder.weight', 'mlm_head.predictions.transform.dense.weight', 'bert.global_encoder.encoder.x_layers.1.lang_self_att.self.value.weight', 'bert.global_encoder.encoder.x_layers.1.lang_output.LayerNorm.weight']
- This IS expected if you are initializing GlocalTextPathNavCMT from the checkpoint of a model trained on another task or with another architecture (e.g. initializing a BertForSequenceClassification model from a BertForPreTraining model).
- This IS NOT expected if you are initializing GlocalTextPathNavCMT from the checkpoint of a model that you expect to be exactly identical (initializing a BertForSequenceClassification model from a BertForSequenceClassification model).
2026-09-15 00:00:45,492 Loaded weights from checkpoint: data/logs/checkpoints/release_r2r/ckpt.iter12000.pth, iteration: 12000
2026-09-15 00:00:45,494 Agent parameters: 299.14 MB. Trainable: 140.79 MB.
2026-09-15 00:00:45,494 Finished setting up policy.
local rank: 0 | dataset length: 1

Initalizing the ETP model ...
  0%|          | 0/1 [00:00<?, ?it/s]2026-09-15 00:00:50,946 Video created: data/logs/video/phrasing_9/zsNo4HB9uLZ-9-SPL0.00.mp4
  0%|          | 0/51 [00:00<?, ?it/s]IMAGEIO FFMPEG_WRITER WARNING: input image is not divisible by macro_block_size=16, resizing from (825, 278) to (832, 288) to ensure video compatibility with most codecs and players. To prevent resizing, make your input image divisible by the macro_block_size or set the macro_block_size to 1 (risking incompatibility).
[swscaler @ 0x595604a73f00] Warning: data is not aligned! This can lead to a speed loss
100%|██████████| 51/51 [00:00<00:00, 544.59it/s]100%|██████████| 1/1 [00:05<00:00,  5.61s/it]I0915 00:00:51.139076 22676 PhysicsManager.cpp:33] Deconstructing PhysicsManager
I0915 00:00:51.139102 22676 SemanticScene.h:41] Deconstructing SemanticScene
I0915 00:00:51.140570 22676 SceneManager.h:25] Deconstructing SceneManager
I0915 00:00:51.140576 22676 SceneGraph.h:26] Deconstructing SceneGraph
I0915 00:00:51.140828 22676 Sensor.h:87] Deconstructing Sensor
I0915 00:00:51.140985 22676 Sensor.h:87] Deconstructing Sensor
I0915 00:00:51.141083 22676 Sensor.h:87] Deconstructing Sensor
I0915 00:00:51.141180 22676 Sensor.h:87] Deconstructing Sensor
I0915 00:00:51.141273 22676 Sensor.h:87] Deconstructing Sensor
I0915 00:00:51.141368 22676 Sensor.h:87] Deconstructing Sensor
I0915 00:00:51.141459 22676 Sensor.h:87] Deconstructing Sensor
I0915 00:00:51.141552 22676 Sensor.h:87] Deconstructing Sensor
I0915 00:00:51.141644 22676 Sensor.h:87] Deconstructing Sensor
I0915 00:00:51.141731 22676 Sensor.h:87] Deconstructing Sensor
I0915 00:00:51.141819 22676 Sensor.h:87] Deconstructing Sensor
I0915 00:00:51.141906 22676 Sensor.h:87] Deconstructing Sensor
I0915 00:00:51.141994 22676 Sensor.h:87] Deconstructing Sensor
I0915 00:00:51.142108 22676 Sensor.h:87] Deconstructing Sensor
I0915 00:00:51.142223 22676 Sensor.h:87] Deconstructing Sensor
I0915 00:00:51.142336 22676 Sensor.h:87] Deconstructing Sensor
I0915 00:00:51.142444 22676 Sensor.h:87] Deconstructing Sensor
I0915 00:00:51.142565 22676 Sensor.h:87] Deconstructing Sensor
I0915 00:00:51.142679 22676 Sensor.h:87] Deconstructing Sensor
I0915 00:00:51.142787 22676 Sensor.h:87] Deconstructing Sensor
I0915 00:00:51.142894 22676 Sensor.h:87] Deconstructing Sensor
I0915 00:00:51.143002 22676 Sensor.h:87] Deconstructing Sensor
I0915 00:00:51.143110 22676 Sensor.h:87] Deconstructing Sensor
I0915 00:00:51.143209 22676 Sensor.h:87] Deconstructing Sensor
I0915 00:00:51.143301 22676 Sensor.h:87] Deconstructing Sensor
I0915 00:00:51.143388 22676 Sensor.h:87] Deconstructing Sensor
I0915 00:00:51.143479 22676 Sensor.h:87] Deconstructing Sensor
I0915 00:00:51.143571 22676 Sensor.h:87] Deconstructing Sensor
I0915 00:00:51.143661 22676 Sensor.h:87] Deconstructing Sensor
I0915 00:00:51.143666 22676 Sensor.h:87] Deconstructing Sensor
I0915 00:00:51.145609 22676 Renderer.cpp:34] Deconstructing Renderer
I0915 00:00:51.145618 22676 WindowlessContext.h:17] Deconstructing WindowlessContext
I0915 00:00:51.151659 22676 Simulator.cpp:49] Deconstructing Simulator

2026-09-15 00:00:51,152 Episodes evaluated: 1
2026-09-15 00:00:51,152 Average episode steps_taken: 50.000000
2026-09-15 00:00:51,153 Average episode distance_to_goal: 8.718442
2026-09-15 00:00:51,153 Average episode success: 0.000000
2026-09-15 00:00:51,153 Average episode oracle_success: 0.000000
2026-09-15 00:00:51,153 Average episode path_length: 6.000782
2026-09-15 00:00:51,153 Average episode collisions: 0.080000
2026-09-15 00:00:51,153 Average episode spl: 0.000000
2026-09-15 00:00:51,153 Average episode ndtw: 0.000018
2026-09-15 00:00:51,153 Average episode sdtw: 0.000000
2026-09-15 00:00:51,153 Average episode ghost_cnt: 17.000000
100%|██████████| 1/1 [00:05<00:00,  5.63s/it]
2026-09-15 00:00:53,779 checkpoint_path: data/logs/checkpoints/release_r2r/ckpt.iter12000.pth
2026-09-15 00:00:53,780 Initializing dataset VLN-CE-v1
2026-09-15 00:00:53,801 SPLTI: custom, NUMBER OF SCENES: 1
2026-09-15 00:00:55,318 Initializing dataset VLN-CE-v1
2026-09-15 00:00:55,338 initializing sim Sim-v1
WARNING: Logging before InitGoogleLogging() is written to STDERR
I0915 00:00:55.344229 23221 ManagedContainerBase.cpp:19] ManagedContainerBase::convertFilenameToJSON : Filename : default changed to proposed JSON configuration filename : default.scene_dataset_config.json
I0915 00:00:55.344251 23221 AttributesManagerBase.h:283] AttributesManager<T>::createFromJsonOrDefaultInternal  (Dataset) : Proposing JSON name : default.scene_dataset_config.json from original name : default | This file  does not exist.
I0915 00:00:55.344296 23221 AssetAttributesManager.cpp:117] Asset attributes (capsule3DSolid : capsule3DSolid_hemiRings_4_cylRings_1_segments_12_halfLen_0.75_useTexCoords_false_useTangents_false) created and registered.
I0915 00:00:55.344312 23221 AssetAttributesManager.cpp:117] Asset attributes (capsule3DWireframe : capsule3DWireframe_hemiRings_8_cylRings_1_segments_16_halfLen_1) created and registered.
I0915 00:00:55.344336 23221 AssetAttributesManager.cpp:117] Asset attributes (coneSolid : coneSolid_segments_12_halfLen_1.25_rings_1_useTexCoords_false_useTangents_false_capEnd_true) created and registered.
I0915 00:00:55.344347 23221 AssetAttributesManager.cpp:117] Asset attributes (coneWireframe : coneWireframe_segments_32_halfLen_1.25) created and registered.
I0915 00:00:55.344352 23221 AssetAttributesManager.cpp:117] Asset attributes (cubeSolid : cubeSolid) created and registered.
I0915 00:00:55.344355 23221 AssetAttributesManager.cpp:117] Asset attributes (cubeWireframe : cubeWireframe) created and registered.
I0915 00:00:55.344370 23221 AssetAttributesManager.cpp:117] Asset attributes (cylinderSolid : cylinderSolid_rings_1_segments_12_halfLen_1_useTexCoords_false_useTangents_false_capEnds_true) created and registered.
I0915 00:00:55.344380 23221 AssetAttributesManager.cpp:117] Asset attributes (cylinderWireframe : cylinderWireframe_rings_1_segments_32_halfLen_1) created and registered.
I0915 00:00:55.344386 23221 AssetAttributesManager.cpp:117] Asset attributes (icosphereSolid : icosphereSolid_subdivs_1) created and registered.
I0915 00:00:55.344393 23221 AssetAttributesManager.cpp:117] Asset attributes (icosphereWireframe : icosphereWireframe_subdivs_1) created and registered.
I0915 00:00:55.344400 23221 AssetAttributesManager.cpp:117] Asset attributes (uvSphereSolid : uvSphereSolid_rings_8_segments_16_useTexCoords_false_useTangents_false) created and registered.
I0915 00:00:55.344408 23221 AssetAttributesManager.cpp:117] Asset attributes (uvSphereWireframe : uvSphereWireframe_rings_16_segments_32) created and registered.
I0915 00:00:55.344410 23221 AssetAttributesManager.cpp:105] AssetAttributesManager::buildCtorFuncPtrMaps : Built default primitive asset templates : 12
I0915 00:00:55.344676 23221 SceneDatasetAttributesManager.cpp:23] File (default) not found, so new default dataset attributes created and registered.
I0915 00:00:55.344678 23221 MetadataMediator.cpp:47] MetadataMediator::createDataset : Dataset default successfully created.
I0915 00:00:55.346676 23221 AttributesManagerBase.h:283] AttributesManager<T>::createFromJsonOrDefaultInternal  (Physics Manager) : Proposing JSON name : ./data/default.physics_config.json from original name : ./data/default.physics_config.json | This file  does not exist.
I0915 00:00:55.346686 23221 PhysicsAttributesManager.cpp:27] File (./data/default.physics_config.json) not found, so new default physics manager attributes created and registered.
I0915 00:00:55.346689 23221 AbstractObjectAttributesManagerBase.h:175] AbstractObjectAttributesManager<T>::createObject  (Stage) : Making attributes with handle : data/scene_datasets/mp3d/zsNo4HB9uLZ/zsNo4HB9uLZ.glb
I0915 00:00:55.346691 23221 ManagedContainerBase.cpp:19] ManagedContainerBase::convertFilenameToJSON : Filename : data/scene_datasets/mp3d/zsNo4HB9uLZ/zsNo4HB9uLZ.glb changed to proposed JSON configuration filename : data/scene_datasets/mp3d/zsNo4HB9uLZ/zsNo4HB9uLZ.stage_config.json
I0915 00:00:55.346696 23221 AttributesManagerBase.h:283] AttributesManager<T>::createFromJsonOrDefaultInternal  (Stage) : Proposing JSON name : data/scene_datasets/mp3d/zsNo4HB9uLZ/zsNo4HB9uLZ.stage_config.json from original name : data/scene_datasets/mp3d/zsNo4HB9uLZ/zsNo4HB9uLZ.glb | This file  does not exist.
I0915 00:00:55.346725 23221 AbstractObjectAttributesManagerBase.h:181] AbstractObjectAttributesManager<T>::createObject  (Stage) : Done making attributes with handle : data/scene_datasets/mp3d/zsNo4HB9uLZ/zsNo4HB9uLZ.glb
I0915 00:00:55.346726 23221 AbstractObjectAttributesManagerBase.h:188] File (data/scene_datasets/mp3d/zsNo4HB9uLZ/zsNo4HB9uLZ.glb) exists but is not a recognized config filename extension, so new default Stage attributes created and registered.
I0915 00:00:55.346729 23221 Simulator.cpp:156] Loading navmesh from data/scene_datasets/mp3d/zsNo4HB9uLZ/zsNo4HB9uLZ.navmesh
I0915 00:00:55.346782 23221 Simulator.cpp:158] Loaded.
I0915 00:00:55.346791 23221 SceneGraph.h:93] Created DrawableGroup: 
Renderer: NVIDIA T1000 8GB/PCIe/SSE2 by NVIDIA Corporation
OpenGL version: 4.6.0 NVIDIA 590.48.01
Using optional features:
    GL_ARB_ES2_compatibility
    GL_ARB_direct_state_access
    GL_ARB_get_texture_sub_image
    GL_ARB_invalidate_subdata
    GL_ARB_multi_bind
    GL_ARB_robustness
    GL_ARB_separate_shader_objects
    GL_ARB_texture_filter_anisotropic
    GL_ARB_texture_storage
    GL_ARB_texture_storage_multisample
    GL_ARB_vertex_array_object
    GL_KHR_debug
Using driver workarounds:
    no-forward-compatible-core-context
    nv-egl-incorrect-gl11-function-pointers
    no-layout-qualifiers-on-old-glsl
    nv-zero-context-profile-mask
    nv-implementation-color-read-format-dsa-broken
    nv-cubemap-inconsistent-compressed-image-size
    nv-cubemap-broken-full-compressed-image-query
    nv-compressed-block-size-in-bits
I0915 00:00:55.444701 23221 ResourceManager.cpp:234] ResourceManager::loadStage : Not loading semantic mesh
I0915 00:00:55.444711 23221 ResourceManager.cpp:262] ResourceManager::loadStage : start load render asset data/scene_datasets/mp3d/zsNo4HB9uLZ/zsNo4HB9uLZ.glb.
I0915 00:00:55.444712 23221 ResourceManager.cpp:569] ResourceManager::loadStageInternal : Attempting to load stage data/scene_datasets/mp3d/zsNo4HB9uLZ/zsNo4HB9uLZ.glb 
I0915 00:00:55.444725 23221 ResourceManager.cpp:1119] Importing Basis files as BC7 for zsNo4HB9uLZ.glb
W0915 00:00:56.309630 23221 Simulator.cpp:248] :
---
 The active scene does not contain semantic annotations. 
---
I0915 00:00:56.348563 23221 simulator.py:213] Loaded navmesh data/scene_datasets/mp3d/zsNo4HB9uLZ/zsNo4HB9uLZ.navmesh
2026-09-15 00:00:56,353 Initializing task VLN-v0
You are using a model of type bert to instantiate a model of type . This is not supported for all configurations of models and can yield errors.
Some weights of the model checkpoint at None were not used when initializing GlocalTextPathNavCMT: ['bert.global_encoder.encoder.x_layers.1.lang_inter.dense.bias', 'bert.global_encoder.encoder.x_layers.1.lang_self_att.self.value.weight', 'bert.global_encoder.encoder.x_layers.3.lang_self_att.output.LayerNorm.weight', 'bert.global_encoder.encoder.x_layers.0.lang_output.dense.bias', 'bert.global_encoder.encoder.x_layers.2.lang_inter.dense.bias', 'mlm_head.predictions.transform.dense.bias', 'bert.global_encoder.encoder.x_layers.2.lang_self_att.output.LayerNorm.bias', 'bert.global_encoder.encoder.x_layers.1.lang_output.dense.weight', 'mlm_head.predictions.transform.LayerNorm.weight', 'bert.global_encoder.encoder.x_layers.2.lang_self_att.output.dense.bias', 'bert.global_encoder.encoder.x_layers.3.lang_self_att.output.dense.weight', 'bert.global_encoder.encoder.x_layers.0.lang_inter.dense.bias', 'bert.global_encoder.encoder.x_layers.3.lang_self_att.self.key.weight', 'bert.global_encoder.encoder.x_layers.2.lang_self_att.self.value.bias', 'bert.global_encoder.encoder.x_layers.0.lang_output.LayerNorm.weight', 'bert.global_encoder.encoder.x_layers.3.lang_output.LayerNorm.weight', 'bert.global_encoder.encoder.x_layers.2.lang_self_att.output.dense.weight', 'bert.global_encoder.encoder.x_layers.1.lang_self_att.output.LayerNorm.bias', 'bert.global_encoder.encoder.x_layers.3.lang_inter.dense.bias', 'bert.global_encoder.encoder.x_layers.0.lang_output.LayerNorm.bias', 'bert.global_encoder.encoder.x_layers.0.lang_self_att.self.value.weight', 'bert.global_encoder.encoder.x_layers.0.lang_self_att.self.query.bias', 'bert.global_encoder.encoder.x_layers.1.lang_inter.dense.weight', 'bert.global_encoder.encoder.x_layers.2.lang_output.dense.bias', 'bert.global_encoder.encoder.x_layers.2.lang_self_att.output.LayerNorm.weight', 'bert.global_encoder.encoder.x_layers.3.lang_self_att.output.dense.bias', 'bert.global_encoder.encoder.x_layers.2.lang_self_att.self.query.bias', 'bert.global_encoder.encoder.x_layers.2.lang_self_att.self.value.weight', 'bert.global_encoder.encoder.x_layers.1.lang_output.LayerNorm.bias', 'bert.global_encoder.encoder.x_layers.1.lang_self_att.self.key.bias', 'bert.global_encoder.encoder.x_layers.3.lang_self_att.self.key.bias', 'bert.global_encoder.encoder.x_layers.0.lang_self_att.output.LayerNorm.weight', 'mlm_head.predictions.bias', 'bert.global_encoder.encoder.x_layers.0.lang_self_att.output.LayerNorm.bias', 'bert.global_encoder.encoder.x_layers.3.lang_inter.dense.weight', 'bert.global_encoder.encoder.x_layers.3.lang_self_att.self.query.weight', 'bert.global_encoder.encoder.x_layers.1.lang_self_att.self.query.weight', 'bert.global_encoder.encoder.x_layers.3.lang_self_att.self.value.weight', 'bert.global_encoder.encoder.x_layers.0.lang_output.dense.weight', 'bert.global_encoder.encoder.x_layers.0.lang_self_att.self.key.bias', 'bert.global_encoder.encoder.x_layers.2.lang_output.dense.weight', 'bert.global_encoder.encoder.x_layers.2.lang_self_att.self.query.weight', 'mlm_head.predictions.transform.LayerNorm.bias', 'bert.global_encoder.encoder.x_layers.2.lang_output.LayerNorm.weight', 'bert.global_encoder.encoder.x_layers.3.lang_output.dense.bias', 'bert.global_encoder.encoder.x_layers.3.lang_output.dense.weight', 'bert.global_encoder.encoder.x_layers.3.lang_self_att.output.LayerNorm.bias', 'bert.global_encoder.encoder.x_layers.0.lang_self_att.self.value.bias', 'bert.global_encoder.encoder.x_layers.3.lang_output.LayerNorm.bias', 'bert.global_encoder.encoder.x_layers.1.lang_self_att.self.query.bias', 'bert.global_encoder.encoder.x_layers.2.lang_self_att.self.key.weight', 'bert.global_encoder.encoder.x_layers.2.lang_inter.dense.weight', 'bert.global_encoder.encoder.x_layers.2.lang_self_att.self.key.bias', 'bert.global_encoder.encoder.x_layers.0.lang_self_att.self.key.weight', 'bert.global_encoder.encoder.x_layers.0.lang_self_att.output.dense.bias', 'bert.global_encoder.encoder.x_layers.0.lang_self_att.self.query.weight', 'bert.global_encoder.encoder.x_layers.1.lang_self_att.self.key.weight', 'bert.global_encoder.encoder.x_layers.1.lang_self_att.output.LayerNorm.weight', 'bert.global_encoder.encoder.x_layers.1.lang_self_att.output.dense.weight', 'bert.global_encoder.encoder.x_layers.3.lang_self_att.self.query.bias', 'bert.global_encoder.encoder.x_layers.3.lang_self_att.self.value.bias', 'bert.global_encoder.encoder.x_layers.1.lang_self_att.output.dense.bias', 'bert.global_encoder.encoder.x_layers.2.lang_output.LayerNorm.bias', 'bert.global_encoder.encoder.x_layers.1.lang_output.LayerNorm.weight', 'mlm_head.predictions.decoder.weight', 'bert.global_encoder.encoder.x_layers.1.lang_output.dense.bias', 'mlm_head.predictions.transform.dense.weight', 'bert.global_encoder.encoder.x_layers.0.lang_self_att.output.dense.weight', 'bert.global_encoder.encoder.x_layers.0.lang_inter.dense.weight', 'bert.global_encoder.encoder.x_layers.1.lang_self_att.self.value.bias']
- This IS expected if you are initializing GlocalTextPathNavCMT from the checkpoint of a model trained on another task or with another architecture (e.g. initializing a BertForSequenceClassification model from a BertForPreTraining model).
- This IS NOT expected if you are initializing GlocalTextPathNavCMT from the checkpoint of a model that you expect to be exactly identical (initializing a BertForSequenceClassification model from a BertForSequenceClassification model).
2026-09-15 00:01:02,176 Loaded weights from checkpoint: data/logs/checkpoints/release_r2r/ckpt.iter12000.pth, iteration: 12000
2026-09-15 00:01:02,178 Agent parameters: 299.14 MB. Trainable: 140.79 MB.
2026-09-15 00:01:02,178 Finished setting up policy.
local rank: 0 | dataset length: 1

Initalizing the ETP model ...
  0%|          | 0/1 [00:00<?, ?it/s]2026-09-15 00:01:18,547 Video created: data/logs/video/phrasing_10/zsNo4HB9uLZ-10-SPL0.00.mp4
  0%|          | 0/211 [00:00<?, ?it/s]IMAGEIO FFMPEG_WRITER WARNING: input image is not divisible by macro_block_size=16, resizing from (825, 256) to (832, 256) to ensure video compatibility with most codecs and players. To prevent resizing, make your input image divisible by the macro_block_size or set the macro_block_size to 1 (risking incompatibility).
[swscaler @ 0x57c91b5aaf00] Warning: data is not aligned! This can lead to a speed loss
 28%|██▊       | 59/211 [00:00<00:00, 558.24it/s] 81%|████████  | 170/211 [00:00<00:00, 866.88it/s]100%|██████████| 211/211 [00:00<00:00, 884.03it/s]100%|██████████| 1/1 [00:16<00:00, 16.71s/it]I0915 00:01:18.897634 23221 PhysicsManager.cpp:33] Deconstructing PhysicsManager
I0915 00:01:18.897658 23221 SemanticScene.h:41] Deconstructing SemanticScene
I0915 00:01:18.899227 23221 SceneManager.h:25] Deconstructing SceneManager
I0915 00:01:18.899237 23221 SceneGraph.h:26] Deconstructing SceneGraph
I0915 00:01:18.899508 23221 Sensor.h:87] Deconstructing Sensor
I0915 00:01:18.899747 23221 Sensor.h:87] Deconstructing Sensor
I0915 00:01:18.899843 23221 Sensor.h:87] Deconstructing Sensor
I0915 00:01:18.899930 23221 Sensor.h:87] Deconstructing Sensor
I0915 00:01:18.900017 23221 Sensor.h:87] Deconstructing Sensor
I0915 00:01:18.900108 23221 Sensor.h:87] Deconstructing Sensor
I0915 00:01:18.900202 23221 Sensor.h:87] Deconstructing Sensor
I0915 00:01:18.900291 23221 Sensor.h:87] Deconstructing Sensor
I0915 00:01:18.900377 23221 Sensor.h:87] Deconstructing Sensor
I0915 00:01:18.900462 23221 Sensor.h:87] Deconstructing Sensor
I0915 00:01:18.900550 23221 Sensor.h:87] Deconstructing Sensor
I0915 00:01:18.900635 23221 Sensor.h:87] Deconstructing Sensor
I0915 00:01:18.900722 23221 Sensor.h:87] Deconstructing Sensor
I0915 00:01:18.900836 23221 Sensor.h:87] Deconstructing Sensor
I0915 00:01:18.900942 23221 Sensor.h:87] Deconstructing Sensor
I0915 00:01:18.901047 23221 Sensor.h:87] Deconstructing Sensor
I0915 00:01:18.901160 23221 Sensor.h:87] Deconstructing Sensor
I0915 00:01:18.901275 23221 Sensor.h:87] Deconstructing Sensor
I0915 00:01:18.901386 23221 Sensor.h:87] Deconstructing Sensor
I0915 00:01:18.901494 23221 Sensor.h:87] Deconstructing Sensor
I0915 00:01:18.901602 23221 Sensor.h:87] Deconstructing Sensor
I0915 00:01:18.901710 23221 Sensor.h:87] Deconstructing Sensor
I0915 00:01:18.901816 23221 Sensor.h:87] Deconstructing Sensor
I0915 00:01:18.901911 23221 Sensor.h:87] Deconstructing Sensor
I0915 00:01:18.902002 23221 Sensor.h:87] Deconstructing Sensor
I0915 00:01:18.902086 23221 Sensor.h:87] Deconstructing Sensor
I0915 00:01:18.902181 23221 Sensor.h:87] Deconstructing Sensor
I0915 00:01:18.902266 23221 Sensor.h:87] Deconstructing Sensor
I0915 00:01:18.902346 23221 Sensor.h:87] Deconstructing Sensor
I0915 00:01:18.902352 23221 Sensor.h:87] Deconstructing Sensor
I0915 00:01:18.904246 23221 Renderer.cpp:34] Deconstructing Renderer
I0915 00:01:18.904255 23221 WindowlessContext.h:17] Deconstructing WindowlessContext
I0915 00:01:18.910588 23221 Simulator.cpp:49] Deconstructing Simulator

2026-09-15 00:01:18,911 Episodes evaluated: 1
2026-09-15 00:01:18,911 Average episode steps_taken: 210.000000
2026-09-15 00:01:18,912 Average episode distance_to_goal: 5.130979
2026-09-15 00:01:18,912 Average episode success: 0.000000
2026-09-15 00:01:18,912 Average episode oracle_success: 0.000000
2026-09-15 00:01:18,912 Average episode path_length: 1.678363
2026-09-15 00:01:18,912 Average episode collisions: 10.125000
2026-09-15 00:01:18,912 Average episode spl: 0.000000
2026-09-15 00:01:18,912 Average episode ndtw: 0.217840
2026-09-15 00:01:18,912 Average episode sdtw: 0.000000
2026-09-15 00:01:18,912 Average episode ghost_cnt: 19.000000
100%|██████████| 1/1 [00:16<00:00, 16.73s/it]
2026-09-15 00:01:22,430 checkpoint_path: data/logs/checkpoints/release_r2r/ckpt.iter12000.pth
2026-09-15 00:01:22,431 Initializing dataset VLN-CE-v1
2026-09-15 00:01:22,452 SPLTI: custom, NUMBER OF SCENES: 1
2026-09-15 00:01:23,921 Initializing dataset VLN-CE-v1
2026-09-15 00:01:23,941 initializing sim Sim-v1
WARNING: Logging before InitGoogleLogging() is written to STDERR
I0915 00:01:23.947171 23488 ManagedContainerBase.cpp:19] ManagedContainerBase::convertFilenameToJSON : Filename : default changed to proposed JSON configuration filename : default.scene_dataset_config.json
I0915 00:01:23.947199 23488 AttributesManagerBase.h:283] AttributesManager<T>::createFromJsonOrDefaultInternal  (Dataset) : Proposing JSON name : default.scene_dataset_config.json from original name : default | This file  does not exist.
I0915 00:01:23.947250 23488 AssetAttributesManager.cpp:117] Asset attributes (capsule3DSolid : capsule3DSolid_hemiRings_4_cylRings_1_segments_12_halfLen_0.75_useTexCoords_false_useTangents_false) created and registered.
I0915 00:01:23.947265 23488 AssetAttributesManager.cpp:117] Asset attributes (capsule3DWireframe : capsule3DWireframe_hemiRings_8_cylRings_1_segments_16_halfLen_1) created and registered.
I0915 00:01:23.947280 23488 AssetAttributesManager.cpp:117] Asset attributes (coneSolid : coneSolid_segments_12_halfLen_1.25_rings_1_useTexCoords_false_useTangents_false_capEnd_true) created and registered.
I0915 00:01:23.947289 23488 AssetAttributesManager.cpp:117] Asset attributes (coneWireframe : coneWireframe_segments_32_halfLen_1.25) created and registered.
I0915 00:01:23.947294 23488 AssetAttributesManager.cpp:117] Asset attributes (cubeSolid : cubeSolid) created and registered.
I0915 00:01:23.947299 23488 AssetAttributesManager.cpp:117] Asset attributes (cubeWireframe : cubeWireframe) created and registered.
I0915 00:01:23.947311 23488 AssetAttributesManager.cpp:117] Asset attributes (cylinderSolid : cylinderSolid_rings_1_segments_12_halfLen_1_useTexCoords_false_useTangents_false_capEnds_true) created and registered.
I0915 00:01:23.947320 23488 AssetAttributesManager.cpp:117] Asset attributes (cylinderWireframe : cylinderWireframe_rings_1_segments_32_halfLen_1) created and registered.
I0915 00:01:23.947326 23488 AssetAttributesManager.cpp:117] Asset attributes (icosphereSolid : icosphereSolid_subdivs_1) created and registered.
I0915 00:01:23.947332 23488 AssetAttributesManager.cpp:117] Asset attributes (icosphereWireframe : icosphereWireframe_subdivs_1) created and registered.
I0915 00:01:23.947341 23488 AssetAttributesManager.cpp:117] Asset attributes (uvSphereSolid : uvSphereSolid_rings_8_segments_16_useTexCoords_false_useTangents_false) created and registered.
I0915 00:01:23.947348 23488 AssetAttributesManager.cpp:117] Asset attributes (uvSphereWireframe : uvSphereWireframe_rings_16_segments_32) created and registered.
I0915 00:01:23.947350 23488 AssetAttributesManager.cpp:105] AssetAttributesManager::buildCtorFuncPtrMaps : Built default primitive asset templates : 12
I0915 00:01:23.947607 23488 SceneDatasetAttributesManager.cpp:23] File (default) not found, so new default dataset attributes created and registered.
I0915 00:01:23.947609 23488 MetadataMediator.cpp:47] MetadataMediator::createDataset : Dataset default successfully created.
I0915 00:01:23.949569 23488 AttributesManagerBase.h:283] AttributesManager<T>::createFromJsonOrDefaultInternal  (Physics Manager) : Proposing JSON name : ./data/default.physics_config.json from original name : ./data/default.physics_config.json | This file  does not exist.
I0915 00:01:23.949579 23488 PhysicsAttributesManager.cpp:27] File (./data/default.physics_config.json) not found, so new default physics manager attributes created and registered.
I0915 00:01:23.949582 23488 AbstractObjectAttributesManagerBase.h:175] AbstractObjectAttributesManager<T>::createObject  (Stage) : Making attributes with handle : data/scene_datasets/mp3d/zsNo4HB9uLZ/zsNo4HB9uLZ.glb
I0915 00:01:23.949584 23488 ManagedContainerBase.cpp:19] ManagedContainerBase::convertFilenameToJSON : Filename : data/scene_datasets/mp3d/zsNo4HB9uLZ/zsNo4HB9uLZ.glb changed to proposed JSON configuration filename : data/scene_datasets/mp3d/zsNo4HB9uLZ/zsNo4HB9uLZ.stage_config.json
I0915 00:01:23.949589 23488 AttributesManagerBase.h:283] AttributesManager<T>::createFromJsonOrDefaultInternal  (Stage) : Proposing JSON name : data/scene_datasets/mp3d/zsNo4HB9uLZ/zsNo4HB9uLZ.stage_config.json from original name : data/scene_datasets/mp3d/zsNo4HB9uLZ/zsNo4HB9uLZ.glb | This file  does not exist.
I0915 00:01:23.949618 23488 AbstractObjectAttributesManagerBase.h:181] AbstractObjectAttributesManager<T>::createObject  (Stage) : Done making attributes with handle : data/scene_datasets/mp3d/zsNo4HB9uLZ/zsNo4HB9uLZ.glb
I0915 00:01:23.949622 23488 AbstractObjectAttributesManagerBase.h:188] File (data/scene_datasets/mp3d/zsNo4HB9uLZ/zsNo4HB9uLZ.glb) exists but is not a recognized config filename extension, so new default Stage attributes created and registered.
I0915 00:01:23.949626 23488 Simulator.cpp:156] Loading navmesh from data/scene_datasets/mp3d/zsNo4HB9uLZ/zsNo4HB9uLZ.navmesh
I0915 00:01:23.949678 23488 Simulator.cpp:158] Loaded.
I0915 00:01:23.949684 23488 SceneGraph.h:93] Created DrawableGroup: 
Renderer: NVIDIA T1000 8GB/PCIe/SSE2 by NVIDIA Corporation
OpenGL version: 4.6.0 NVIDIA 590.48.01
Using optional features:
    GL_ARB_ES2_compatibility
    GL_ARB_direct_state_access
    GL_ARB_get_texture_sub_image
    GL_ARB_invalidate_subdata
    GL_ARB_multi_bind
    GL_ARB_robustness
    GL_ARB_separate_shader_objects
    GL_ARB_texture_filter_anisotropic
    GL_ARB_texture_storage
    GL_ARB_texture_storage_multisample
    GL_ARB_vertex_array_object
    GL_KHR_debug
Using driver workarounds:
    no-forward-compatible-core-context
    nv-egl-incorrect-gl11-function-pointers
    no-layout-qualifiers-on-old-glsl
    nv-zero-context-profile-mask
    nv-implementation-color-read-format-dsa-broken
    nv-cubemap-inconsistent-compressed-image-size
    nv-cubemap-broken-full-compressed-image-query
    nv-compressed-block-size-in-bits
I0915 00:01:24.037642 23488 ResourceManager.cpp:234] ResourceManager::loadStage : Not loading semantic mesh
I0915 00:01:24.037650 23488 ResourceManager.cpp:262] ResourceManager::loadStage : start load render asset data/scene_datasets/mp3d/zsNo4HB9uLZ/zsNo4HB9uLZ.glb.
I0915 00:01:24.037652 23488 ResourceManager.cpp:569] ResourceManager::loadStageInternal : Attempting to load stage data/scene_datasets/mp3d/zsNo4HB9uLZ/zsNo4HB9uLZ.glb 
I0915 00:01:24.037665 23488 ResourceManager.cpp:1119] Importing Basis files as BC7 for zsNo4HB9uLZ.glb
W0915 00:01:24.902622 23488 Simulator.cpp:248] :
---
 The active scene does not contain semantic annotations. 
---
I0915 00:01:24.942317 23488 simulator.py:213] Loaded navmesh data/scene_datasets/mp3d/zsNo4HB9uLZ/zsNo4HB9uLZ.navmesh
2026-09-15 00:01:24,947 Initializing task VLN-v0
You are using a model of type bert to instantiate a model of type . This is not supported for all configurations of models and can yield errors.
Some weights of the model checkpoint at None were not used when initializing GlocalTextPathNavCMT: ['bert.global_encoder.encoder.x_layers.1.lang_inter.dense.bias', 'bert.global_encoder.encoder.x_layers.1.lang_output.dense.weight', 'bert.global_encoder.encoder.x_layers.3.lang_output.LayerNorm.bias', 'bert.global_encoder.encoder.x_layers.3.lang_self_att.output.LayerNorm.weight', 'bert.global_encoder.encoder.x_layers.1.lang_self_att.self.key.bias', 'bert.global_encoder.encoder.x_layers.0.lang_inter.dense.bias', 'bert.global_encoder.encoder.x_layers.3.lang_self_att.self.query.bias', 'bert.global_encoder.encoder.x_layers.0.lang_output.dense.bias', 'mlm_head.predictions.transform.dense.bias', 'bert.global_encoder.encoder.x_layers.1.lang_self_att.output.dense.bias', 'bert.global_encoder.encoder.x_layers.3.lang_self_att.output.dense.weight', 'bert.global_encoder.encoder.x_layers.2.lang_self_att.output.LayerNorm.weight', 'bert.global_encoder.encoder.x_layers.1.lang_self_att.self.key.weight', 'bert.global_encoder.encoder.x_layers.2.lang_output.LayerNorm.bias', 'bert.global_encoder.encoder.x_layers.3.lang_self_att.self.value.weight', 'bert.global_encoder.encoder.x_layers.0.lang_self_att.output.LayerNorm.weight', 'bert.global_encoder.encoder.x_layers.0.lang_self_att.self.value.weight', 'bert.global_encoder.encoder.x_layers.0.lang_self_att.self.query.bias', 'bert.global_encoder.encoder.x_layers.2.lang_self_att.output.dense.bias', 'bert.global_encoder.encoder.x_layers.2.lang_self_att.output.dense.weight', 'bert.global_encoder.encoder.x_layers.1.lang_self_att.output.dense.weight', 'bert.global_encoder.encoder.x_layers.1.lang_self_att.self.value.weight', 'bert.global_encoder.encoder.x_layers.0.lang_output.LayerNorm.weight', 'mlm_head.predictions.transform.dense.weight', 'bert.global_encoder.encoder.x_layers.2.lang_output.dense.bias', 'bert.global_encoder.encoder.x_layers.0.lang_self_att.output.dense.bias', 'bert.global_encoder.encoder.x_layers.3.lang_output.dense.bias', 'bert.global_encoder.encoder.x_layers.1.lang_self_att.output.LayerNorm.weight', 'bert.global_encoder.encoder.x_layers.0.lang_self_att.self.key.bias', 'bert.global_encoder.encoder.x_layers.1.lang_self_att.output.LayerNorm.bias', 'bert.global_encoder.encoder.x_layers.2.lang_self_att.output.LayerNorm.bias', 'bert.global_encoder.encoder.x_layers.2.lang_self_att.self.value.bias', 'bert.global_encoder.encoder.x_layers.3.lang_inter.dense.bias', 'bert.global_encoder.encoder.x_layers.3.lang_self_att.self.value.bias', 'bert.global_encoder.encoder.x_layers.2.lang_self_att.self.query.weight', 'bert.global_encoder.encoder.x_layers.3.lang_self_att.self.query.weight', 'bert.global_encoder.encoder.x_layers.0.lang_inter.dense.weight', 'bert.global_encoder.encoder.x_layers.3.lang_self_att.output.LayerNorm.bias', 'bert.global_encoder.encoder.x_layers.1.lang_output.LayerNorm.bias', 'bert.global_encoder.encoder.x_layers.3.lang_output.LayerNorm.weight', 'bert.global_encoder.encoder.x_layers.0.lang_output.LayerNorm.bias', 'bert.global_encoder.encoder.x_layers.1.lang_inter.dense.weight', 'bert.global_encoder.encoder.x_layers.2.lang_self_att.self.key.weight', 'bert.global_encoder.encoder.x_layers.2.lang_self_att.self.value.weight', 'bert.global_encoder.encoder.x_layers.0.lang_self_att.self.query.weight', 'bert.global_encoder.encoder.x_layers.0.lang_self_att.output.LayerNorm.bias', 'bert.global_encoder.encoder.x_layers.3.lang_output.dense.weight', 'bert.global_encoder.encoder.x_layers.0.lang_self_att.self.value.bias', 'bert.global_encoder.encoder.x_layers.1.lang_output.dense.bias', 'bert.global_encoder.encoder.x_layers.0.lang_self_att.self.key.weight', 'mlm_head.predictions.transform.LayerNorm.weight', 'bert.global_encoder.encoder.x_layers.3.lang_self_att.self.key.weight', 'bert.global_encoder.encoder.x_layers.2.lang_self_att.self.key.bias', 'bert.global_encoder.encoder.x_layers.3.lang_self_att.self.key.bias', 'mlm_head.predictions.bias', 'mlm_head.predictions.transform.LayerNorm.bias', 'bert.global_encoder.encoder.x_layers.2.lang_output.LayerNorm.weight', 'bert.global_encoder.encoder.x_layers.3.lang_self_att.output.dense.bias', 'bert.global_encoder.encoder.x_layers.1.lang_output.LayerNorm.weight', 'bert.global_encoder.encoder.x_layers.2.lang_inter.dense.weight', 'bert.global_encoder.encoder.x_layers.0.lang_output.dense.weight', 'bert.global_encoder.encoder.x_layers.2.lang_output.dense.weight', 'bert.global_encoder.encoder.x_layers.1.lang_self_att.self.query.bias', 'bert.global_encoder.encoder.x_layers.1.lang_self_att.self.query.weight', 'bert.global_encoder.encoder.x_layers.0.lang_self_att.output.dense.weight', 'bert.global_encoder.encoder.x_layers.2.lang_inter.dense.bias', 'bert.global_encoder.encoder.x_layers.3.lang_inter.dense.weight', 'bert.global_encoder.encoder.x_layers.2.lang_self_att.self.query.bias', 'bert.global_encoder.encoder.x_layers.1.lang_self_att.self.value.bias', 'mlm_head.predictions.decoder.weight']
- This IS expected if you are initializing GlocalTextPathNavCMT from the checkpoint of a model trained on another task or with another architecture (e.g. initializing a BertForSequenceClassification model from a BertForPreTraining model).
- This IS NOT expected if you are initializing GlocalTextPathNavCMT from the checkpoint of a model that you expect to be exactly identical (initializing a BertForSequenceClassification model from a BertForSequenceClassification model).
2026-09-15 00:01:30,784 Loaded weights from checkpoint: data/logs/checkpoints/release_r2r/ckpt.iter12000.pth, iteration: 12000
2026-09-15 00:01:30,786 Agent parameters: 299.14 MB. Trainable: 140.79 MB.
2026-09-15 00:01:30,786 Finished setting up policy.
local rank: 0 | dataset length: 1

Initalizing the ETP model ...
  0%|          | 0/1 [00:00<?, ?it/s]2026-09-15 00:01:47,372 Video created: data/logs/video/phrasing_11/zsNo4HB9uLZ-11-SPL0.00.mp4
  0%|          | 0/218 [00:00<?, ?it/s]IMAGEIO FFMPEG_WRITER WARNING: input image is not divisible by macro_block_size=16, resizing from (825, 256) to (832, 256) to ensure video compatibility with most codecs and players. To prevent resizing, make your input image divisible by the macro_block_size or set the macro_block_size to 1 (risking incompatibility).
[swscaler @ 0x64e33bf72f00] Warning: data is not aligned! This can lead to a speed loss
 28%|██▊       | 60/218 [00:00<00:00, 583.58it/s] 83%|████████▎ | 182/218 [00:00<00:00, 952.62it/s]100%|██████████| 218/218 [00:00<00:00, 928.02it/s]100%|██████████| 1/1 [00:16<00:00, 16.92s/it]I0915 00:01:47.716487 23488 PhysicsManager.cpp:33] Deconstructing PhysicsManager
I0915 00:01:47.716513 23488 SemanticScene.h:41] Deconstructing SemanticScene
I0915 00:01:47.718071 23488 SceneManager.h:25] Deconstructing SceneManager
I0915 00:01:47.718079 23488 SceneGraph.h:26] Deconstructing SceneGraph
I0915 00:01:47.718384 23488 Sensor.h:87] Deconstructing Sensor
I0915 00:01:47.718555 23488 Sensor.h:87] Deconstructing Sensor
I0915 00:01:47.718652 23488 Sensor.h:87] Deconstructing Sensor
I0915 00:01:47.718742 23488 Sensor.h:87] Deconstructing Sensor
I0915 00:01:47.718830 23488 Sensor.h:87] Deconstructing Sensor
I0915 00:01:47.718920 23488 Sensor.h:87] Deconstructing Sensor
I0915 00:01:47.719022 23488 Sensor.h:87] Deconstructing Sensor
I0915 00:01:47.719108 23488 Sensor.h:87] Deconstructing Sensor
I0915 00:01:47.719205 23488 Sensor.h:87] Deconstructing Sensor
I0915 00:01:47.719305 23488 Sensor.h:87] Deconstructing Sensor
I0915 00:01:47.719394 23488 Sensor.h:87] Deconstructing Sensor
I0915 00:01:47.719476 23488 Sensor.h:87] Deconstructing Sensor
I0915 00:01:47.719595 23488 Sensor.h:87] Deconstructing Sensor
I0915 00:01:47.719719 23488 Sensor.h:87] Deconstructing Sensor
I0915 00:01:47.719825 23488 Sensor.h:87] Deconstructing Sensor
I0915 00:01:47.719933 23488 Sensor.h:87] Deconstructing Sensor
I0915 00:01:47.720065 23488 Sensor.h:87] Deconstructing Sensor
I0915 00:01:47.720192 23488 Sensor.h:87] Deconstructing Sensor
I0915 00:01:47.720306 23488 Sensor.h:87] Deconstructing Sensor
I0915 00:01:47.720417 23488 Sensor.h:87] Deconstructing Sensor
I0915 00:01:47.720532 23488 Sensor.h:87] Deconstructing Sensor
I0915 00:01:47.720659 23488 Sensor.h:87] Deconstructing Sensor
I0915 00:01:47.720793 23488 Sensor.h:87] Deconstructing Sensor
I0915 00:01:47.720886 23488 Sensor.h:87] Deconstructing Sensor
I0915 00:01:47.720975 23488 Sensor.h:87] Deconstructing Sensor
I0915 00:01:47.721062 23488 Sensor.h:87] Deconstructing Sensor
I0915 00:01:47.721154 23488 Sensor.h:87] Deconstructing Sensor
I0915 00:01:47.721246 23488 Sensor.h:87] Deconstructing Sensor
I0915 00:01:47.721351 23488 Sensor.h:87] Deconstructing Sensor
I0915 00:01:47.721360 23488 Sensor.h:87] Deconstructing Sensor
I0915 00:01:47.723435 23488 Renderer.cpp:34] Deconstructing Renderer
I0915 00:01:47.723448 23488 WindowlessContext.h:17] Deconstructing WindowlessContext
I0915 00:01:47.729313 23488 Simulator.cpp:49] Deconstructing Simulator

2026-09-15 00:01:47,730 Episodes evaluated: 1
2026-09-15 00:01:47,730 Average episode steps_taken: 217.000000
2026-09-15 00:01:47,730 Average episode distance_to_goal: 5.130979
2026-09-15 00:01:47,731 Average episode success: 0.000000
2026-09-15 00:01:47,731 Average episode oracle_success: 0.000000
2026-09-15 00:01:47,731 Average episode path_length: 1.678363
2026-09-15 00:01:47,731 Average episode collisions: 9.875000
2026-09-15 00:01:47,731 Average episode spl: 0.000000
2026-09-15 00:01:47,731 Average episode ndtw: 0.217840
2026-09-15 00:01:47,731 Average episode sdtw: 0.000000
2026-09-15 00:01:47,731 Average episode ghost_cnt: 20.000000
100%|██████████| 1/1 [00:16<00:00, 16.94s/it]
[1/20] ep20 tier=bare: 'Move to the left of the table.'
instruction: 'Move to the left of the table.'
tokens (8 words -> padded to 80): ['move', 'to', 'the', 'left', 'of', 'the', 'table', '.']
scene: mp3d/zsNo4HB9uLZ/zsNo4HB9uLZ.glb
start_position: [17.257476806640625, 0.17162801325321198, 0.5036007165908813]
wrote dataset -> data/datasets/R2R_VLNCE_v1-2_preprocessed_BERTidx/custom/custom_bertidx.json.gz
wrote gt       -> data/datasets/R2R_VLNCE_v1-2_preprocessed/custom/custom_gt.json.gz
[2/20] ep20 tier=verb_stop: 'Walk to the left of the table and stop there.'
instruction: 'Walk to the left of the table and stop there.'
tokens (11 words -> padded to 80): ['walk', 'to', 'the', 'left', 'of', 'the', 'table', 'and', 'stop', 'there', '.']
scene: mp3d/zsNo4HB9uLZ/zsNo4HB9uLZ.glb
start_position: [17.257476806640625, 0.17162801325321198, 0.5036007165908813]
wrote dataset -> data/datasets/R2R_VLNCE_v1-2_preprocessed_BERTidx/custom/custom_bertidx.json.gz
wrote gt       -> data/datasets/R2R_VLNCE_v1-2_preprocessed/custom/custom_gt.json.gz
[3/20] ep20 tier=two_step: 'Walk toward the table. When you reach it, step to its left side and stop.'
instruction: 'Walk toward the table. When you reach it, step to its left side and stop.'
tokens (18 words -> padded to 80): ['walk', 'toward', 'the', 'table', '.', 'when', 'you', 'reach', 'it', ',', 'step', 'to', 'its', 'left', 'side', 'and', 'stop', '.']
scene: mp3d/zsNo4HB9uLZ/zsNo4HB9uLZ.glb
start_position: [17.257476806640625, 0.17162801325321198, 0.5036007165908813]
wrote dataset -> data/datasets/R2R_VLNCE_v1-2_preprocessed_BERTidx/custom/custom_bertidx.json.gz
wrote gt       -> data/datasets/R2R_VLNCE_v1-2_preprocessed/custom/custom_gt.json.gz
[4/20] ep20 tier=anchored: 'There is a table ahead of you. Walk up to the table, then move around to its left side and stop right next to it.'
instruction: 'There is a table ahead of you. Walk up to the table, then move around to its left side and stop right next to it.'
tokens (28 words -> padded to 80): ['there', 'is', 'a', 'table', 'ahead', 'of', 'you', '.', 'walk', 'up', 'to', 'the', 'table', ',', 'then', 'move', 'around', 'to', 'its', 'left', 'side', 'and', 'stop', 'right', 'next', 'to', 'it', '.']
scene: mp3d/zsNo4HB9uLZ/zsNo4HB9uLZ.glb
start_position: [17.257476806640625, 0.17162801325321198, 0.5036007165908813]
wrote dataset -> data/datasets/R2R_VLNCE_v1-2_preprocessed_BERTidx/custom/custom_bertidx.json.gz
wrote gt       -> data/datasets/R2R_VLNCE_v1-2_preprocessed/custom/custom_gt.json.gz
[5/20] ep20 tier=narrated: 'Walk forward toward the table in the room ahead. Once you reach the table, turn left and take a few steps to position yourself on the left side of it, then stop.'
instruction: 'Walk forward toward the table in the room ahead. Once you reach the table, turn left and take a few steps to position yourself on the left side of it, then stop.'
tokens (36 words -> padded to 80): ['walk', 'forward', 'toward', 'the', 'table', 'in', 'the', 'room', 'ahead', '.', 'once', 'you', 'reach', 'the', 'table', ',', 'turn', 'left', 'and', 'take', 'a', 'few', 'steps', 'to', 'position', 'yourself', 'on', 'the', 'left', 'side', 'of', 'it', ',', 'then', 'stop', '.']
scene: mp3d/zsNo4HB9uLZ/zsNo4HB9uLZ.glb
start_position: [17.257476806640625, 0.17162801325321198, 0.5036007165908813]
wrote dataset -> data/datasets/R2R_VLNCE_v1-2_preprocessed_BERTidx/custom/custom_bertidx.json.gz
wrote gt       -> data/datasets/R2R_VLNCE_v1-2_preprocessed/custom/custom_gt.json.gz
[6/20] ep14 tier=bare: 'Move to the right of the sofa.'
instruction: 'Move to the right of the sofa.'
tokens (8 words -> padded to 80): ['move', 'to', 'the', 'right', 'of', 'the', 'sofa', '.']
scene: mp3d/zsNo4HB9uLZ/zsNo4HB9uLZ.glb
start_position: [10.09335994720459, 0.26567015051841736, 2.3310203552246094]
wrote dataset -> data/datasets/R2R_VLNCE_v1-2_preprocessed_BERTidx/custom/custom_bertidx.json.gz
wrote gt       -> data/datasets/R2R_VLNCE_v1-2_preprocessed/custom/custom_gt.json.gz
[7/20] ep14 tier=verb_stop: 'Walk to the right of the sofa and stop there.'
instruction: 'Walk to the right of the sofa and stop there.'
tokens (11 words -> padded to 80): ['walk', 'to', 'the', 'right', 'of', 'the', 'sofa', 'and', 'stop', 'there', '.']
scene: mp3d/zsNo4HB9uLZ/zsNo4HB9uLZ.glb
start_position: [10.09335994720459, 0.26567015051841736, 2.3310203552246094]
wrote dataset -> data/datasets/R2R_VLNCE_v1-2_preprocessed_BERTidx/custom/custom_bertidx.json.gz
wrote gt       -> data/datasets/R2R_VLNCE_v1-2_preprocessed/custom/custom_gt.json.gz
[8/20] ep14 tier=two_step: 'Walk toward the sofa. When you reach it, step to its right side and stop.'
instruction: 'Walk toward the sofa. When you reach it, step to its right side and stop.'
tokens (18 words -> padded to 80): ['walk', 'toward', 'the', 'sofa', '.', 'when', 'you', 'reach', 'it', ',', 'step', 'to', 'its', 'right', 'side', 'and', 'stop', '.']
scene: mp3d/zsNo4HB9uLZ/zsNo4HB9uLZ.glb
start_position: [10.09335994720459, 0.26567015051841736, 2.3310203552246094]
wrote dataset -> data/datasets/R2R_VLNCE_v1-2_preprocessed_BERTidx/custom/custom_bertidx.json.gz
wrote gt       -> data/datasets/R2R_VLNCE_v1-2_preprocessed/custom/custom_gt.json.gz
[9/20] ep14 tier=anchored: 'There is a sofa ahead of you. Walk up to the sofa, then move around to its right side and stop right next to it.'
instruction: 'There is a sofa ahead of you. Walk up to the sofa, then move around to its right side and stop right next to it.'
tokens (28 words -> padded to 80): ['there', 'is', 'a', 'sofa', 'ahead', 'of', 'you', '.', 'walk', 'up', 'to', 'the', 'sofa', ',', 'then', 'move', 'around', 'to', 'its', 'right', 'side', 'and', 'stop', 'right', 'next', 'to', 'it', '.']
scene: mp3d/zsNo4HB9uLZ/zsNo4HB9uLZ.glb
start_position: [10.09335994720459, 0.26567015051841736, 2.3310203552246094]
wrote dataset -> data/datasets/R2R_VLNCE_v1-2_preprocessed_BERTidx/custom/custom_bertidx.json.gz
wrote gt       -> data/datasets/R2R_VLNCE_v1-2_preprocessed/custom/custom_gt.json.gz
[10/20] ep14 tier=narrated: 'Walk forward toward the sofa in the room ahead. Once you reach the sofa, turn right and take a few steps to position yourself on the right side of it, then stop.'
instruction: 'Walk forward toward the sofa in the room ahead. Once you reach the sofa, turn right and take a few steps to position yourself on the right side of it, then stop.'
tokens (36 words -> padded to 80): ['walk', 'forward', 'toward', 'the', 'sofa', 'in', 'the', 'room', 'ahead', '.', 'once', 'you', 'reach', 'the', 'sofa', ',', 'turn', 'right', 'and', 'take', 'a', 'few', 'steps', 'to', 'position', 'yourself', 'on', 'the', 'right', 'side', 'of', 'it', ',', 'then', 'stop', '.']
scene: mp3d/zsNo4HB9uLZ/zsNo4HB9uLZ.glb
start_position: [10.09335994720459, 0.26567015051841736, 2.3310203552246094]
wrote dataset -> data/datasets/R2R_VLNCE_v1-2_preprocessed_BERTidx/custom/custom_bertidx.json.gz
wrote gt       -> data/datasets/R2R_VLNCE_v1-2_preprocessed/custom/custom_gt.json.gz
[11/20] ep4 tier=bare: 'Go behind the dresser.'
instruction: 'Go behind the dresser.'
tokens (5 words -> padded to 80): ['go', 'behind', 'the', 'dresser', '.']
scene: mp3d/zsNo4HB9uLZ/zsNo4HB9uLZ.glb
start_position: [19.015472412109375, 0.17162801325321198, -7.580921649932861]
wrote dataset -> data/datasets/R2R_VLNCE_v1-2_preprocessed_BERTidx/custom/custom_bertidx.json.gz
wrote gt       -> data/datasets/R2R_VLNCE_v1-2_preprocessed/custom/custom_gt.json.gz
[12/20] ep4 tier=verb_stop: 'Walk behind the dresser and stop there.'
instruction: 'Walk behind the dresser and stop there.'
tokens (8 words -> padded to 80): ['walk', 'behind', 'the', 'dresser', 'and', 'stop', 'there', '.']
scene: mp3d/zsNo4HB9uLZ/zsNo4HB9uLZ.glb
start_position: [19.015472412109375, 0.17162801325321198, -7.580921649932861]
wrote dataset -> data/datasets/R2R_VLNCE_v1-2_preprocessed_BERTidx/custom/custom_bertidx.json.gz
wrote gt       -> data/datasets/R2R_VLNCE_v1-2_preprocessed/custom/custom_gt.json.gz
[13/20] ep4 tier=two_step: 'Walk toward the dresser. When you reach it, go around to the far side of it and stop.'
instruction: 'Walk toward the dresser. When you reach it, go around to the far side of it and stop.'
tokens (21 words -> padded to 80): ['walk', 'toward', 'the', 'dresser', '.', 'when', 'you', 'reach', 'it', ',', 'go', 'around', 'to', 'the', 'far', 'side', 'of', 'it', 'and', 'stop', '.']2026-09-15 00:01:50,297 checkpoint_path: data/logs/checkpoints/release_r2r/ckpt.iter12000.pth
2026-09-15 00:01:50,297 Initializing dataset VLN-CE-v1
2026-09-15 00:01:50,318 SPLTI: custom, NUMBER OF SCENES: 1
2026-09-15 00:01:51,768 Initializing dataset VLN-CE-v1
2026-09-15 00:01:51,788 initializing sim Sim-v1
WARNING: Logging before InitGoogleLogging() is written to STDERR
I0915 00:01:51.794624 23750 ManagedContainerBase.cpp:19] ManagedContainerBase::convertFilenameToJSON : Filename : default changed to proposed JSON configuration filename : default.scene_dataset_config.json
I0915 00:01:51.794653 23750 AttributesManagerBase.h:283] AttributesManager<T>::createFromJsonOrDefaultInternal  (Dataset) : Proposing JSON name : default.scene_dataset_config.json from original name : default | This file  does not exist.
I0915 00:01:51.794693 23750 AssetAttributesManager.cpp:117] Asset attributes (capsule3DSolid : capsule3DSolid_hemiRings_4_cylRings_1_segments_12_halfLen_0.75_useTexCoords_false_useTangents_false) created and registered.
I0915 00:01:51.794709 23750 AssetAttributesManager.cpp:117] Asset attributes (capsule3DWireframe : capsule3DWireframe_hemiRings_8_cylRings_1_segments_16_halfLen_1) created and registered.
I0915 00:01:51.794723 23750 AssetAttributesManager.cpp:117] Asset attributes (coneSolid : coneSolid_segments_12_halfLen_1.25_rings_1_useTexCoords_false_useTangents_false_capEnd_true) created and registered.
I0915 00:01:51.794731 23750 AssetAttributesManager.cpp:117] Asset attributes (coneWireframe : coneWireframe_segments_32_halfLen_1.25) created and registered.
I0915 00:01:51.794735 23750 AssetAttributesManager.cpp:117] Asset attributes (cubeSolid : cubeSolid) created and registered.
I0915 00:01:51.794739 23750 AssetAttributesManager.cpp:117] Asset attributes (cubeWireframe : cubeWireframe) created and registered.
I0915 00:01:51.794752 23750 AssetAttributesManager.cpp:117] Asset attributes (cylinderSolid : cylinderSolid_rings_1_segments_12_halfLen_1_useTexCoords_false_useTangents_false_capEnds_true) created and registered.
I0915 00:01:51.794761 23750 AssetAttributesManager.cpp:117] Asset attributes (cylinderWireframe : cylinderWireframe_rings_1_segments_32_halfLen_1) created and registered.
I0915 00:01:51.794767 23750 AssetAttributesManager.cpp:117] Asset attributes (icosphereSolid : icosphereSolid_subdivs_1) created and registered.
I0915 00:01:51.794772 23750 AssetAttributesManager.cpp:117] Asset attributes (icosphereWireframe : icosphereWireframe_subdivs_1) created and registered.
I0915 00:01:51.794781 23750 AssetAttributesManager.cpp:117] Asset attributes (uvSphereSolid : uvSphereSolid_rings_8_segments_16_useTexCoords_false_useTangents_false) created and registered.
I0915 00:01:51.794788 23750 AssetAttributesManager.cpp:117] Asset attributes (uvSphereWireframe : uvSphereWireframe_rings_16_segments_32) created and registered.
I0915 00:01:51.794791 23750 AssetAttributesManager.cpp:105] AssetAttributesManager::buildCtorFuncPtrMaps : Built default primitive asset templates : 12
I0915 00:01:51.795029 23750 SceneDatasetAttributesManager.cpp:23] File (default) not found, so new default dataset attributes created and registered.
I0915 00:01:51.795032 23750 MetadataMediator.cpp:47] MetadataMediator::createDataset : Dataset default successfully created.
I0915 00:01:51.796999 23750 AttributesManagerBase.h:283] AttributesManager<T>::createFromJsonOrDefaultInternal  (Physics Manager) : Proposing JSON name : ./data/default.physics_config.json from original name : ./data/default.physics_config.json | This file  does not exist.
I0915 00:01:51.797009 23750 PhysicsAttributesManager.cpp:27] File (./data/default.physics_config.json) not found, so new default physics manager attributes created and registered.
I0915 00:01:51.797012 23750 AbstractObjectAttributesManagerBase.h:175] AbstractObjectAttributesManager<T>::createObject  (Stage) : Making attributes with handle : data/scene_datasets/mp3d/zsNo4HB9uLZ/zsNo4HB9uLZ.glb
I0915 00:01:51.797014 23750 ManagedContainerBase.cpp:19] ManagedContainerBase::convertFilenameToJSON : Filename : data/scene_datasets/mp3d/zsNo4HB9uLZ/zsNo4HB9uLZ.glb changed to proposed JSON configuration filename : data/scene_datasets/mp3d/zsNo4HB9uLZ/zsNo4HB9uLZ.stage_config.json
I0915 00:01:51.797024 23750 AttributesManagerBase.h:283] AttributesManager<T>::createFromJsonOrDefaultInternal  (Stage) : Proposing JSON name : data/scene_datasets/mp3d/zsNo4HB9uLZ/zsNo4HB9uLZ.stage_config.json from original name : data/scene_datasets/mp3d/zsNo4HB9uLZ/zsNo4HB9uLZ.glb | This file  does not exist.
I0915 00:01:51.797053 23750 AbstractObjectAttributesManagerBase.h:181] AbstractObjectAttributesManager<T>::createObject  (Stage) : Done making attributes with handle : data/scene_datasets/mp3d/zsNo4HB9uLZ/zsNo4HB9uLZ.glb
I0915 00:01:51.797055 23750 AbstractObjectAttributesManagerBase.h:188] File (data/scene_datasets/mp3d/zsNo4HB9uLZ/zsNo4HB9uLZ.glb) exists but is not a recognized config filename extension, so new default Stage attributes created and registered.
I0915 00:01:51.797057 23750 Simulator.cpp:156] Loading navmesh from data/scene_datasets/mp3d/zsNo4HB9uLZ/zsNo4HB9uLZ.navmesh
I0915 00:01:51.797109 23750 Simulator.cpp:158] Loaded.
I0915 00:01:51.797115 23750 SceneGraph.h:93] Created DrawableGroup: 
Renderer: NVIDIA T1000 8GB/PCIe/SSE2 by NVIDIA Corporation
OpenGL version: 4.6.0 NVIDIA 590.48.01
Using optional features:
    GL_ARB_ES2_compatibility
    GL_ARB_direct_state_access
    GL_ARB_get_texture_sub_image
    GL_ARB_invalidate_subdata
    GL_ARB_multi_bind
    GL_ARB_robustness
    GL_ARB_separate_shader_objects
    GL_ARB_texture_filter_anisotropic
    GL_ARB_texture_storage
    GL_ARB_texture_storage_multisample
    GL_ARB_vertex_array_object
    GL_KHR_debug
Using driver workarounds:
    no-forward-compatible-core-context
    nv-egl-incorrect-gl11-function-pointers
    no-layout-qualifiers-on-old-glsl
    nv-zero-context-profile-mask
    nv-implementation-color-read-format-dsa-broken
    nv-cubemap-inconsistent-compressed-image-size
    nv-cubemap-broken-full-compressed-image-query
    nv-compressed-block-size-in-bits
I0915 00:01:51.885309 23750 ResourceManager.cpp:234] ResourceManager::loadStage : Not loading semantic mesh
I0915 00:01:51.885317 23750 ResourceManager.cpp:262] ResourceManager::loadStage : start load render asset data/scene_datasets/mp3d/zsNo4HB9uLZ/zsNo4HB9uLZ.glb.
I0915 00:01:51.885318 23750 ResourceManager.cpp:569] ResourceManager::loadStageInternal : Attempting to load stage data/scene_datasets/mp3d/zsNo4HB9uLZ/zsNo4HB9uLZ.glb 
I0915 00:01:51.885329 23750 ResourceManager.cpp:1119] Importing Basis files as BC7 for zsNo4HB9uLZ.glb
W0915 00:01:52.747159 23750 Simulator.cpp:248] :
---
 The active scene does not contain semantic annotations. 
---
I0915 00:01:52.785856 23750 simulator.py:213] Loaded navmesh data/scene_datasets/mp3d/zsNo4HB9uLZ/zsNo4HB9uLZ.navmesh
2026-09-15 00:01:52,790 Initializing task VLN-v0
You are using a model of type bert to instantiate a model of type . This is not supported for all configurations of models and can yield errors.
Some weights of the model checkpoint at None were not used when initializing GlocalTextPathNavCMT: ['bert.global_encoder.encoder.x_layers.1.lang_output.LayerNorm.bias', 'bert.global_encoder.encoder.x_layers.1.lang_output.dense.bias', 'bert.global_encoder.encoder.x_layers.2.lang_self_att.output.LayerNorm.weight', 'bert.global_encoder.encoder.x_layers.3.lang_self_att.output.LayerNorm.weight', 'bert.global_encoder.encoder.x_layers.3.lang_output.dense.bias', 'bert.global_encoder.encoder.x_layers.1.lang_self_att.self.value.bias', 'bert.global_encoder.encoder.x_layers.3.lang_inter.dense.weight', 'bert.global_encoder.encoder.x_layers.2.lang_inter.dense.bias', 'bert.global_encoder.encoder.x_layers.0.lang_inter.dense.bias', 'bert.global_encoder.encoder.x_layers.2.lang_self_att.self.key.bias', 'bert.global_encoder.encoder.x_layers.3.lang_self_att.self.key.bias', 'bert.global_encoder.encoder.x_layers.2.lang_self_att.self.value.bias', 'bert.global_encoder.encoder.x_layers.2.lang_self_att.output.LayerNorm.bias', 'bert.global_encoder.encoder.x_layers.0.lang_self_att.self.key.bias', 'bert.global_encoder.encoder.x_layers.0.lang_self_att.output.dense.bias', 'bert.global_encoder.encoder.x_layers.0.lang_output.LayerNorm.bias', 'bert.global_encoder.encoder.x_layers.0.lang_self_att.self.query.weight', 'bert.global_encoder.encoder.x_layers.3.lang_self_att.self.key.weight', 'bert.global_encoder.encoder.x_layers.0.lang_output.LayerNorm.weight', 'bert.global_encoder.encoder.x_layers.0.lang_self_att.self.key.weight', 'bert.global_encoder.encoder.x_layers.0.lang_self_att.output.LayerNorm.weight', 'bert.global_encoder.encoder.x_layers.2.lang_output.dense.bias', 'mlm_head.predictions.transform.LayerNorm.bias', 'bert.global_encoder.encoder.x_layers.3.lang_output.LayerNorm.weight', 'bert.global_encoder.encoder.x_layers.2.lang_output.LayerNorm.bias', 'bert.global_encoder.encoder.x_layers.3.lang_self_att.output.LayerNorm.bias', 'bert.global_encoder.encoder.x_layers.3.lang_self_att.self.value.bias', 'bert.global_encoder.encoder.x_layers.1.lang_output.dense.weight', 'bert.global_encoder.encoder.x_layers.1.lang_output.LayerNorm.weight', 'bert.global_encoder.encoder.x_layers.2.lang_inter.dense.weight', 'bert.global_encoder.encoder.x_layers.2.lang_self_att.self.query.bias', 'bert.global_encoder.encoder.x_layers.2.lang_self_att.self.query.weight', 'mlm_head.predictions.transform.dense.bias', 'mlm_head.predictions.decoder.weight', 'bert.global_encoder.encoder.x_layers.3.lang_self_att.self.value.weight', 'bert.global_encoder.encoder.x_layers.1.lang_inter.dense.weight', 'bert.global_encoder.encoder.x_layers.1.lang_self_att.self.key.bias', 'mlm_head.predictions.transform.LayerNorm.weight', 'bert.global_encoder.encoder.x_layers.1.lang_self_att.output.dense.bias', 'bert.global_encoder.encoder.x_layers.0.lang_output.dense.bias', 'bert.global_encoder.encoder.x_layers.3.lang_output.LayerNorm.bias', 'bert.global_encoder.encoder.x_layers.2.lang_output.dense.weight', 'bert.global_encoder.encoder.x_layers.0.lang_self_att.output.dense.weight', 'bert.global_encoder.encoder.x_layers.2.lang_self_att.output.dense.weight', 'bert.global_encoder.encoder.x_layers.3.lang_inter.dense.bias', 'bert.global_encoder.encoder.x_layers.3.lang_self_att.self.query.bias', 'bert.global_encoder.encoder.x_layers.1.lang_self_att.output.LayerNorm.bias', 'bert.global_encoder.encoder.x_layers.2.lang_output.LayerNorm.weight', 'bert.global_encoder.encoder.x_layers.3.lang_self_att.output.dense.bias', 'bert.global_encoder.encoder.x_layers.3.lang_self_att.self.query.weight', 'bert.global_encoder.encoder.x_layers.0.lang_self_att.self.query.bias', 'mlm_head.predictions.bias', 'bert.global_encoder.encoder.x_layers.0.lang_self_att.output.LayerNorm.bias', 'mlm_head.predictions.transform.dense.weight', 'bert.global_encoder.encoder.x_layers.0.lang_output.dense.weight', 'bert.global_encoder.encoder.x_layers.1.lang_self_att.self.key.weight', 'bert.global_encoder.encoder.x_layers.1.lang_inter.dense.bias', 'bert.global_encoder.encoder.x_layers.0.lang_inter.dense.weight', 'bert.global_encoder.encoder.x_layers.1.lang_self_att.self.query.weight', 'bert.global_encoder.encoder.x_layers.0.lang_self_att.self.value.bias', 'bert.global_encoder.encoder.x_layers.2.lang_self_att.self.value.weight', 'bert.global_encoder.encoder.x_layers.3.lang_self_att.output.dense.weight', 'bert.global_encoder.encoder.x_layers.2.lang_self_att.output.dense.bias', 'bert.global_encoder.encoder.x_layers.2.lang_self_att.self.key.weight', 'bert.global_encoder.encoder.x_layers.0.lang_self_att.self.value.weight', 'bert.global_encoder.encoder.x_layers.1.lang_self_att.output.dense.weight', 'bert.global_encoder.encoder.x_layers.3.lang_output.dense.weight', 'bert.global_encoder.encoder.x_layers.1.lang_self_att.self.value.weight', 'bert.global_encoder.encoder.x_layers.1.lang_self_att.output.LayerNorm.weight', 'bert.global_encoder.encoder.x_layers.1.lang_self_att.self.query.bias']
- This IS expected if you are initializing GlocalTextPathNavCMT from the checkpoint of a model trained on another task or with another architecture (e.g. initializing a BertForSequenceClassification model from a BertForPreTraining model).
- This IS NOT expected if you are initializing GlocalTextPathNavCMT from the checkpoint of a model that you expect to be exactly identical (initializing a BertForSequenceClassification model from a BertForSequenceClassification model).
2026-09-15 00:01:58,426 Loaded weights from checkpoint: data/logs/checkpoints/release_r2r/ckpt.iter12000.pth, iteration: 12000
2026-09-15 00:01:58,430 Agent parameters: 299.14 MB. Trainable: 140.79 MB.
2026-09-15 00:01:58,431 Finished setting up policy.
local rank: 0 | dataset length: 1

Initalizing the ETP model ...
  0%|          | 0/1 [00:00<?, ?it/s]2026-09-15 00:02:15,101 Video created: data/logs/video/phrasing_12/zsNo4HB9uLZ-12-SPL0.00.mp4
  0%|          | 0/220 [00:00<?, ?it/s]IMAGEIO FFMPEG_WRITER WARNING: input image is not divisible by macro_block_size=16, resizing from (825, 256) to (832, 256) to ensure video compatibility with most codecs and players. To prevent resizing, make your input image divisible by the macro_block_size or set the macro_block_size to 1 (risking incompatibility).
[swscaler @ 0x5dcd20d1cf00] Warning: data is not aligned! This can lead to a speed loss
 27%|██▋       | 60/220 [00:00<00:00, 591.23it/s] 76%|███████▌  | 167/220 [00:00<00:00, 869.88it/s]100%|██████████| 220/220 [00:00<00:00, 895.15it/s]100%|██████████| 1/1 [00:17<00:00, 17.02s/it]I0915 00:02:15.458261 23750 PhysicsManager.cpp:33] Deconstructing PhysicsManager
I0915 00:02:15.458289 23750 SemanticScene.h:41] Deconstructing SemanticScene
I0915 00:02:15.459856 23750 SceneManager.h:25] Deconstructing SceneManager
I0915 00:02:15.459864 23750 SceneGraph.h:26] Deconstructing SceneGraph
I0915 00:02:15.460130 23750 Sensor.h:87] Deconstructing Sensor
I0915 00:02:15.460299 23750 Sensor.h:87] Deconstructing Sensor
I0915 00:02:15.460397 23750 Sensor.h:87] Deconstructing Sensor
I0915 00:02:15.460484 23750 Sensor.h:87] Deconstructing Sensor
I0915 00:02:15.460577 23750 Sensor.h:87] Deconstructing Sensor
I0915 00:02:15.460667 23750 Sensor.h:87] Deconstructing Sensor
I0915 00:02:15.460753 23750 Sensor.h:87] Deconstructing Sensor
I0915 00:02:15.460842 23750 Sensor.h:87] Deconstructing Sensor
I0915 00:02:15.460928 23750 Sensor.h:87] Deconstructing Sensor
I0915 00:02:15.461014 23750 Sensor.h:87] Deconstructing Sensor
I0915 00:02:15.461098 23750 Sensor.h:87] Deconstructing Sensor
I0915 00:02:15.461185 23750 Sensor.h:87] Deconstructing Sensor
I0915 00:02:15.461272 23750 Sensor.h:87] Deconstructing Sensor
I0915 00:02:15.461385 23750 Sensor.h:87] Deconstructing Sensor
I0915 00:02:15.461491 23750 Sensor.h:87] Deconstructing Sensor
I0915 00:02:15.461601 23750 Sensor.h:87] Deconstructing Sensor
I0915 00:02:15.461705 23750 Sensor.h:87] Deconstructing Sensor
I0915 00:02:15.461817 23750 Sensor.h:87] Deconstructing Sensor
I0915 00:02:15.461926 23750 Sensor.h:87] Deconstructing Sensor
I0915 00:02:15.462033 23750 Sensor.h:87] Deconstructing Sensor
I0915 00:02:15.462137 23750 Sensor.h:87] Deconstructing Sensor
I0915 00:02:15.462270 23750 Sensor.h:87] Deconstructing Sensor
I0915 00:02:15.462378 23750 Sensor.h:87] Deconstructing Sensor
I0915 00:02:15.462474 23750 Sensor.h:87] Deconstructing Sensor
I0915 00:02:15.462568 23750 Sensor.h:87] Deconstructing Sensor
I0915 00:02:15.462653 23750 Sensor.h:87] Deconstructing Sensor
I0915 00:02:15.462740 23750 Sensor.h:87] Deconstructing Sensor
I0915 00:02:15.462822 23750 Sensor.h:87] Deconstructing Sensor
I0915 00:02:15.462901 23750 Sensor.h:87] Deconstructing Sensor
I0915 00:02:15.462908 23750 Sensor.h:87] Deconstructing Sensor
I0915 00:02:15.464886 23750 Renderer.cpp:34] Deconstructing Renderer
I0915 00:02:15.464895 23750 WindowlessContext.h:17] Deconstructing WindowlessContext
I0915 00:02:15.471460 23750 Simulator.cpp:49] Deconstructing Simulator

2026-09-15 00:02:15,472 Episodes evaluated: 1
2026-09-15 00:02:15,472 Average episode steps_taken: 219.000000
2026-09-15 00:02:15,472 Average episode distance_to_goal: 5.130979
2026-09-15 00:02:15,472 Average episode success: 0.000000
2026-09-15 00:02:15,472 Average episode oracle_success: 0.000000
2026-09-15 00:02:15,473 Average episode path_length: 1.678363
2026-09-15 00:02:15,473 Average episode collisions: 10.125000
2026-09-15 00:02:15,473 Average episode spl: 0.000000
2026-09-15 00:02:15,473 Average episode ndtw: 0.217840
2026-09-15 00:02:15,473 Average episode sdtw: 0.000000
2026-09-15 00:02:15,473 Average episode ghost_cnt: 19.000000
100%|██████████| 1/1 [00:17<00:00, 17.04s/it]
2026-09-15 00:02:18,033 checkpoint_path: data/logs/checkpoints/release_r2r/ckpt.iter12000.pth
2026-09-15 00:02:18,033 Initializing dataset VLN-CE-v1
2026-09-15 00:02:18,054 SPLTI: custom, NUMBER OF SCENES: 1
2026-09-15 00:02:19,576 Initializing dataset VLN-CE-v1
2026-09-15 00:02:19,597 initializing sim Sim-v1
WARNING: Logging before InitGoogleLogging() is written to STDERR
I0915 00:02:19.602804 24015 ManagedContainerBase.cpp:19] ManagedContainerBase::convertFilenameToJSON : Filename : default changed to proposed JSON configuration filename : default.scene_dataset_config.json
I0915 00:02:19.602828 24015 AttributesManagerBase.h:283] AttributesManager<T>::createFromJsonOrDefaultInternal  (Dataset) : Proposing JSON name : default.scene_dataset_config.json from original name : default | This file  does not exist.
I0915 00:02:19.602866 24015 AssetAttributesManager.cpp:117] Asset attributes (capsule3DSolid : capsule3DSolid_hemiRings_4_cylRings_1_segments_12_halfLen_0.75_useTexCoords_false_useTangents_false) created and registered.
I0915 00:02:19.602882 24015 AssetAttributesManager.cpp:117] Asset attributes (capsule3DWireframe : capsule3DWireframe_hemiRings_8_cylRings_1_segments_16_halfLen_1) created and registered.
I0915 00:02:19.602897 24015 AssetAttributesManager.cpp:117] Asset attributes (coneSolid : coneSolid_segments_12_halfLen_1.25_rings_1_useTexCoords_false_useTangents_false_capEnd_true) created and registered.
I0915 00:02:19.602906 24015 AssetAttributesManager.cpp:117] Asset attributes (coneWireframe : coneWireframe_segments_32_halfLen_1.25) created and registered.
I0915 00:02:19.602911 24015 AssetAttributesManager.cpp:117] Asset attributes (cubeSolid : cubeSolid) created and registered.
I0915 00:02:19.602916 24015 AssetAttributesManager.cpp:117] Asset attributes (cubeWireframe : cubeWireframe) created and registered.
I0915 00:02:19.602927 24015 AssetAttributesManager.cpp:117] Asset attributes (cylinderSolid : cylinderSolid_rings_1_segments_12_halfLen_1_useTexCoords_false_useTangents_false_capEnds_true) created and registered.
I0915 00:02:19.602938 24015 AssetAttributesManager.cpp:117] Asset attributes (cylinderWireframe : cylinderWireframe_rings_1_segments_32_halfLen_1) created and registered.
I0915 00:02:19.602943 24015 AssetAttributesManager.cpp:117] Asset attributes (icosphereSolid : icosphereSolid_subdivs_1) created and registered.
I0915 00:02:19.602948 24015 AssetAttributesManager.cpp:117] Asset attributes (icosphereWireframe : icosphereWireframe_subdivs_1) created and registered.
I0915 00:02:19.602957 24015 AssetAttributesManager.cpp:117] Asset attributes (uvSphereSolid : uvSphereSolid_rings_8_segments_16_useTexCoords_false_useTangents_false) created and registered.
I0915 00:02:19.602963 24015 AssetAttributesManager.cpp:117] Asset attributes (uvSphereWireframe : uvSphereWireframe_rings_16_segments_32) created and registered.
I0915 00:02:19.602967 24015 AssetAttributesManager.cpp:105] AssetAttributesManager::buildCtorFuncPtrMaps : Built default primitive asset templates : 12
I0915 00:02:19.603233 24015 SceneDatasetAttributesManager.cpp:23] File (default) not found, so new default dataset attributes created and registered.
I0915 00:02:19.603236 24015 MetadataMediator.cpp:47] MetadataMediator::createDataset : Dataset default successfully created.
I0915 00:02:19.605314 24015 AttributesManagerBase.h:283] AttributesManager<T>::createFromJsonOrDefaultInternal  (Physics Manager) : Proposing JSON name : ./data/default.physics_config.json from original name : ./data/default.physics_config.json | This file  does not exist.
I0915 00:02:19.605334 24015 PhysicsAttributesManager.cpp:27] File (./data/default.physics_config.json) not found, so new default physics manager attributes created and registered.
I0915 00:02:19.605345 24015 AbstractObjectAttributesManagerBase.h:175] AbstractObjectAttributesManager<T>::createObject  (Stage) : Making attributes with handle : data/scene_datasets/mp3d/zsNo4HB9uLZ/zsNo4HB9uLZ.glb
I0915 00:02:19.605347 24015 ManagedContainerBase.cpp:19] ManagedContainerBase::convertFilenameToJSON : Filename : data/scene_datasets/mp3d/zsNo4HB9uLZ/zsNo4HB9uLZ.glb changed to proposed JSON configuration filename : data/scene_datasets/mp3d/zsNo4HB9uLZ/zsNo4HB9uLZ.stage_config.json
I0915 00:02:19.605353 24015 AttributesManagerBase.h:283] AttributesManager<T>::createFromJsonOrDefaultInternal  (Stage) : Proposing JSON name : data/scene_datasets/mp3d/zsNo4HB9uLZ/zsNo4HB9uLZ.stage_config.json from original name : data/scene_datasets/mp3d/zsNo4HB9uLZ/zsNo4HB9uLZ.glb | This file  does not exist.
I0915 00:02:19.605389 24015 AbstractObjectAttributesManagerBase.h:181] AbstractObjectAttributesManager<T>::createObject  (Stage) : Done making attributes with handle : data/scene_datasets/mp3d/zsNo4HB9uLZ/zsNo4HB9uLZ.glb
I0915 00:02:19.605391 24015 AbstractObjectAttributesManagerBase.h:188] File (data/scene_datasets/mp3d/zsNo4HB9uLZ/zsNo4HB9uLZ.glb) exists but is not a recognized config filename extension, so new default Stage attributes created and registered.
I0915 00:02:19.605396 24015 Simulator.cpp:156] Loading navmesh from data/scene_datasets/mp3d/zsNo4HB9uLZ/zsNo4HB9uLZ.navmesh
I0915 00:02:19.605454 24015 Simulator.cpp:158] Loaded.
I0915 00:02:19.605461 24015 SceneGraph.h:93] Created DrawableGroup: 
Renderer: NVIDIA T1000 8GB/PCIe/SSE2 by NVIDIA Corporation
OpenGL version: 4.6.0 NVIDIA 590.48.01
Using optional features:
    GL_ARB_ES2_compatibility
    GL_ARB_direct_state_access
    GL_ARB_get_texture_sub_image
    GL_ARB_invalidate_subdata
    GL_ARB_multi_bind
    GL_ARB_robustness
    GL_ARB_separate_shader_objects
    GL_ARB_texture_filter_anisotropic
    GL_ARB_texture_storage
    GL_ARB_texture_storage_multisample
    GL_ARB_vertex_array_object
    GL_KHR_debug
Using driver workarounds:
    no-forward-compatible-core-context
    nv-egl-incorrect-gl11-function-pointers
    no-layout-qualifiers-on-old-glsl
    nv-zero-context-profile-mask
    nv-implementation-color-read-format-dsa-broken
    nv-cubemap-inconsistent-compressed-image-size
    nv-cubemap-broken-full-compressed-image-query
    nv-compressed-block-size-in-bits
I0915 00:02:19.694716 24015 ResourceManager.cpp:234] ResourceManager::loadStage : Not loading semantic mesh
I0915 00:02:19.694725 24015 ResourceManager.cpp:262] ResourceManager::loadStage : start load render asset data/scene_datasets/mp3d/zsNo4HB9uLZ/zsNo4HB9uLZ.glb.
I0915 00:02:19.694727 24015 ResourceManager.cpp:569] ResourceManager::loadStageInternal : Attempting to load stage data/scene_datasets/mp3d/zsNo4HB9uLZ/zsNo4HB9uLZ.glb 
I0915 00:02:19.694739 24015 ResourceManager.cpp:1119] Importing Basis files as BC7 for zsNo4HB9uLZ.glb
W0915 00:02:20.564357 24015 Simulator.cpp:248] :
---
 The active scene does not contain semantic annotations. 
---
I0915 00:02:20.603219 24015 simulator.py:213] Loaded navmesh data/scene_datasets/mp3d/zsNo4HB9uLZ/zsNo4HB9uLZ.navmesh
2026-09-15 00:02:20,608 Initializing task VLN-v0
You are using a model of type bert to instantiate a model of type . This is not supported for all configurations of models and can yield errors.
Some weights of the model checkpoint at None were not used when initializing GlocalTextPathNavCMT: ['bert.global_encoder.encoder.x_layers.2.lang_self_att.self.key.weight', 'bert.global_encoder.encoder.x_layers.1.lang_output.dense.bias', 'bert.global_encoder.encoder.x_layers.2.lang_self_att.self.value.bias', 'bert.global_encoder.encoder.x_layers.1.lang_self_att.output.LayerNorm.weight', 'mlm_head.predictions.transform.dense.bias', 'bert.global_encoder.encoder.x_layers.3.lang_self_att.self.key.bias', 'bert.global_encoder.encoder.x_layers.1.lang_output.dense.weight', 'bert.global_encoder.encoder.x_layers.3.lang_output.LayerNorm.bias', 'bert.global_encoder.encoder.x_layers.3.lang_self_att.output.dense.bias', 'mlm_head.predictions.bias', 'bert.global_encoder.encoder.x_layers.1.lang_self_att.self.value.bias', 'bert.global_encoder.encoder.x_layers.0.lang_self_att.self.value.bias', 'bert.global_encoder.encoder.x_layers.2.lang_output.dense.weight', 'bert.global_encoder.encoder.x_layers.2.lang_output.LayerNorm.weight', 'bert.global_encoder.encoder.x_layers.2.lang_self_att.self.key.bias', 'bert.global_encoder.encoder.x_layers.1.lang_inter.dense.weight', 'bert.global_encoder.encoder.x_layers.1.lang_self_att.self.query.bias', 'bert.global_encoder.encoder.x_layers.0.lang_output.LayerNorm.weight', 'bert.global_encoder.encoder.x_layers.0.lang_inter.dense.weight', 'bert.global_encoder.encoder.x_layers.0.lang_output.dense.weight', 'bert.global_encoder.encoder.x_layers.2.lang_self_att.output.dense.weight', 'bert.global_encoder.encoder.x_layers.1.lang_output.LayerNorm.bias', 'mlm_head.predictions.transform.dense.weight', 'bert.global_encoder.encoder.x_layers.2.lang_self_att.output.dense.bias', 'bert.global_encoder.encoder.x_layers.2.lang_self_att.output.LayerNorm.weight', 'bert.global_encoder.encoder.x_layers.3.lang_self_att.self.value.weight', 'bert.global_encoder.encoder.x_layers.2.lang_self_att.self.value.weight', 'bert.global_encoder.encoder.x_layers.0.lang_self_att.output.LayerNorm.bias', 'bert.global_encoder.encoder.x_layers.3.lang_inter.dense.bias', 'bert.global_encoder.encoder.x_layers.2.lang_output.LayerNorm.bias', 'mlm_head.predictions.decoder.weight', 'bert.global_encoder.encoder.x_layers.2.lang_self_att.self.query.weight', 'bert.global_encoder.encoder.x_layers.2.lang_inter.dense.bias', 'bert.global_encoder.encoder.x_layers.3.lang_inter.dense.weight', 'bert.global_encoder.encoder.x_layers.0.lang_output.LayerNorm.bias', 'bert.global_encoder.encoder.x_layers.1.lang_self_att.self.key.weight', 'bert.global_encoder.encoder.x_layers.0.lang_self_att.self.query.weight', 'bert.global_encoder.encoder.x_layers.3.lang_self_att.self.query.weight', 'bert.global_encoder.encoder.x_layers.1.lang_self_att.output.dense.weight', 'bert.global_encoder.encoder.x_layers.2.lang_self_att.output.LayerNorm.bias', 'bert.global_encoder.encoder.x_layers.0.lang_self_att.output.LayerNorm.weight', 'bert.global_encoder.encoder.x_layers.2.lang_output.dense.bias', 'bert.global_encoder.encoder.x_layers.1.lang_self_att.output.dense.bias', 'bert.global_encoder.encoder.x_layers.3.lang_self_att.self.key.weight', 'bert.global_encoder.encoder.x_layers.3.lang_self_att.output.dense.weight', 'bert.global_encoder.encoder.x_layers.1.lang_self_att.self.query.weight', 'bert.global_encoder.encoder.x_layers.1.lang_self_att.output.LayerNorm.bias', 'bert.global_encoder.encoder.x_layers.3.lang_self_att.self.query.bias', 'bert.global_encoder.encoder.x_layers.0.lang_self_att.self.key.bias', 'bert.global_encoder.encoder.x_layers.2.lang_inter.dense.weight', 'bert.global_encoder.encoder.x_layers.3.lang_self_att.output.LayerNorm.weight', 'bert.global_encoder.encoder.x_layers.3.lang_output.dense.bias', 'bert.global_encoder.encoder.x_layers.3.lang_self_att.self.value.bias', 'bert.global_encoder.encoder.x_layers.0.lang_self_att.output.dense.weight', 'bert.global_encoder.encoder.x_layers.3.lang_output.dense.weight', 'bert.global_encoder.encoder.x_layers.1.lang_self_att.self.key.bias', 'bert.global_encoder.encoder.x_layers.2.lang_self_att.self.query.bias', 'mlm_head.predictions.transform.LayerNorm.bias', 'bert.global_encoder.encoder.x_layers.0.lang_self_att.self.key.weight', 'bert.global_encoder.encoder.x_layers.0.lang_output.dense.bias', 'bert.global_encoder.encoder.x_layers.3.lang_self_att.output.LayerNorm.bias', 'bert.global_encoder.encoder.x_layers.0.lang_self_att.self.value.weight', 'bert.global_encoder.encoder.x_layers.1.lang_self_att.self.value.weight', 'bert.global_encoder.encoder.x_layers.0.lang_self_att.self.query.bias', 'bert.global_encoder.encoder.x_layers.0.lang_inter.dense.bias', 'mlm_head.predictions.transform.LayerNorm.weight', 'bert.global_encoder.encoder.x_layers.1.lang_output.LayerNorm.weight', 'bert.global_encoder.encoder.x_layers.1.lang_inter.dense.bias', 'bert.global_encoder.encoder.x_layers.3.lang_output.LayerNorm.weight', 'bert.global_encoder.encoder.x_layers.0.lang_self_att.output.dense.bias']
- This IS expected if you are initializing GlocalTextPathNavCMT from the checkpoint of a model trained on another task or with another architecture (e.g. initializing a BertForSequenceClassification model from a BertForPreTraining model).
- This IS NOT expected if you are initializing GlocalTextPathNavCMT from the checkpoint of a model that you expect to be exactly identical (initializing a BertForSequenceClassification model from a BertForSequenceClassification model).
2026-09-15 00:02:26,312 Loaded weights from checkpoint: data/logs/checkpoints/release_r2r/ckpt.iter12000.pth, iteration: 12000
2026-09-15 00:02:26,317 Agent parameters: 299.14 MB. Trainable: 140.79 MB.
2026-09-15 00:02:26,317 Finished setting up policy.
local rank: 0 | dataset length: 1

Initalizing the ETP model ...
  0%|          | 0/1 [00:00<?, ?it/s]2026-09-15 00:02:43,056 Video created: data/logs/video/phrasing_13/zsNo4HB9uLZ-13-SPL0.00.mp4
  0%|          | 0/211 [00:00<?, ?it/s]IMAGEIO FFMPEG_WRITER WARNING: input image is not divisible by macro_block_size=16, resizing from (825, 278) to (832, 288) to ensure video compatibility with most codecs and players. To prevent resizing, make your input image divisible by the macro_block_size or set the macro_block_size to 1 (risking incompatibility).
[swscaler @ 0x61185336af00] Warning: data is not aligned! This can lead to a speed loss
 26%|██▌       | 55/211 [00:00<00:00, 546.21it/s] 74%|███████▍  | 157/211 [00:00<00:00, 819.00it/s]100%|██████████| 211/211 [00:00<00:00, 855.17it/s]100%|██████████| 1/1 [00:17<00:00, 17.09s/it]I0915 00:02:43.415887 24015 PhysicsManager.cpp:33] Deconstructing PhysicsManager
I0915 00:02:43.415911 24015 SemanticScene.h:41] Deconstructing SemanticScene
I0915 00:02:43.417749 24015 SceneManager.h:25] Deconstructing SceneManager
I0915 00:02:43.417758 24015 SceneGraph.h:26] Deconstructing SceneGraph
I0915 00:02:43.418017 24015 Sensor.h:87] Deconstructing Sensor
I0915 00:02:43.418179 24015 Sensor.h:87] Deconstructing Sensor
I0915 00:02:43.418272 24015 Sensor.h:87] Deconstructing Sensor
I0915 00:02:43.418355 24015 Sensor.h:87] Deconstructing Sensor
I0915 00:02:43.418442 24015 Sensor.h:87] Deconstructing Sensor
I0915 00:02:43.418529 24015 Sensor.h:87] Deconstructing Sensor
I0915 00:02:43.418620 24015 Sensor.h:87] Deconstructing Sensor
I0915 00:02:43.418704 24015 Sensor.h:87] Deconstructing Sensor
I0915 00:02:43.418788 24015 Sensor.h:87] Deconstructing Sensor
I0915 00:02:43.418869 24015 Sensor.h:87] Deconstructing Sensor
I0915 00:02:43.418951 24015 Sensor.h:87] Deconstructing Sensor
I0915 00:02:43.419032 24015 Sensor.h:87] Deconstructing Sensor
I0915 00:02:43.419116 24015 Sensor.h:87] Deconstructing Sensor
I0915 00:02:43.419227 24015 Sensor.h:87] Deconstructing Sensor
I0915 00:02:43.419332 24015 Sensor.h:87] Deconstructing Sensor
I0915 00:02:43.419436 24015 Sensor.h:87] Deconstructing Sensor
I0915 00:02:43.419548 24015 Sensor.h:87] Deconstructing Sensor
I0915 00:02:43.419662 24015 Sensor.h:87] Deconstructing Sensor
I0915 00:02:43.419772 24015 Sensor.h:87] Deconstructing Sensor
I0915 00:02:43.419876 24015 Sensor.h:87] Deconstructing Sensor
I0915 00:02:43.419981 24015 Sensor.h:87] Deconstructing Sensor
I0915 00:02:43.420086 24015 Sensor.h:87] Deconstructing Sensor
I0915 00:02:43.420198 24015 Sensor.h:87] Deconstructing Sensor
I0915 00:02:43.420295 24015 Sensor.h:87] Deconstructing Sensor
I0915 00:02:43.420387 24015 Sensor.h:87] Deconstructing Sensor
I0915 00:02:43.420471 24015 Sensor.h:87] Deconstructing Sensor
I0915 00:02:43.420557 24015 Sensor.h:87] Deconstructing Sensor
I0915 00:02:43.420646 24015 Sensor.h:87] Deconstructing Sensor
I0915 00:02:43.420729 24015 Sensor.h:87] Deconstructing Sensor
I0915 00:02:43.420737 24015 Sensor.h:87] Deconstructing Sensor
I0915 00:02:43.422700 24015 Renderer.cpp:34] Deconstructing Renderer
I0915 00:02:43.422708 24015 WindowlessContext.h:17] Deconstructing WindowlessContext
I0915 00:02:43.428704 24015 Simulator.cpp:49] Deconstructing Simulator

2026-09-15 00:02:43,429 Episodes evaluated: 1
2026-09-15 00:02:43,429 Average episode steps_taken: 210.000000
2026-09-15 00:02:43,430 Average episode distance_to_goal: 5.130979
2026-09-15 00:02:43,430 Average episode success: 0.000000
2026-09-15 00:02:43,430 Average episode oracle_success: 0.000000
2026-09-15 00:02:43,430 Average episode path_length: 1.678363
2026-09-15 00:02:43,430 Average episode collisions: 10.125000
2026-09-15 00:02:43,430 Average episode spl: 0.000000
2026-09-15 00:02:43,430 Average episode ndtw: 0.217840
2026-09-15 00:02:43,430 Average episode sdtw: 0.000000
2026-09-15 00:02:43,430 Average episode ghost_cnt: 19.000000
100%|██████████| 1/1 [00:17<00:00, 17.11s/it]
2026-09-15 00:02:46,069 checkpoint_path: data/logs/checkpoints/release_r2r/ckpt.iter12000.pth
2026-09-15 00:02:46,069 Initializing dataset VLN-CE-v1
2026-09-15 00:02:46,090 SPLTI: custom, NUMBER OF SCENES: 1
2026-09-15 00:02:47,549 Initializing dataset VLN-CE-v1
2026-09-15 00:02:47,569 initializing sim Sim-v1
WARNING: Logging before InitGoogleLogging() is written to STDERR
I0915 00:02:47.575914 24293 ManagedContainerBase.cpp:19] ManagedContainerBase::convertFilenameToJSON : Filename : default changed to proposed JSON configuration filename : default.scene_dataset_config.json
I0915 00:02:47.575945 24293 AttributesManagerBase.h:283] AttributesManager<T>::createFromJsonOrDefaultInternal  (Dataset) : Proposing JSON name : default.scene_dataset_config.json from original name : default | This file  does not exist.
I0915 00:02:47.575989 24293 AssetAttributesManager.cpp:117] Asset attributes (capsule3DSolid : capsule3DSolid_hemiRings_4_cylRings_1_segments_12_halfLen_0.75_useTexCoords_false_useTangents_false) created and registered.
I0915 00:02:47.576005 24293 AssetAttributesManager.cpp:117] Asset attributes (capsule3DWireframe : capsule3DWireframe_hemiRings_8_cylRings_1_segments_16_halfLen_1) created and registered.
I0915 00:02:47.576020 24293 AssetAttributesManager.cpp:117] Asset attributes (coneSolid : coneSolid_segments_12_halfLen_1.25_rings_1_useTexCoords_false_useTangents_false_capEnd_true) created and registered.
I0915 00:02:47.576030 24293 AssetAttributesManager.cpp:117] Asset attributes (coneWireframe : coneWireframe_segments_32_halfLen_1.25) created and registered.
I0915 00:02:47.576035 24293 AssetAttributesManager.cpp:117] Asset attributes (cubeSolid : cubeSolid) created and registered.
I0915 00:02:47.576040 24293 AssetAttributesManager.cpp:117] Asset attributes (cubeWireframe : cubeWireframe) created and registered.
I0915 00:02:47.576052 24293 AssetAttributesManager.cpp:117] Asset attributes (cylinderSolid : cylinderSolid_rings_1_segments_12_halfLen_1_useTexCoords_false_useTangents_false_capEnds_true) created and registered.
I0915 00:02:47.576063 24293 AssetAttributesManager.cpp:117] Asset attributes (cylinderWireframe : cylinderWireframe_rings_1_segments_32_halfLen_1) created and registered.
I0915 00:02:47.576069 24293 AssetAttributesManager.cpp:117] Asset attributes (icosphereSolid : icosphereSolid_subdivs_1) created and registered.
I0915 00:02:47.576074 24293 AssetAttributesManager.cpp:117] Asset attributes (icosphereWireframe : icosphereWireframe_subdivs_1) created and registered.
I0915 00:02:47.576082 24293 AssetAttributesManager.cpp:117] Asset attributes (uvSphereSolid : uvSphereSolid_rings_8_segments_16_useTexCoords_false_useTangents_false) created and registered.
I0915 00:02:47.576089 24293 AssetAttributesManager.cpp:117] Asset attributes (uvSphereWireframe : uvSphereWireframe_rings_16_segments_32) created and registered.
I0915 00:02:47.576092 24293 AssetAttributesManager.cpp:105] AssetAttributesManager::buildCtorFuncPtrMaps : Built default primitive asset templates : 12
I0915 00:02:47.576355 24293 SceneDatasetAttributesManager.cpp:23] File (default) not found, so new default dataset attributes created and registered.
I0915 00:02:47.576362 24293 MetadataMediator.cpp:47] MetadataMediator::createDataset : Dataset default successfully created.
I0915 00:02:47.578336 24293 AttributesManagerBase.h:283] AttributesManager<T>::createFromJsonOrDefaultInternal  (Physics Manager) : Proposing JSON name : ./data/default.physics_config.json from original name : ./data/default.physics_config.json | This file  does not exist.
I0915 00:02:47.578351 24293 PhysicsAttributesManager.cpp:27] File (./data/default.physics_config.json) not found, so new default physics manager attributes created and registered.
I0915 00:02:47.578354 24293 AbstractObjectAttributesManagerBase.h:175] AbstractObjectAttributesManager<T>::createObject  (Stage) : Making attributes with handle : data/scene_datasets/mp3d/zsNo4HB9uLZ/zsNo4HB9uLZ.glb
I0915 00:02:47.578356 24293 ManagedContainerBase.cpp:19] ManagedContainerBase::convertFilenameToJSON : Filename : data/scene_datasets/mp3d/zsNo4HB9uLZ/zsNo4HB9uLZ.glb changed to proposed JSON configuration filename : data/scene_datasets/mp3d/zsNo4HB9uLZ/zsNo4HB9uLZ.stage_config.json
I0915 00:02:47.578361 24293 AttributesManagerBase.h:283] AttributesManager<T>::createFromJsonOrDefaultInternal  (Stage) : Proposing JSON name : data/scene_datasets/mp3d/zsNo4HB9uLZ/zsNo4HB9uLZ.stage_config.json from original name : data/scene_datasets/mp3d/zsNo4HB9uLZ/zsNo4HB9uLZ.glb | This file  does not exist.
I0915 00:02:47.578392 24293 AbstractObjectAttributesManagerBase.h:181] AbstractObjectAttributesManager<T>::createObject  (Stage) : Done making attributes with handle : data/scene_datasets/mp3d/zsNo4HB9uLZ/zsNo4HB9uLZ.glb
I0915 00:02:47.578393 24293 AbstractObjectAttributesManagerBase.h:188] File (data/scene_datasets/mp3d/zsNo4HB9uLZ/zsNo4HB9uLZ.glb) exists but is not a recognized config filename extension, so new default Stage attributes created and registered.
I0915 00:02:47.578397 24293 Simulator.cpp:156] Loading navmesh from data/scene_datasets/mp3d/zsNo4HB9uLZ/zsNo4HB9uLZ.navmesh
I0915 00:02:47.578450 24293 Simulator.cpp:158] Loaded.
I0915 00:02:47.578456 24293 SceneGraph.h:93] Created DrawableGroup: 
Renderer: NVIDIA T1000 8GB/PCIe/SSE2 by NVIDIA Corporation
OpenGL version: 4.6.0 NVIDIA 590.48.01
Using optional features:
    GL_ARB_ES2_compatibility
    GL_ARB_direct_state_access
    GL_ARB_get_texture_sub_image
    GL_ARB_invalidate_subdata
    GL_ARB_multi_bind
    GL_ARB_robustness
    GL_ARB_separate_shader_objects
    GL_ARB_texture_filter_anisotropic
    GL_ARB_texture_storage
    GL_ARB_texture_storage_multisample
    GL_ARB_vertex_array_object
    GL_KHR_debug
Using driver workarounds:
    no-forward-compatible-core-context
    nv-egl-incorrect-gl11-function-pointers
    no-layout-qualifiers-on-old-glsl
    nv-zero-context-profile-mask
    nv-implementation-color-read-format-dsa-broken
    nv-cubemap-inconsistent-compressed-image-size
    nv-cubemap-broken-full-compressed-image-query
    nv-compressed-block-size-in-bits
I0915 00:02:47.665602 24293 ResourceManager.cpp:234] ResourceManager::loadStage : Not loading semantic mesh
I0915 00:02:47.665611 24293 ResourceManager.cpp:262] ResourceManager::loadStage : start load render asset data/scene_datasets/mp3d/zsNo4HB9uLZ/zsNo4HB9uLZ.glb.
I0915 00:02:47.665611 24293 ResourceManager.cpp:569] ResourceManager::loadStageInternal : Attempting to load stage data/scene_datasets/mp3d/zsNo4HB9uLZ/zsNo4HB9uLZ.glb 
I0915 00:02:47.665622 24293 ResourceManager.cpp:1119] Importing Basis files as BC7 for zsNo4HB9uLZ.glb
W0915 00:02:48.531379 24293 Simulator.cpp:248] :
---
 The active scene does not contain semantic annotations. 
---
I0915 00:02:48.570126 24293 simulator.py:213] Loaded navmesh data/scene_datasets/mp3d/zsNo4HB9uLZ/zsNo4HB9uLZ.navmesh
2026-09-15 00:02:48,574 Initializing task VLN-v0
You are using a model of type bert to instantiate a model of type . This is not supported for all configurations of models and can yield errors.
Some weights of the model checkpoint at None were not used when initializing GlocalTextPathNavCMT: ['mlm_head.predictions.bias', 'bert.global_encoder.encoder.x_layers.1.lang_inter.dense.weight', 'bert.global_encoder.encoder.x_layers.0.lang_self_att.self.value.weight', 'bert.global_encoder.encoder.x_layers.2.lang_self_att.output.dense.weight', 'mlm_head.predictions.transform.dense.weight', 'bert.global_encoder.encoder.x_layers.1.lang_self_att.self.value.weight', 'mlm_head.predictions.decoder.weight', 'bert.global_encoder.encoder.x_layers.3.lang_self_att.self.key.weight', 'bert.global_encoder.encoder.x_layers.2.lang_inter.dense.bias', 'bert.global_encoder.encoder.x_layers.1.lang_output.dense.bias', 'bert.global_encoder.encoder.x_layers.2.lang_self_att.self.query.bias', 'bert.global_encoder.encoder.x_layers.1.lang_self_att.output.dense.weight', 'bert.global_encoder.encoder.x_layers.1.lang_output.LayerNorm.bias', 'bert.global_encoder.encoder.x_layers.3.lang_output.LayerNorm.weight', 'bert.global_encoder.encoder.x_layers.3.lang_self_att.output.dense.weight', 'bert.global_encoder.encoder.x_layers.0.lang_self_att.output.LayerNorm.bias', 'bert.global_encoder.encoder.x_layers.0.lang_inter.dense.bias', 'bert.global_encoder.encoder.x_layers.3.lang_output.LayerNorm.bias', 'bert.global_encoder.encoder.x_layers.3.lang_self_att.self.value.bias', 'bert.global_encoder.encoder.x_layers.2.lang_output.dense.bias', 'bert.global_encoder.encoder.x_layers.2.lang_self_att.self.value.weight', 'bert.global_encoder.encoder.x_layers.2.lang_self_att.self.key.weight', 'bert.global_encoder.encoder.x_layers.3.lang_self_att.self.key.bias', 'bert.global_encoder.encoder.x_layers.0.lang_self_att.self.query.weight', 'bert.global_encoder.encoder.x_layers.2.lang_inter.dense.weight', 'bert.global_encoder.encoder.x_layers.0.lang_inter.dense.weight', 'bert.global_encoder.encoder.x_layers.0.lang_self_att.self.key.weight', 'bert.global_encoder.encoder.x_layers.1.lang_self_att.self.query.bias', 'bert.global_encoder.encoder.x_layers.3.lang_inter.dense.weight', 'bert.global_encoder.encoder.x_layers.0.lang_output.LayerNorm.weight', 'bert.global_encoder.encoder.x_layers.3.lang_output.dense.bias', 'mlm_head.predictions.transform.dense.bias', 'bert.global_encoder.encoder.x_layers.2.lang_output.LayerNorm.weight', 'mlm_head.predictions.transform.LayerNorm.weight', 'bert.global_encoder.encoder.x_layers.1.lang_self_att.self.query.weight', 'bert.global_encoder.encoder.x_layers.2.lang_self_att.output.dense.bias', 'bert.global_encoder.encoder.x_layers.1.lang_inter.dense.bias', 'bert.global_encoder.encoder.x_layers.3.lang_self_att.output.dense.bias', 'bert.global_encoder.encoder.x_layers.0.lang_self_att.output.LayerNorm.weight', 'bert.global_encoder.encoder.x_layers.1.lang_self_att.output.LayerNorm.weight', 'bert.global_encoder.encoder.x_layers.1.lang_self_att.output.dense.bias', 'bert.global_encoder.encoder.x_layers.2.lang_self_att.self.key.bias', 'bert.global_encoder.encoder.x_layers.3.lang_self_att.self.query.bias', 'bert.global_encoder.encoder.x_layers.3.lang_self_att.output.LayerNorm.weight', 'bert.global_encoder.encoder.x_layers.2.lang_output.dense.weight', 'bert.global_encoder.encoder.x_layers.1.lang_self_att.output.LayerNorm.bias', 'bert.global_encoder.encoder.x_layers.3.lang_output.dense.weight', 'mlm_head.predictions.transform.LayerNorm.bias', 'bert.global_encoder.encoder.x_layers.0.lang_self_att.output.dense.bias', 'bert.global_encoder.encoder.x_layers.1.lang_output.dense.weight', 'bert.global_encoder.encoder.x_layers.1.lang_self_att.self.key.weight', 'bert.global_encoder.encoder.x_layers.0.lang_self_att.self.key.bias', 'bert.global_encoder.encoder.x_layers.3.lang_self_att.self.query.weight', 'bert.global_encoder.encoder.x_layers.1.lang_output.LayerNorm.weight', 'bert.global_encoder.encoder.x_layers.2.lang_self_att.output.LayerNorm.bias', 'bert.global_encoder.encoder.x_layers.3.lang_self_att.output.LayerNorm.bias', 'bert.global_encoder.encoder.x_layers.0.lang_self_att.self.query.bias', 'bert.global_encoder.encoder.x_layers.1.lang_self_att.self.key.bias', 'bert.global_encoder.encoder.x_layers.0.lang_self_att.output.dense.weight', 'bert.global_encoder.encoder.x_layers.0.lang_output.dense.weight', 'bert.global_encoder.encoder.x_layers.0.lang_output.LayerNorm.bias', 'bert.global_encoder.encoder.x_layers.2.lang_self_att.output.LayerNorm.weight', 'bert.global_encoder.encoder.x_layers.2.lang_self_att.self.value.bias', 'bert.global_encoder.encoder.x_layers.3.lang_inter.dense.bias', 'bert.global_encoder.encoder.x_layers.0.lang_output.dense.bias', 'bert.global_encoder.encoder.x_layers.2.lang_self_att.self.query.weight', 'bert.global_encoder.encoder.x_layers.1.lang_self_att.self.value.bias', 'bert.global_encoder.encoder.x_layers.2.lang_output.LayerNorm.bias', 'bert.global_encoder.encoder.x_layers.0.lang_self_att.self.value.bias', 'bert.global_encoder.encoder.x_layers.3.lang_self_att.self.value.weight']
- This IS expected if you are initializing GlocalTextPathNavCMT from the checkpoint of a model trained on another task or with another architecture (e.g. initializing a BertForSequenceClassification model from a BertForPreTraining model).
- This IS NOT expected if you are initializing GlocalTextPathNavCMT from the checkpoint of a model that you expect to be exactly identical (initializing a BertForSequenceClassification model from a BertForSequenceClassification model).
2026-09-15 00:02:54,201 Loaded weights from checkpoint: data/logs/checkpoints/release_r2r/ckpt.iter12000.pth, iteration: 12000
2026-09-15 00:02:54,203 Agent parameters: 299.14 MB. Trainable: 140.79 MB.
2026-09-15 00:02:54,203 Finished setting up policy.
local rank: 0 | dataset length: 1

Initalizing the ETP model ...
  0%|          | 0/1 [00:00<?, ?it/s]2026-09-15 00:03:10,786 Video created: data/logs/video/phrasing_14/zsNo4HB9uLZ-14-SPL0.00.mp4
  0%|          | 0/218 [00:00<?, ?it/s]IMAGEIO FFMPEG_WRITER WARNING: input image is not divisible by macro_block_size=16, resizing from (825, 278) to (832, 288) to ensure video compatibility with most codecs and players. To prevent resizing, make your input image divisible by the macro_block_size or set the macro_block_size to 1 (risking incompatibility).
[swscaler @ 0x608d7995df00] Warning: data is not aligned! This can lead to a speed loss
 23%|██▎       | 50/218 [00:00<00:00, 497.35it/s] 72%|███████▏  | 156/218 [00:00<00:00, 825.41it/s]100%|██████████| 218/218 [00:00<00:00, 827.87it/s]100%|██████████| 1/1 [00:16<00:00, 16.95s/it]I0915 00:03:11.161597 24293 PhysicsManager.cpp:33] Deconstructing PhysicsManager
I0915 00:03:11.161624 24293 SemanticScene.h:41] Deconstructing SemanticScene
I0915 00:03:11.163625 24293 SceneManager.h:25] Deconstructing SceneManager
I0915 00:03:11.163633 24293 SceneGraph.h:26] Deconstructing SceneGraph
I0915 00:03:11.163991 24293 Sensor.h:87] Deconstructing Sensor
I0915 00:03:11.164170 24293 Sensor.h:87] Deconstructing Sensor
I0915 00:03:11.164270 24293 Sensor.h:87] Deconstructing Sensor
I0915 00:03:11.164358 24293 Sensor.h:87] Deconstructing Sensor
I0915 00:03:11.164443 24293 Sensor.h:87] Deconstructing Sensor
I0915 00:03:11.164529 24293 Sensor.h:87] Deconstructing Sensor
I0915 00:03:11.164618 24293 Sensor.h:87] Deconstructing Sensor
I0915 00:03:11.164714 24293 Sensor.h:87] Deconstructing Sensor
I0915 00:03:11.164798 24293 Sensor.h:87] Deconstructing Sensor
I0915 00:03:11.164884 24293 Sensor.h:87] Deconstructing Sensor
I0915 00:03:11.164978 24293 Sensor.h:87] Deconstructing Sensor
I0915 00:03:11.165057 24293 Sensor.h:87] Deconstructing Sensor
I0915 00:03:11.165141 24293 Sensor.h:87] Deconstructing Sensor
I0915 00:03:11.165267 24293 Sensor.h:87] Deconstructing Sensor
I0915 00:03:11.165371 24293 Sensor.h:87] Deconstructing Sensor
I0915 00:03:11.165472 24293 Sensor.h:87] Deconstructing Sensor
I0915 00:03:11.165572 24293 Sensor.h:87] Deconstructing Sensor
I0915 00:03:11.165699 24293 Sensor.h:87] Deconstructing Sensor
I0915 00:03:11.165802 24293 Sensor.h:87] Deconstructing Sensor
I0915 00:03:11.165900 24293 Sensor.h:87] Deconstructing Sensor
I0915 00:03:11.166000 24293 Sensor.h:87] Deconstructing Sensor
I0915 00:03:11.166101 24293 Sensor.h:87] Deconstructing Sensor
I0915 00:03:11.166211 24293 Sensor.h:87] Deconstructing Sensor
I0915 00:03:11.166306 24293 Sensor.h:87] Deconstructing Sensor
I0915 00:03:11.166391 24293 Sensor.h:87] Deconstructing Sensor
I0915 00:03:11.166472 24293 Sensor.h:87] Deconstructing Sensor
I0915 00:03:11.166561 24293 Sensor.h:87] Deconstructing Sensor
I0915 00:03:11.166646 24293 Sensor.h:87] Deconstructing Sensor
I0915 00:03:11.166723 24293 Sensor.h:87] Deconstructing Sensor
I0915 00:03:11.166729 24293 Sensor.h:87] Deconstructing Sensor
I0915 00:03:11.168864 24293 Renderer.cpp:34] Deconstructing Renderer
I0915 00:03:11.168874 24293 WindowlessContext.h:17] Deconstructing WindowlessContext
I0915 00:03:11.175570 24293 Simulator.cpp:49] Deconstructing Simulator

2026-09-15 00:03:11,177 Episodes evaluated: 1
2026-09-15 00:03:11,177 Average episode steps_taken: 217.000000
2026-09-15 00:03:11,178 Average episode distance_to_goal: 5.130979
2026-09-15 00:03:11,178 Average episode success: 0.000000
2026-09-15 00:03:11,178 Average episode oracle_success: 0.000000
2026-09-15 00:03:11,178 Average episode path_length: 1.678363
2026-09-15 00:03:11,178 Average episode collisions: 9.875000
2026-09-15 00:03:11,178 Average episode spl: 0.000000
2026-09-15 00:03:11,178 Average episode ndtw: 0.217840
2026-09-15 00:03:11,178 Average episode sdtw: 0.000000
2026-09-15 00:03:11,178 Average episode ghost_cnt: 20.000000
100%|██████████| 1/1 [00:16<00:00, 16.97s/it]
2026-09-15 00:03:13,833 checkpoint_path: data/logs/checkpoints/release_r2r/ckpt.iter12000.pth
2026-09-15 00:03:13,834 Initializing dataset VLN-CE-v1
2026-09-15 00:03:13,855 SPLTI: custom, NUMBER OF SCENES: 1
2026-09-15 00:03:15,336 Initializing dataset VLN-CE-v1
2026-09-15 00:03:15,356 initializing sim Sim-v1
WARNING: Logging before InitGoogleLogging() is written to STDERR
I0915 00:03:15.362129 24553 ManagedContainerBase.cpp:19] ManagedContainerBase::convertFilenameToJSON : Filename : default changed to proposed JSON configuration filename : default.scene_dataset_config.json
I0915 00:03:15.362159 24553 AttributesManagerBase.h:283] AttributesManager<T>::createFromJsonOrDefaultInternal  (Dataset) : Proposing JSON name : default.scene_dataset_config.json from original name : default | This file  does not exist.
I0915 00:03:15.362206 24553 AssetAttributesManager.cpp:117] Asset attributes (capsule3DSolid : capsule3DSolid_hemiRings_4_cylRings_1_segments_12_halfLen_0.75_useTexCoords_false_useTangents_false) created and registered.
I0915 00:03:15.362223 24553 AssetAttributesManager.cpp:117] Asset attributes (capsule3DWireframe : capsule3DWireframe_hemiRings_8_cylRings_1_segments_16_halfLen_1) created and registered.
I0915 00:03:15.362241 24553 AssetAttributesManager.cpp:117] Asset attributes (coneSolid : coneSolid_segments_12_halfLen_1.25_rings_1_useTexCoords_false_useTangents_false_capEnd_true) created and registered.
I0915 00:03:15.362282 24553 AssetAttributesManager.cpp:117] Asset attributes (coneWireframe : coneWireframe_segments_32_halfLen_1.25) created and registered.
I0915 00:03:15.362288 24553 AssetAttributesManager.cpp:117] Asset attributes (cubeSolid : cubeSolid) created and registered.
I0915 00:03:15.362293 24553 AssetAttributesManager.cpp:117] Asset attributes (cubeWireframe : cubeWireframe) created and registered.
I0915 00:03:15.362315 24553 AssetAttributesManager.cpp:117] Asset attributes (cylinderSolid : cylinderSolid_rings_1_segments_12_halfLen_1_useTexCoords_false_useTangents_false_capEnds_true) created and registered.
I0915 00:03:15.362326 24553 AssetAttributesManager.cpp:117] Asset attributes (cylinderWireframe : cylinderWireframe_rings_1_segments_32_halfLen_1) created and registered.
I0915 00:03:15.362332 24553 AssetAttributesManager.cpp:117] Asset attributes (icosphereSolid : icosphereSolid_subdivs_1) created and registered.
I0915 00:03:15.362350 24553 AssetAttributesManager.cpp:117] Asset attributes (icosphereWireframe : icosphereWireframe_subdivs_1) created and registered.
I0915 00:03:15.362358 24553 AssetAttributesManager.cpp:117] Asset attributes (uvSphereSolid : uvSphereSolid_rings_8_segments_16_useTexCoords_false_useTangents_false) created and registered.
I0915 00:03:15.362370 24553 AssetAttributesManager.cpp:117] Asset attributes (uvSphereWireframe : uvSphereWireframe_rings_16_segments_32) created and registered.
I0915 00:03:15.362373 24553 AssetAttributesManager.cpp:105] AssetAttributesManager::buildCtorFuncPtrMaps : Built default primitive asset templates : 12
I0915 00:03:15.362672 24553 SceneDatasetAttributesManager.cpp:23] File (default) not found, so new default dataset attributes created and registered.
I0915 00:03:15.362675 24553 MetadataMediator.cpp:47] MetadataMediator::createDataset : Dataset default successfully created.
I0915 00:03:15.364737 24553 AttributesManagerBase.h:283] AttributesManager<T>::createFromJsonOrDefaultInternal  (Physics Manager) : Proposing JSON name : ./data/default.physics_config.json from original name : ./data/default.physics_config.json | This file  does not exist.
I0915 00:03:15.364749 24553 PhysicsAttributesManager.cpp:27] File (./data/default.physics_config.json) not found, so new default physics manager attributes created and registered.
I0915 00:03:15.364753 24553 AbstractObjectAttributesManagerBase.h:175] AbstractObjectAttributesManager<T>::createObject  (Stage) : Making attributes with handle : data/scene_datasets/mp3d/zsNo4HB9uLZ/zsNo4HB9uLZ.glb
I0915 00:03:15.364754 24553 ManagedContainerBase.cpp:19] ManagedContainerBase::convertFilenameToJSON : Filename : data/scene_datasets/mp3d/zsNo4HB9uLZ/zsNo4HB9uLZ.glb changed to proposed JSON configuration filename : data/scene_datasets/mp3d/zsNo4HB9uLZ/zsNo4HB9uLZ.stage_config.json
I0915 00:03:15.364760 24553 AttributesManagerBase.h:283] AttributesManager<T>::createFromJsonOrDefaultInternal  (Stage) : Proposing JSON name : data/scene_datasets/mp3d/zsNo4HB9uLZ/zsNo4HB9uLZ.stage_config.json from original name : data/scene_datasets/mp3d/zsNo4HB9uLZ/zsNo4HB9uLZ.glb | This file  does not exist.
I0915 00:03:15.364791 24553 AbstractObjectAttributesManagerBase.h:181] AbstractObjectAttributesManager<T>::createObject  (Stage) : Done making attributes with handle : data/scene_datasets/mp3d/zsNo4HB9uLZ/zsNo4HB9uLZ.glb
I0915 00:03:15.364794 24553 AbstractObjectAttributesManagerBase.h:188] File (data/scene_datasets/mp3d/zsNo4HB9uLZ/zsNo4HB9uLZ.glb) exists but is not a recognized config filename extension, so new default Stage attributes created and registered.
I0915 00:03:15.364796 24553 Simulator.cpp:156] Loading navmesh from data/scene_datasets/mp3d/zsNo4HB9uLZ/zsNo4HB9uLZ.navmesh
I0915 00:03:15.364850 24553 Simulator.cpp:158] Loaded.
I0915 00:03:15.364857 24553 SceneGraph.h:93] Created DrawableGroup: 
Renderer: NVIDIA T1000 8GB/PCIe/SSE2 by NVIDIA Corporation
OpenGL version: 4.6.0 NVIDIA 590.48.01
Using optional features:
    GL_ARB_ES2_compatibility
    GL_ARB_direct_state_access
    GL_ARB_get_texture_sub_image
    GL_ARB_invalidate_subdata
    GL_ARB_multi_bind
    GL_ARB_robustness
    GL_ARB_separate_shader_objects
    GL_ARB_texture_filter_anisotropic
    GL_ARB_texture_storage
    GL_ARB_texture_storage_multisample
    GL_ARB_vertex_array_object
    GL_KHR_debug
Using driver workarounds:
    no-forward-compatible-core-context
    nv-egl-incorrect-gl11-function-pointers
    no-layout-qualifiers-on-old-glsl
    nv-zero-context-profile-mask
    nv-implementation-color-read-format-dsa-broken
    nv-cubemap-inconsistent-compressed-image-size
    nv-cubemap-broken-full-compressed-image-query
    nv-compressed-block-size-in-bits
I0915 00:03:15.449399 24553 ResourceManager.cpp:234] ResourceManager::loadStage : Not loading semantic mesh
I0915 00:03:15.449409 24553 ResourceManager.cpp:262] ResourceManager::loadStage : start load render asset data/scene_datasets/mp3d/zsNo4HB9uLZ/zsNo4HB9uLZ.glb.
I0915 00:03:15.449409 24553 ResourceManager.cpp:569] ResourceManager::loadStageInternal : Attempting to load stage data/scene_datasets/mp3d/zsNo4HB9uLZ/zsNo4HB9uLZ.glb 
I0915 00:03:15.449421 24553 ResourceManager.cpp:1119] Importing Basis files as BC7 for zsNo4HB9uLZ.glb
W0915 00:03:16.326386 24553 Simulator.cpp:248] :
---
 The active scene does not contain semantic annotations. 
---
I0915 00:03:16.365527 24553 simulator.py:213] Loaded navmesh data/scene_datasets/mp3d/zsNo4HB9uLZ/zsNo4HB9uLZ.navmesh
2026-09-15 00:03:16,370 Initializing task VLN-v0
You are using a model of type bert to instantiate a model of type . This is not supported for all configurations of models and can yield errors.
Some weights of the model checkpoint at None were not used when initializing GlocalTextPathNavCMT: ['bert.global_encoder.encoder.x_layers.0.lang_output.LayerNorm.weight', 'bert.global_encoder.encoder.x_layers.1.lang_self_att.output.LayerNorm.weight', 'bert.global_encoder.encoder.x_layers.3.lang_self_att.output.LayerNorm.bias', 'bert.global_encoder.encoder.x_layers.0.lang_self_att.self.query.bias', 'bert.global_encoder.encoder.x_layers.1.lang_self_att.output.LayerNorm.bias', 'bert.global_encoder.encoder.x_layers.0.lang_self_att.output.LayerNorm.weight', 'mlm_head.predictions.transform.LayerNorm.bias', 'bert.global_encoder.encoder.x_layers.3.lang_self_att.self.value.bias', 'bert.global_encoder.encoder.x_layers.3.lang_self_att.self.value.weight', 'bert.global_encoder.encoder.x_layers.1.lang_self_att.self.value.weight', 'bert.global_encoder.encoder.x_layers.0.lang_output.LayerNorm.bias', 'bert.global_encoder.encoder.x_layers.3.lang_self_att.self.query.bias', 'bert.global_encoder.encoder.x_layers.3.lang_output.LayerNorm.bias', 'bert.global_encoder.encoder.x_layers.0.lang_self_att.output.dense.bias', 'bert.global_encoder.encoder.x_layers.3.lang_output.LayerNorm.weight', 'bert.global_encoder.encoder.x_layers.0.lang_self_att.output.dense.weight', 'bert.global_encoder.encoder.x_layers.1.lang_output.LayerNorm.bias', 'mlm_head.predictions.decoder.weight', 'bert.global_encoder.encoder.x_layers.1.lang_inter.dense.bias', 'bert.global_encoder.encoder.x_layers.2.lang_self_att.self.key.weight', 'mlm_head.predictions.transform.dense.bias', 'bert.global_encoder.encoder.x_layers.2.lang_self_att.self.value.bias', 'bert.global_encoder.encoder.x_layers.3.lang_self_att.self.key.bias', 'bert.global_encoder.encoder.x_layers.2.lang_inter.dense.bias', 'bert.global_encoder.encoder.x_layers.0.lang_inter.dense.weight', 'bert.global_encoder.encoder.x_layers.2.lang_self_att.output.LayerNorm.weight', 'bert.global_encoder.encoder.x_layers.0.lang_self_att.self.value.weight', 'bert.global_encoder.encoder.x_layers.0.lang_self_att.self.query.weight', 'bert.global_encoder.encoder.x_layers.1.lang_self_att.self.query.bias', 'bert.global_encoder.encoder.x_layers.1.lang_output.dense.bias', 'bert.global_encoder.encoder.x_layers.1.lang_self_att.output.dense.bias', 'bert.global_encoder.encoder.x_layers.2.lang_output.dense.bias', 'bert.global_encoder.encoder.x_layers.0.lang_self_att.output.LayerNorm.bias', 'bert.global_encoder.encoder.x_layers.3.lang_output.dense.bias', 'bert.global_encoder.encoder.x_layers.2.lang_self_att.self.query.bias', 'bert.global_encoder.encoder.x_layers.0.lang_self_att.self.value.bias', 'bert.global_encoder.encoder.x_layers.1.lang_self_att.self.key.weight', 'bert.global_encoder.encoder.x_layers.0.lang_inter.dense.bias', 'bert.global_encoder.encoder.x_layers.2.lang_self_att.output.dense.weight', 'mlm_head.predictions.transform.dense.weight', 'bert.global_encoder.encoder.x_layers.0.lang_self_att.self.key.weight', 'bert.global_encoder.encoder.x_layers.3.lang_self_att.output.dense.bias', 'bert.global_encoder.encoder.x_layers.1.lang_self_att.self.query.weight', 'bert.global_encoder.encoder.x_layers.2.lang_self_att.output.dense.bias', 'bert.global_encoder.encoder.x_layers.3.lang_inter.dense.bias', 'mlm_head.predictions.transform.LayerNorm.weight', 'bert.global_encoder.encoder.x_layers.3.lang_self_att.self.query.weight', 'bert.global_encoder.encoder.x_layers.1.lang_self_att.self.key.bias', 'bert.global_encoder.encoder.x_layers.2.lang_inter.dense.weight', 'bert.global_encoder.encoder.x_layers.1.lang_output.LayerNorm.weight', 'bert.global_encoder.encoder.x_layers.2.lang_self_att.self.value.weight', 'bert.global_encoder.encoder.x_layers.3.lang_self_att.output.LayerNorm.weight', 'bert.global_encoder.encoder.x_layers.1.lang_output.dense.weight', 'bert.global_encoder.encoder.x_layers.2.lang_self_att.self.query.weight', 'bert.global_encoder.encoder.x_layers.0.lang_output.dense.bias', 'bert.global_encoder.encoder.x_layers.0.lang_self_att.self.key.bias', 'bert.global_encoder.encoder.x_layers.1.lang_self_att.output.dense.weight', 'bert.global_encoder.encoder.x_layers.2.lang_output.LayerNorm.bias', 'bert.global_encoder.encoder.x_layers.3.lang_self_att.self.key.weight', 'bert.global_encoder.encoder.x_layers.3.lang_inter.dense.weight', 'bert.global_encoder.encoder.x_layers.1.lang_self_att.self.value.bias', 'bert.global_encoder.encoder.x_layers.1.lang_inter.dense.weight', 'bert.global_encoder.encoder.x_layers.3.lang_output.dense.weight', 'bert.global_encoder.encoder.x_layers.3.lang_self_att.output.dense.weight', 'bert.global_encoder.encoder.x_layers.0.lang_output.dense.weight', 'bert.global_encoder.encoder.x_layers.2.lang_output.dense.weight', 'bert.global_encoder.encoder.x_layers.2.lang_self_att.self.key.bias', 'bert.global_encoder.encoder.x_layers.2.lang_output.LayerNorm.weight', 'mlm_head.predictions.bias', 'bert.global_encoder.encoder.x_layers.2.lang_self_att.output.LayerNorm.bias']
- This IS expected if you are initializing GlocalTextPathNavCMT from the checkpoint of a model trained on another task or with another architecture (e.g. initializing a BertForSequenceClassification model from a BertForPreTraining model).
- This IS NOT expected if you are initializing GlocalTextPathNavCMT from the checkpoint of a model that you expect to be exactly identical (initializing a BertForSequenceClassification model from a BertForSequenceClassification model).
2026-09-15 00:03:21,908 Loaded weights from checkpoint: data/logs/checkpoints/release_r2r/ckpt.iter12000.pth, iteration: 12000
2026-09-15 00:03:21,910 Agent parameters: 299.14 MB. Trainable: 140.79 MB.
2026-09-15 00:03:21,910 Finished setting up policy.
local rank: 0 | dataset length: 1

Initalizing the ETP model ...
  0%|          | 0/1 [00:00<?, ?it/s]2026-09-15 00:03:32,436 Video created: data/logs/video/phrasing_15/zsNo4HB9uLZ-15-SPL0.00.mp4
  0%|          | 0/102 [00:00<?, ?it/s]IMAGEIO FFMPEG_WRITER WARNING: input image is not divisible by macro_block_size=16, resizing from (825, 256) to (832, 256) to ensure video compatibility with most codecs and players. To prevent resizing, make your input image divisible by the macro_block_size or set the macro_block_size to 1 (risking incompatibility).
[swscaler @ 0x606c5ae7ff00] Warning: data is not aligned! This can lead to a speed loss
 57%|█████▋    | 58/102 [00:00<00:00, 578.40it/s]100%|██████████| 102/102 [00:00<00:00, 705.54it/s]100%|██████████| 1/1 [00:10<00:00, 10.75s/it]I0915 00:03:32.686622 24553 PhysicsManager.cpp:33] Deconstructing PhysicsManager
I0915 00:03:32.686647 24553 SemanticScene.h:41] Deconstructing SemanticScene
I0915 00:03:32.688212 24553 SceneManager.h:25] Deconstructing SceneManager
I0915 00:03:32.688221 24553 SceneGraph.h:26] Deconstructing SceneGraph
I0915 00:03:32.688510 24553 Sensor.h:87] Deconstructing Sensor
I0915 00:03:32.688717 24553 Sensor.h:87] Deconstructing Sensor
I0915 00:03:32.688865 24553 Sensor.h:87] Deconstructing Sensor
I0915 00:03:32.688982 24553 Sensor.h:87] Deconstructing Sensor
I0915 00:03:32.689136 24553 Sensor.h:87] Deconstructing Sensor
I0915 00:03:32.689244 24553 Sensor.h:87] Deconstructing Sensor
I0915 00:03:32.689369 24553 Sensor.h:87] Deconstructing Sensor
I0915 00:03:32.689473 24553 Sensor.h:87] Deconstructing Sensor
I0915 00:03:32.689579 24553 Sensor.h:87] Deconstructing Sensor
I0915 00:03:32.689687 24553 Sensor.h:87] Deconstructing Sensor
I0915 00:03:32.689791 24553 Sensor.h:87] Deconstructing Sensor
I0915 00:03:32.689879 24553 Sensor.h:87] Deconstructing Sensor
I0915 00:03:32.689972 24553 Sensor.h:87] Deconstructing Sensor
I0915 00:03:32.690091 24553 Sensor.h:87] Deconstructing Sensor
I0915 00:03:32.690204 24553 Sensor.h:87] Deconstructing Sensor
I0915 00:03:32.690315 24553 Sensor.h:87] Deconstructing Sensor
I0915 00:03:32.690426 24553 Sensor.h:87] Deconstructing Sensor
I0915 00:03:32.690539 24553 Sensor.h:87] Deconstructing Sensor
I0915 00:03:32.690833 24553 Sensor.h:87] Deconstructing Sensor
I0915 00:03:32.690972 24553 Sensor.h:87] Deconstructing Sensor
I0915 00:03:32.691076 24553 Sensor.h:87] Deconstructing Sensor
I0915 00:03:32.691201 24553 Sensor.h:87] Deconstructing Sensor
I0915 00:03:32.691306 24553 Sensor.h:87] Deconstructing Sensor
I0915 00:03:32.691397 24553 Sensor.h:87] Deconstructing Sensor
I0915 00:03:32.691481 24553 Sensor.h:87] Deconstructing Sensor
I0915 00:03:32.691567 24553 Sensor.h:87] Deconstructing Sensor
I0915 00:03:32.691663 24553 Sensor.h:87] Deconstructing Sensor
I0915 00:03:32.691751 24553 Sensor.h:87] Deconstructing Sensor
I0915 00:03:32.691830 24553 Sensor.h:87] Deconstructing Sensor
I0915 00:03:32.691838 24553 Sensor.h:87] Deconstructing Sensor
I0915 00:03:32.693874 24553 Renderer.cpp:34] Deconstructing Renderer
I0915 00:03:32.693882 24553 WindowlessContext.h:17] Deconstructing WindowlessContext
I0915 00:03:32.700767 24553 Simulator.cpp:49] Deconstructing Simulator

2026-09-15 00:03:32,702 Episodes evaluated: 1
2026-09-15 00:03:32,702 Average episode steps_taken: 101.000000
2026-09-15 00:03:32,702 Average episode distance_to_goal: 13.061659
2026-09-15 00:03:32,702 Average episode success: 0.000000
2026-09-15 00:03:32,702 Average episode oracle_success: 0.000000
2026-09-15 00:03:32,702 Average episode path_length: 13.228619
2026-09-15 00:03:32,702 Average episode collisions: 0.037037
2026-09-15 00:03:32,702 Average episode spl: 0.000000
2026-09-15 00:03:32,702 Average episode ndtw: 0.000000
2026-09-15 00:03:32,702 Average episode sdtw: 0.000000
2026-09-15 00:03:32,703 Average episode ghost_cnt: 27.000000
100%|██████████| 1/1 [00:10<00:00, 10.77s/it]
2026-09-15 00:03:35,333 checkpoint_path: data/logs/checkpoints/release_r2r/ckpt.iter12000.pth
2026-09-15 00:03:35,333 Initializing dataset VLN-CE-v1
2026-09-15 00:03:35,354 SPLTI: custom, NUMBER OF SCENES: 1
2026-09-15 00:03:36,810 Initializing dataset VLN-CE-v1
2026-09-15 00:03:36,831 initializing sim Sim-v1
WARNING: Logging before InitGoogleLogging() is written to STDERR
I0915 00:03:36.837127 24811 ManagedContainerBase.cpp:19] ManagedContainerBase::convertFilenameToJSON : Filename : default changed to proposed JSON configuration filename : default.scene_dataset_config.json
I0915 00:03:36.837160 24811 AttributesManagerBase.h:283] AttributesManager<T>::createFromJsonOrDefaultInternal  (Dataset) : Proposing JSON name : default.scene_dataset_config.json from original name : default | This file  does not exist.
I0915 00:03:36.837200 24811 AssetAttributesManager.cpp:117] Asset attributes (capsule3DSolid : capsule3DSolid_hemiRings_4_cylRings_1_segments_12_halfLen_0.75_useTexCoords_false_useTangents_false) created and registered.
I0915 00:03:36.837216 24811 AssetAttributesManager.cpp:117] Asset attributes (capsule3DWireframe : capsule3DWireframe_hemiRings_8_cylRings_1_segments_16_halfLen_1) created and registered.
I0915 00:03:36.837231 24811 AssetAttributesManager.cpp:117] Asset attributes (coneSolid : coneSolid_segments_12_halfLen_1.25_rings_1_useTexCoords_false_useTangents_false_capEnd_true) created and registered.
I0915 00:03:36.837240 24811 AssetAttributesManager.cpp:117] Asset attributes (coneWireframe : coneWireframe_segments_32_halfLen_1.25) created and registered.
I0915 00:03:36.837245 24811 AssetAttributesManager.cpp:117] Asset attributes (cubeSolid : cubeSolid) created and registered.
I0915 00:03:36.837249 24811 AssetAttributesManager.cpp:117] Asset attributes (cubeWireframe : cubeWireframe) created and registered.
I0915 00:03:36.837262 24811 AssetAttributesManager.cpp:117] Asset attributes (cylinderSolid : cylinderSolid_rings_1_segments_12_halfLen_1_useTexCoords_false_useTangents_false_capEnds_true) created and registered.
I0915 00:03:36.837273 24811 AssetAttributesManager.cpp:117] Asset attributes (cylinderWireframe : cylinderWireframe_rings_1_segments_32_halfLen_1) created and registered.
I0915 00:03:36.837278 24811 AssetAttributesManager.cpp:117] Asset attributes (icosphereSolid : icosphereSolid_subdivs_1) created and registered.
I0915 00:03:36.837284 24811 AssetAttributesManager.cpp:117] Asset attributes (icosphereWireframe : icosphereWireframe_subdivs_1) created and registered.
I0915 00:03:36.837298 24811 AssetAttributesManager.cpp:117] Asset attributes (uvSphereSolid : uvSphereSolid_rings_8_segments_16_useTexCoords_false_useTangents_false) created and registered.
I0915 00:03:36.837306 24811 AssetAttributesManager.cpp:117] Asset attributes (uvSphereWireframe : uvSphereWireframe_rings_16_segments_32) created and registered.
I0915 00:03:36.837309 24811 AssetAttributesManager.cpp:105] AssetAttributesManager::buildCtorFuncPtrMaps : Built default primitive asset templates : 12
I0915 00:03:36.837563 24811 SceneDatasetAttributesManager.cpp:23] File (default) not found, so new default dataset attributes created and registered.
I0915 00:03:36.837565 24811 MetadataMediator.cpp:47] MetadataMediator::createDataset : Dataset default successfully created.
I0915 00:03:36.839555 24811 AttributesManagerBase.h:283] AttributesManager<T>::createFromJsonOrDefaultInternal  (Physics Manager) : Proposing JSON name : ./data/default.physics_config.json from original name : ./data/default.physics_config.json | This file  does not exist.
I0915 00:03:36.839563 24811 PhysicsAttributesManager.cpp:27] File (./data/default.physics_config.json) not found, so new default physics manager attributes created and registered.
I0915 00:03:36.839566 24811 AbstractObjectAttributesManagerBase.h:175] AbstractObjectAttributesManager<T>::createObject  (Stage) : Making attributes with handle : data/scene_datasets/mp3d/zsNo4HB9uLZ/zsNo4HB9uLZ.glb
I0915 00:03:36.839568 24811 ManagedContainerBase.cpp:19] ManagedContainerBase::convertFilenameToJSON : Filename : data/scene_datasets/mp3d/zsNo4HB9uLZ/zsNo4HB9uLZ.glb changed to proposed JSON configuration filename : data/scene_datasets/mp3d/zsNo4HB9uLZ/zsNo4HB9uLZ.stage_config.json
I0915 00:03:36.839573 24811 AttributesManagerBase.h:283] AttributesManager<T>::createFromJsonOrDefaultInternal  (Stage) : Proposing JSON name : data/scene_datasets/mp3d/zsNo4HB9uLZ/zsNo4HB9uLZ.stage_config.json from original name : data/scene_datasets/mp3d/zsNo4HB9uLZ/zsNo4HB9uLZ.glb | This file  does not exist.
I0915 00:03:36.839601 24811 AbstractObjectAttributesManagerBase.h:181] AbstractObjectAttributesManager<T>::createObject  (Stage) : Done making attributes with handle : data/scene_datasets/mp3d/zsNo4HB9uLZ/zsNo4HB9uLZ.glb
I0915 00:03:36.839602 24811 AbstractObjectAttributesManagerBase.h:188] File (data/scene_datasets/mp3d/zsNo4HB9uLZ/zsNo4HB9uLZ.glb) exists but is not a recognized config filename extension, so new default Stage attributes created and registered.
I0915 00:03:36.839608 24811 Simulator.cpp:156] Loading navmesh from data/scene_datasets/mp3d/zsNo4HB9uLZ/zsNo4HB9uLZ.navmesh
I0915 00:03:36.839661 24811 Simulator.cpp:158] Loaded.
I0915 00:03:36.839668 24811 SceneGraph.h:93] Created DrawableGroup: 
Renderer: NVIDIA T1000 8GB/PCIe/SSE2 by NVIDIA Corporation
OpenGL version: 4.6.0 NVIDIA 590.48.01
Using optional features:
    GL_ARB_ES2_compatibility
    GL_ARB_direct_state_access
    GL_ARB_get_texture_sub_image
    GL_ARB_invalidate_subdata
    GL_ARB_multi_bind
    GL_ARB_robustness
    GL_ARB_separate_shader_objects
    GL_ARB_texture_filter_anisotropic
    GL_ARB_texture_storage
    GL_ARB_texture_storage_multisample
    GL_ARB_vertex_array_object
    GL_KHR_debug
Using driver workarounds:
    no-forward-compatible-core-context
    nv-egl-incorrect-gl11-function-pointers
    no-layout-qualifiers-on-old-glsl
    nv-zero-context-profile-mask
    nv-implementation-color-read-format-dsa-broken
    nv-cubemap-inconsistent-compressed-image-size
    nv-cubemap-broken-full-compressed-image-query
    nv-compressed-block-size-in-bits
I0915 00:03:36.925779 24811 ResourceManager.cpp:234] ResourceManager::loadStage : Not loading semantic mesh
I0915 00:03:36.925786 24811 ResourceManager.cpp:262] ResourceManager::loadStage : start load render asset data/scene_datasets/mp3d/zsNo4HB9uLZ/zsNo4HB9uLZ.glb.
I0915 00:03:36.925787 24811 ResourceManager.cpp:569] ResourceManager::loadStageInternal : Attempting to load stage data/scene_datasets/mp3d/zsNo4HB9uLZ/zsNo4HB9uLZ.glb 
I0915 00:03:36.925799 24811 ResourceManager.cpp:1119] Importing Basis files as BC7 for zsNo4HB9uLZ.glb
W0915 00:03:37.803503 24811 Simulator.cpp:248] :
---
 The active scene does not contain semantic annotations. 
---
I0915 00:03:37.842119 24811 simulator.py:213] Loaded navmesh data/scene_datasets/mp3d/zsNo4HB9uLZ/zsNo4HB9uLZ.navmesh
2026-09-15 00:03:37,846 Initializing task VLN-v0
You are using a model of type bert to instantiate a model of type . This is not supported for all configurations of models and can yield errors.
Some weights of the model checkpoint at None were not used when initializing GlocalTextPathNavCMT: ['bert.global_encoder.encoder.x_layers.0.lang_self_att.self.value.weight', 'bert.global_encoder.encoder.x_layers.0.lang_self_att.output.LayerNorm.weight', 'bert.global_encoder.encoder.x_layers.0.lang_self_att.output.LayerNorm.bias', 'bert.global_encoder.encoder.x_layers.1.lang_output.dense.bias', 'bert.global_encoder.encoder.x_layers.0.lang_output.LayerNorm.weight', 'bert.global_encoder.encoder.x_layers.2.lang_inter.dense.weight', 'bert.global_encoder.encoder.x_layers.0.lang_self_att.self.key.weight', 'bert.global_encoder.encoder.x_layers.1.lang_output.dense.weight', 'bert.global_encoder.encoder.x_layers.2.lang_self_att.output.LayerNorm.weight', 'mlm_head.predictions.transform.dense.weight', 'bert.global_encoder.encoder.x_layers.3.lang_output.LayerNorm.bias', 'mlm_head.predictions.transform.LayerNorm.bias', 'bert.global_encoder.encoder.x_layers.3.lang_self_att.self.query.bias', 'bert.global_encoder.encoder.x_layers.3.lang_self_att.output.LayerNorm.bias', 'bert.global_encoder.encoder.x_layers.1.lang_self_att.output.dense.weight', 'bert.global_encoder.encoder.x_layers.1.lang_output.LayerNorm.bias', 'bert.global_encoder.encoder.x_layers.0.lang_output.LayerNorm.bias', 'bert.global_encoder.encoder.x_layers.3.lang_self_att.self.value.bias', 'mlm_head.predictions.transform.LayerNorm.weight', 'bert.global_encoder.encoder.x_layers.3.lang_self_att.output.LayerNorm.weight', 'bert.global_encoder.encoder.x_layers.2.lang_self_att.self.key.bias', 'bert.global_encoder.encoder.x_layers.3.lang_self_att.self.query.weight', 'bert.global_encoder.encoder.x_layers.3.lang_inter.dense.weight', 'bert.global_encoder.encoder.x_layers.2.lang_output.dense.bias', 'bert.global_encoder.encoder.x_layers.1.lang_output.LayerNorm.weight', 'bert.global_encoder.encoder.x_layers.2.lang_output.LayerNorm.bias', 'bert.global_encoder.encoder.x_layers.1.lang_self_att.output.LayerNorm.weight', 'bert.global_encoder.encoder.x_layers.1.lang_self_att.self.value.weight', 'bert.global_encoder.encoder.x_layers.0.lang_output.dense.weight', 'bert.global_encoder.encoder.x_layers.3.lang_self_att.output.dense.weight', 'bert.global_encoder.encoder.x_layers.3.lang_inter.dense.bias', 'bert.global_encoder.encoder.x_layers.1.lang_inter.dense.weight', 'bert.global_encoder.encoder.x_layers.2.lang_output.LayerNorm.weight', 'bert.global_encoder.encoder.x_layers.2.lang_self_att.output.dense.weight', 'bert.global_encoder.encoder.x_layers.1.lang_self_att.self.query.bias', 'bert.global_encoder.encoder.x_layers.0.lang_self_att.self.key.bias', 'bert.global_encoder.encoder.x_layers.3.lang_self_att.self.value.weight', 'bert.global_encoder.encoder.x_layers.0.lang_self_att.output.dense.weight', 'bert.global_encoder.encoder.x_layers.3.lang_self_att.self.key.weight', 'bert.global_encoder.encoder.x_layers.2.lang_self_att.self.query.bias', 'bert.global_encoder.encoder.x_layers.3.lang_output.dense.bias', 'bert.global_encoder.encoder.x_layers.2.lang_self_att.self.query.weight', 'bert.global_encoder.encoder.x_layers.0.lang_inter.dense.weight', 'bert.global_encoder.encoder.x_layers.1.lang_inter.dense.bias', 'bert.global_encoder.encoder.x_layers.1.lang_self_att.self.key.bias', 'bert.global_encoder.encoder.x_layers.1.lang_self_att.output.dense.bias', 'bert.global_encoder.encoder.x_layers.0.lang_self_att.output.dense.bias', 'bert.global_encoder.encoder.x_layers.3.lang_output.LayerNorm.weight', 'bert.global_encoder.encoder.x_layers.3.lang_output.dense.weight', 'bert.global_encoder.encoder.x_layers.0.lang_output.dense.bias', 'mlm_head.predictions.bias', 'bert.global_encoder.encoder.x_layers.1.lang_self_att.self.value.bias', 'bert.global_encoder.encoder.x_layers.2.lang_self_att.self.key.weight', 'bert.global_encoder.encoder.x_layers.0.lang_inter.dense.bias', 'bert.global_encoder.encoder.x_layers.0.lang_self_att.self.query.bias', 'bert.global_encoder.encoder.x_layers.1.lang_self_att.self.key.weight', 'bert.global_encoder.encoder.x_layers.2.lang_self_att.self.value.bias', 'bert.global_encoder.encoder.x_layers.2.lang_self_att.self.value.weight', 'bert.global_encoder.encoder.x_layers.0.lang_self_att.self.value.bias', 'bert.global_encoder.encoder.x_layers.1.lang_self_att.output.LayerNorm.bias', 'bert.global_encoder.encoder.x_layers.2.lang_self_att.output.dense.bias', 'bert.global_encoder.encoder.x_layers.3.lang_self_att.self.key.bias', 'bert.global_encoder.encoder.x_layers.2.lang_output.dense.weight', 'mlm_head.predictions.transform.dense.bias', 'bert.global_encoder.encoder.x_layers.0.lang_self_att.self.query.weight', 'bert.global_encoder.encoder.x_layers.1.lang_self_att.self.query.weight', 'mlm_head.predictions.decoder.weight', 'bert.global_encoder.encoder.x_layers.3.lang_self_att.output.dense.bias', 'bert.global_encoder.encoder.x_layers.2.lang_self_att.output.LayerNorm.bias', 'bert.global_encoder.encoder.x_layers.2.lang_inter.dense.bias']
- This IS expected if you are initializing GlocalTextPathNavCMT from the checkpoint of a model trained on another task or with another architecture (e.g. initializing a BertForSequenceClassification model from a BertForPreTraining model).
- This IS NOT expected if you are initializing GlocalTextPathNavCMT from the checkpoint of a model that you expect to be exactly identical (initializing a BertForSequenceClassification model from a BertForSequenceClassification model).
2026-09-15 00:03:43,481 Loaded weights from checkpoint: data/logs/checkpoints/release_r2r/ckpt.iter12000.pth, iteration: 12000
2026-09-15 00:03:43,483 Agent parameters: 299.14 MB. Trainable: 140.79 MB.
2026-09-15 00:03:43,484 Finished setting up policy.
local rank: 0 | dataset length: 1

Initalizing the ETP model ...
  0%|          | 0/1 [00:00<?, ?it/s]2026-09-15 00:03:49,750 Video created: data/logs/video/phrasing_16/zsNo4HB9uLZ-16-SPL0.00.mp4
  0%|          | 0/53 [00:00<?, ?it/s]IMAGEIO FFMPEG_WRITER WARNING: input image is not divisible by macro_block_size=16, resizing from (825, 256) to (832, 256) to ensure video compatibility with most codecs and players. To prevent resizing, make your input image divisible by the macro_block_size or set the macro_block_size to 1 (risking incompatibility).
[swscaler @ 0x5ba8aee49f00] Warning: data is not aligned! This can lead to a speed loss
100%|██████████| 53/53 [00:00<00:00, 544.33it/s]100%|██████████| 1/1 [00:06<00:00,  6.46s/it]I0915 00:03:49.949426 24811 PhysicsManager.cpp:33] Deconstructing PhysicsManager
I0915 00:03:49.949452 24811 SemanticScene.h:41] Deconstructing SemanticScene
I0915 00:03:49.950915 24811 SceneManager.h:25] Deconstructing SceneManager
I0915 00:03:49.950924 24811 SceneGraph.h:26] Deconstructing SceneGraph
I0915 00:03:49.951201 24811 Sensor.h:87] Deconstructing Sensor
I0915 00:03:49.951375 24811 Sensor.h:87] Deconstructing Sensor
I0915 00:03:49.951470 24811 Sensor.h:87] Deconstructing Sensor
I0915 00:03:49.951560 24811 Sensor.h:87] Deconstructing Sensor
I0915 00:03:49.951654 24811 Sensor.h:87] Deconstructing Sensor
I0915 00:03:49.951748 24811 Sensor.h:87] Deconstructing Sensor
I0915 00:03:49.951838 24811 Sensor.h:87] Deconstructing Sensor
I0915 00:03:49.951926 24811 Sensor.h:87] Deconstructing Sensor
I0915 00:03:49.952013 24811 Sensor.h:87] Deconstructing Sensor
I0915 00:03:49.952099 24811 Sensor.h:87] Deconstructing Sensor
I0915 00:03:49.952195 24811 Sensor.h:87] Deconstructing Sensor
I0915 00:03:49.952286 24811 Sensor.h:87] Deconstructing Sensor
I0915 00:03:49.952374 24811 Sensor.h:87] Deconstructing Sensor
I0915 00:03:49.952487 24811 Sensor.h:87] Deconstructing Sensor
I0915 00:03:49.952600 24811 Sensor.h:87] Deconstructing Sensor
I0915 00:03:49.952713 24811 Sensor.h:87] Deconstructing Sensor
I0915 00:03:49.952829 24811 Sensor.h:87] Deconstructing Sensor
I0915 00:03:49.952943 24811 Sensor.h:87] Deconstructing Sensor
I0915 00:03:49.953054 24811 Sensor.h:87] Deconstructing Sensor
I0915 00:03:49.953166 24811 Sensor.h:87] Deconstructing Sensor
I0915 00:03:49.953275 24811 Sensor.h:87] Deconstructing Sensor
I0915 00:03:49.953385 24811 Sensor.h:87] Deconstructing Sensor
I0915 00:03:49.953492 24811 Sensor.h:87] Deconstructing Sensor
I0915 00:03:49.953589 24811 Sensor.h:87] Deconstructing Sensor
I0915 00:03:49.953684 24811 Sensor.h:87] Deconstructing Sensor
I0915 00:03:49.953773 24811 Sensor.h:87] Deconstructing Sensor
I0915 00:03:49.953861 24811 Sensor.h:87] Deconstructing Sensor
I0915 00:03:49.953948 24811 Sensor.h:87] Deconstructing Sensor
I0915 00:03:49.954027 24811 Sensor.h:87] Deconstructing Sensor
I0915 00:03:49.954034 24811 Sensor.h:87] Deconstructing Sensor
I0915 00:03:49.956034 24811 Renderer.cpp:34] Deconstructing Renderer
I0915 00:03:49.956045 24811 WindowlessContext.h:17] Deconstructing WindowlessContext
I0915 00:03:49.962345 24811 Simulator.cpp:49] Deconstructing Simulator

2026-09-15 00:03:49,964 Episodes evaluated: 1
2026-09-15 00:03:49,964 Average episode steps_taken: 52.000000
2026-09-15 00:03:49,964 Average episode distance_to_goal: 13.229131
2026-09-15 00:03:49,964 Average episode success: 0.000000
2026-09-15 00:03:49,964 Average episode oracle_success: 0.000000
2026-09-15 00:03:49,964 Average episode path_length: 6.508790
2026-09-15 00:03:49,964 Average episode collisions: 0.037037
2026-09-15 00:03:49,964 Average episode spl: 0.000000
2026-09-15 00:03:49,964 Average episode ndtw: 0.000001
2026-09-15 00:03:49,964 Average episode sdtw: 0.000000
2026-09-15 00:03:49,965 Average episode ghost_cnt: 18.000000
100%|██████████| 1/1 [00:06<00:00,  6.47s/it]
2026-09-15 00:03:52,619 checkpoint_path: data/logs/checkpoints/release_r2r/ckpt.iter12000.pth
2026-09-15 00:03:52,620 Initializing dataset VLN-CE-v1
2026-09-15 00:03:52,640 SPLTI: custom, NUMBER OF SCENES: 1
2026-09-15 00:03:54,107 Initializing dataset VLN-CE-v1
2026-09-15 00:03:54,127 initializing sim Sim-v1
WARNING: Logging before InitGoogleLogging() is written to STDERR
I0915 00:03:54.133334 25044 ManagedContainerBase.cpp:19] ManagedContainerBase::convertFilenameToJSON : Filename : default changed to proposed JSON configuration filename : default.scene_dataset_config.json
I0915 00:03:54.133358 25044 AttributesManagerBase.h:283] AttributesManager<T>::createFromJsonOrDefaultInternal  (Dataset) : Proposing JSON name : default.scene_dataset_config.json from original name : default | This file  does not exist.
I0915 00:03:54.133404 25044 AssetAttributesManager.cpp:117] Asset attributes (capsule3DSolid : capsule3DSolid_hemiRings_4_cylRings_1_segments_12_halfLen_0.75_useTexCoords_false_useTangents_false) created and registered.
I0915 00:03:54.133421 25044 AssetAttributesManager.cpp:117] Asset attributes (capsule3DWireframe : capsule3DWireframe_hemiRings_8_cylRings_1_segments_16_halfLen_1) created and registered.
I0915 00:03:54.133436 25044 AssetAttributesManager.cpp:117] Asset attributes (coneSolid : coneSolid_segments_12_halfLen_1.25_rings_1_useTexCoords_false_useTangents_false_capEnd_true) created and registered.
I0915 00:03:54.133445 25044 AssetAttributesManager.cpp:117] Asset attributes (coneWireframe : coneWireframe_segments_32_halfLen_1.25) created and registered.
I0915 00:03:54.133450 25044 AssetAttributesManager.cpp:117] Asset attributes (cubeSolid : cubeSolid) created and registered.
I0915 00:03:54.133455 25044 AssetAttributesManager.cpp:117] Asset attributes (cubeWireframe : cubeWireframe) created and registered.
I0915 00:03:54.133468 25044 AssetAttributesManager.cpp:117] Asset attributes (cylinderSolid : cylinderSolid_rings_1_segments_12_halfLen_1_useTexCoords_false_useTangents_false_capEnds_true) created and registered.
I0915 00:03:54.133479 25044 AssetAttributesManager.cpp:117] Asset attributes (cylinderWireframe : cylinderWireframe_rings_1_segments_32_halfLen_1) created and registered.
I0915 00:03:54.133491 25044 AssetAttributesManager.cpp:117] Asset attributes (icosphereSolid : icosphereSolid_subdivs_1) created and registered.
I0915 00:03:54.133497 25044 AssetAttributesManager.cpp:117] Asset attributes (icosphereWireframe : icosphereWireframe_subdivs_1) created and registered.
I0915 00:03:54.133505 25044 AssetAttributesManager.cpp:117] Asset attributes (uvSphereSolid : uvSphereSolid_rings_8_segments_16_useTexCoords_false_useTangents_false) created and registered.
I0915 00:03:54.133513 25044 AssetAttributesManager.cpp:117] Asset attributes (uvSphereWireframe : uvSphereWireframe_rings_16_segments_32) created and registered.
I0915 00:03:54.133517 25044 AssetAttributesManager.cpp:105] AssetAttributesManager::buildCtorFuncPtrMaps : Built default primitive asset templates : 12
I0915 00:03:54.133788 25044 SceneDatasetAttributesManager.cpp:23] File (default) not found, so new default dataset attributes created and registered.
I0915 00:03:54.133790 25044 MetadataMediator.cpp:47] MetadataMediator::createDataset : Dataset default successfully created.
I0915 00:03:54.135787 25044 AttributesManagerBase.h:283] AttributesManager<T>::createFromJsonOrDefaultInternal  (Physics Manager) : Proposing JSON name : ./data/default.physics_config.json from original name : ./data/default.physics_config.json | This file  does not exist.
I0915 00:03:54.135797 25044 PhysicsAttributesManager.cpp:27] File (./data/default.physics_config.json) not found, so new default physics manager attributes created and registered.
I0915 00:03:54.135798 25044 AbstractObjectAttributesManagerBase.h:175] AbstractObjectAttributesManager<T>::createObject  (Stage) : Making attributes with handle : data/scene_datasets/mp3d/zsNo4HB9uLZ/zsNo4HB9uLZ.glb
I0915 00:03:54.135800 25044 ManagedContainerBase.cpp:19] ManagedContainerBase::convertFilenameToJSON : Filename : data/scene_datasets/mp3d/zsNo4HB9uLZ/zsNo4HB9uLZ.glb changed to proposed JSON configuration filename : data/scene_datasets/mp3d/zsNo4HB9uLZ/zsNo4HB9uLZ.stage_config.json
I0915 00:03:54.135807 25044 AttributesManagerBase.h:283] AttributesManager<T>::createFromJsonOrDefaultInternal  (Stage) : Proposing JSON name : data/scene_datasets/mp3d/zsNo4HB9uLZ/zsNo4HB9uLZ.stage_config.json from original name : data/scene_datasets/mp3d/zsNo4HB9uLZ/zsNo4HB9uLZ.glb | This file  does not exist.
I0915 00:03:54.135836 25044 AbstractObjectAttributesManagerBase.h:181] AbstractObjectAttributesManager<T>::createObject  (Stage) : Done making attributes with handle : data/scene_datasets/mp3d/zsNo4HB9uLZ/zsNo4HB9uLZ.glb
I0915 00:03:54.135838 25044 AbstractObjectAttributesManagerBase.h:188] File (data/scene_datasets/mp3d/zsNo4HB9uLZ/zsNo4HB9uLZ.glb) exists but is not a recognized config filename extension, so new default Stage attributes created and registered.
I0915 00:03:54.135841 25044 Simulator.cpp:156] Loading navmesh from data/scene_datasets/mp3d/zsNo4HB9uLZ/zsNo4HB9uLZ.navmesh
I0915 00:03:54.135897 25044 Simulator.cpp:158] Loaded.
I0915 00:03:54.135903 25044 SceneGraph.h:93] Created DrawableGroup: 
Renderer: NVIDIA T1000 8GB/PCIe/SSE2 by NVIDIA Corporation
OpenGL version: 4.6.0 NVIDIA 590.48.01
Using optional features:
    GL_ARB_ES2_compatibility
    GL_ARB_direct_state_access
    GL_ARB_get_texture_sub_image
    GL_ARB_invalidate_subdata
    GL_ARB_multi_bind
    GL_ARB_robustness
    GL_ARB_separate_shader_objects
    GL_ARB_texture_filter_anisotropic
    GL_ARB_texture_storage
    GL_ARB_texture_storage_multisample
    GL_ARB_vertex_array_object
    GL_KHR_debug
Using driver workarounds:
    no-forward-compatible-core-context
    nv-egl-incorrect-gl11-function-pointers
    no-layout-qualifiers-on-old-glsl
    nv-zero-context-profile-mask
    nv-implementation-color-read-format-dsa-broken
    nv-cubemap-inconsistent-compressed-image-size
    nv-cubemap-broken-full-compressed-image-query
    nv-compressed-block-size-in-bits
I0915 00:03:54.227041 25044 ResourceManager.cpp:234] ResourceManager::loadStage : Not loading semantic mesh
I0915 00:03:54.227048 25044 ResourceManager.cpp:262] ResourceManager::loadStage : start load render asset data/scene_datasets/mp3d/zsNo4HB9uLZ/zsNo4HB9uLZ.glb.
I0915 00:03:54.227054 25044 ResourceManager.cpp:569] ResourceManager::loadStageInternal : Attempting to load stage data/scene_datasets/mp3d/zsNo4HB9uLZ/zsNo4HB9uLZ.glb 
I0915 00:03:54.227065 25044 ResourceManager.cpp:1119] Importing Basis files as BC7 for zsNo4HB9uLZ.glb
W0915 00:03:55.092897 25044 Simulator.cpp:248] :
---
 The active scene does not contain semantic annotations. 
---
I0915 00:03:55.131880 25044 simulator.py:213] Loaded navmesh data/scene_datasets/mp3d/zsNo4HB9uLZ/zsNo4HB9uLZ.navmesh
2026-09-15 00:03:55,136 Initializing task VLN-v0
You are using a model of type bert to instantiate a model of type . This is not supported for all configurations of models and can yield errors.
Some weights of the model checkpoint at None were not used when initializing GlocalTextPathNavCMT: ['bert.global_encoder.encoder.x_layers.1.lang_self_att.self.query.weight', 'bert.global_encoder.encoder.x_layers.2.lang_self_att.output.dense.weight', 'bert.global_encoder.encoder.x_layers.3.lang_output.dense.weight', 'bert.global_encoder.encoder.x_layers.1.lang_output.dense.bias', 'mlm_head.predictions.transform.LayerNorm.bias', 'bert.global_encoder.encoder.x_layers.0.lang_output.dense.weight', 'bert.global_encoder.encoder.x_layers.3.lang_self_att.output.LayerNorm.weight', 'bert.global_encoder.encoder.x_layers.2.lang_self_att.self.key.bias', 'bert.global_encoder.encoder.x_layers.3.lang_self_att.output.dense.weight', 'bert.global_encoder.encoder.x_layers.3.lang_output.LayerNorm.bias', 'bert.global_encoder.encoder.x_layers.1.lang_self_att.self.key.bias', 'bert.global_encoder.encoder.x_layers.3.lang_self_att.self.query.weight', 'bert.global_encoder.encoder.x_layers.0.lang_self_att.self.query.bias', 'bert.global_encoder.encoder.x_layers.1.lang_self_att.output.dense.bias', 'bert.global_encoder.encoder.x_layers.3.lang_self_att.self.key.weight', 'bert.global_encoder.encoder.x_layers.1.lang_self_att.output.dense.weight', 'bert.global_encoder.encoder.x_layers.0.lang_output.LayerNorm.bias', 'bert.global_encoder.encoder.x_layers.2.lang_output.dense.weight', 'bert.global_encoder.encoder.x_layers.3.lang_inter.dense.weight', 'bert.global_encoder.encoder.x_layers.3.lang_self_att.output.dense.bias', 'bert.global_encoder.encoder.x_layers.0.lang_self_att.self.value.weight', 'bert.global_encoder.encoder.x_layers.2.lang_self_att.output.LayerNorm.bias', 'bert.global_encoder.encoder.x_layers.0.lang_self_att.self.key.bias', 'bert.global_encoder.encoder.x_layers.2.lang_self_att.output.LayerNorm.weight', 'bert.global_encoder.encoder.x_layers.2.lang_output.dense.bias', 'bert.global_encoder.encoder.x_layers.0.lang_self_att.self.key.weight', 'bert.global_encoder.encoder.x_layers.3.lang_output.dense.bias', 'bert.global_encoder.encoder.x_layers.2.lang_inter.dense.weight', 'bert.global_encoder.encoder.x_layers.1.lang_output.LayerNorm.bias', 'bert.global_encoder.encoder.x_layers.3.lang_self_att.self.key.bias', 'mlm_head.predictions.transform.dense.bias', 'mlm_head.predictions.decoder.weight', 'bert.global_encoder.encoder.x_layers.2.lang_self_att.self.key.weight', 'bert.global_encoder.encoder.x_layers.0.lang_self_att.output.LayerNorm.weight', 'bert.global_encoder.encoder.x_layers.2.lang_self_att.self.query.weight', 'bert.global_encoder.encoder.x_layers.3.lang_self_att.output.LayerNorm.bias', 'bert.global_encoder.encoder.x_layers.1.lang_self_att.output.LayerNorm.weight', 'bert.global_encoder.encoder.x_layers.1.lang_self_att.output.LayerNorm.bias', 'bert.global_encoder.encoder.x_layers.1.lang_output.dense.weight', 'mlm_head.predictions.bias', 'bert.global_encoder.encoder.x_layers.2.lang_self_att.self.value.weight', 'bert.global_encoder.encoder.x_layers.2.lang_output.LayerNorm.weight', 'bert.global_encoder.encoder.x_layers.0.lang_self_att.self.query.weight', 'mlm_head.predictions.transform.LayerNorm.weight', 'bert.global_encoder.encoder.x_layers.2.lang_output.LayerNorm.bias', 'bert.global_encoder.encoder.x_layers.2.lang_inter.dense.bias', 'bert.global_encoder.encoder.x_layers.1.lang_output.LayerNorm.weight', 'bert.global_encoder.encoder.x_layers.2.lang_self_att.output.dense.bias', 'bert.global_encoder.encoder.x_layers.0.lang_inter.dense.weight', 'bert.global_encoder.encoder.x_layers.1.lang_self_att.self.value.weight', 'bert.global_encoder.encoder.x_layers.0.lang_self_att.output.LayerNorm.bias', 'bert.global_encoder.encoder.x_layers.3.lang_self_att.self.value.weight', 'bert.global_encoder.encoder.x_layers.1.lang_inter.dense.bias', 'bert.global_encoder.encoder.x_layers.0.lang_self_att.self.value.bias', 'bert.global_encoder.encoder.x_layers.3.lang_output.LayerNorm.weight', 'bert.global_encoder.encoder.x_layers.1.lang_self_att.self.query.bias', 'bert.global_encoder.encoder.x_layers.0.lang_self_att.output.dense.weight', 'bert.global_encoder.encoder.x_layers.0.lang_inter.dense.bias', 'bert.global_encoder.encoder.x_layers.1.lang_self_att.self.value.bias', 'bert.global_encoder.encoder.x_layers.3.lang_self_att.self.query.bias', 'bert.global_encoder.encoder.x_layers.0.lang_output.dense.bias', 'bert.global_encoder.encoder.x_layers.0.lang_self_att.output.dense.bias', 'bert.global_encoder.encoder.x_layers.3.lang_inter.dense.bias', 'bert.global_encoder.encoder.x_layers.2.lang_self_att.self.value.bias', 'bert.global_encoder.encoder.x_layers.1.lang_self_att.self.key.weight', 'bert.global_encoder.encoder.x_layers.0.lang_output.LayerNorm.weight', 'mlm_head.predictions.transform.dense.weight', 'bert.global_encoder.encoder.x_layers.2.lang_self_att.self.query.bias', 'bert.global_encoder.encoder.x_layers.3.lang_self_att.self.value.bias', 'bert.global_encoder.encoder.x_layers.1.lang_inter.dense.weight']
- This IS expected if you are initializing GlocalTextPathNavCMT from the checkpoint of a model trained on another task or with another architecture (e.g. initializing a BertForSequenceClassification model from a BertForPreTraining model).
- This IS NOT expected if you are initializing GlocalTextPathNavCMT from the checkpoint of a model that you expect to be exactly identical (initializing a BertForSequenceClassification model from a BertForSequenceClassification model).
2026-09-15 00:04:00,954 Loaded weights from checkpoint: data/logs/checkpoints/release_r2r/ckpt.iter12000.pth, iteration: 12000
2026-09-15 00:04:00,956 Agent parameters: 299.14 MB. Trainable: 140.79 MB.
2026-09-15 00:04:00,957 Finished setting up policy.
local rank: 0 | dataset length: 1

Initalizing the ETP model ...
  0%|          | 0/1 [00:00<?, ?it/s]2026-09-15 00:04:05,263 Video created: data/logs/video/phrasing_17/zsNo4HB9uLZ-17-SPL0.00.mp4
  0%|          | 0/33 [00:00<?, ?it/s]IMAGEIO FFMPEG_WRITER WARNING: input image is not divisible by macro_block_size=16, resizing from (825, 256) to (832, 256) to ensure video compatibility with most codecs and players. To prevent resizing, make your input image divisible by the macro_block_size or set the macro_block_size to 1 (risking incompatibility).
[swscaler @ 0x64a91b791f00] Warning: data is not aligned! This can lead to a speed loss
100%|██████████| 33/33 [00:00<00:00, 562.71it/s]100%|██████████| 1/1 [00:04<00:00,  4.46s/it]I0915 00:04:05.427687 25044 PhysicsManager.cpp:33] Deconstructing PhysicsManager
I0915 00:04:05.427712 25044 SemanticScene.h:41] Deconstructing SemanticScene
I0915 00:04:05.429386 25044 SceneManager.h:25] Deconstructing SceneManager
I0915 00:04:05.429394 25044 SceneGraph.h:26] Deconstructing SceneGraph
I0915 00:04:05.429693 25044 Sensor.h:87] Deconstructing Sensor
I0915 00:04:05.429837 25044 Sensor.h:87] Deconstructing Sensor
I0915 00:04:05.429936 25044 Sensor.h:87] Deconstructing Sensor
I0915 00:04:05.430027 25044 Sensor.h:87] Deconstructing Sensor
I0915 00:04:05.430116 25044 Sensor.h:87] Deconstructing Sensor
I0915 00:04:05.430215 25044 Sensor.h:87] Deconstructing Sensor
I0915 00:04:05.430305 25044 Sensor.h:87] Deconstructing Sensor
I0915 00:04:05.430393 25044 Sensor.h:87] Deconstructing Sensor
I0915 00:04:05.430480 25044 Sensor.h:87] Deconstructing Sensor
I0915 00:04:05.430565 25044 Sensor.h:87] Deconstructing Sensor
I0915 00:04:05.430656 25044 Sensor.h:87] Deconstructing Sensor
I0915 00:04:05.430749 25044 Sensor.h:87] Deconstructing Sensor
I0915 00:04:05.430837 25044 Sensor.h:87] Deconstructing Sensor
I0915 00:04:05.430949 25044 Sensor.h:87] Deconstructing Sensor
I0915 00:04:05.431061 25044 Sensor.h:87] Deconstructing Sensor
I0915 00:04:05.431173 25044 Sensor.h:87] Deconstructing Sensor
I0915 00:04:05.431282 25044 Sensor.h:87] Deconstructing Sensor
I0915 00:04:05.431396 25044 Sensor.h:87] Deconstructing Sensor
I0915 00:04:05.431507 25044 Sensor.h:87] Deconstructing Sensor
I0915 00:04:05.431613 25044 Sensor.h:87] Deconstructing Sensor
I0915 00:04:05.431722 25044 Sensor.h:87] Deconstructing Sensor
I0915 00:04:05.431828 25044 Sensor.h:87] Deconstructing Sensor
I0915 00:04:05.431933 25044 Sensor.h:87] Deconstructing Sensor
I0915 00:04:05.432034 25044 Sensor.h:87] Deconstructing Sensor
I0915 00:04:05.432126 25044 Sensor.h:87] Deconstructing Sensor
I0915 00:04:05.432217 25044 Sensor.h:87] Deconstructing Sensor
I0915 00:04:05.432307 25044 Sensor.h:87] Deconstructing Sensor
I0915 00:04:05.432394 25044 Sensor.h:87] Deconstructing Sensor
I0915 00:04:05.432473 25044 Sensor.h:87] Deconstructing Sensor
I0915 00:04:05.432480 25044 Sensor.h:87] Deconstructing Sensor
I0915 00:04:05.434778 25044 Renderer.cpp:34] Deconstructing Renderer
I0915 00:04:05.434794 25044 WindowlessContext.h:17] Deconstructing WindowlessContext
I0915 00:04:05.441887 25044 Simulator.cpp:49] Deconstructing Simulator

2026-09-15 00:04:05,442 Episodes evaluated: 1
2026-09-15 00:04:05,443 Average episode steps_taken: 32.000000
2026-09-15 00:04:05,443 Average episode distance_to_goal: 12.471691
2026-09-15 00:04:05,443 Average episode success: 0.000000
2026-09-15 00:04:05,443 Average episode oracle_success: 0.000000
2026-09-15 00:04:05,443 Average episode path_length: 4.758791
2026-09-15 00:04:05,443 Average episode collisions: 0.050000
2026-09-15 00:04:05,443 Average episode spl: 0.000000
2026-09-15 00:04:05,443 Average episode ndtw: 0.000204
2026-09-15 00:04:05,443 Average episode sdtw: 0.000000
2026-09-15 00:04:05,443 Average episode ghost_cnt: 13.000000
100%|██████████| 1/1 [00:04<00:00,  4.48s/it]
2026-09-15 00:04:08,015 checkpoint_path: data/logs/checkpoints/release_r2r/ckpt.iter12000.pth
2026-09-15 00:04:08,015 Initializing dataset VLN-CE-v1
2026-09-15 00:04:08,036 SPLTI: custom, NUMBER OF SCENES: 1
2026-09-15 00:04:09,650 Initializing dataset VLN-CE-v1
2026-09-15 00:04:09,670 initializing sim Sim-v1
WARNING: Logging before InitGoogleLogging() is written to STDERR
I0915 00:04:09.676612 25312 ManagedContainerBase.cpp:19] ManagedContainerBase::convertFilenameToJSON : Filename : default changed to proposed JSON configuration filename : default.scene_dataset_config.json
I0915 00:04:09.676647 25312 AttributesManagerBase.h:283] AttributesManager<T>::createFromJsonOrDefaultInternal  (Dataset) : Proposing JSON name : default.scene_dataset_config.json from original name : default | This file  does not exist.
I0915 00:04:09.676693 25312 AssetAttributesManager.cpp:117] Asset attributes (capsule3DSolid : capsule3DSolid_hemiRings_4_cylRings_1_segments_12_halfLen_0.75_useTexCoords_false_useTangents_false) created and registered.
I0915 00:04:09.676710 25312 AssetAttributesManager.cpp:117] Asset attributes (capsule3DWireframe : capsule3DWireframe_hemiRings_8_cylRings_1_segments_16_halfLen_1) created and registered.
I0915 00:04:09.676726 25312 AssetAttributesManager.cpp:117] Asset attributes (coneSolid : coneSolid_segments_12_halfLen_1.25_rings_1_useTexCoords_false_useTangents_false_capEnd_true) created and registered.
I0915 00:04:09.676735 25312 AssetAttributesManager.cpp:117] Asset attributes (coneWireframe : coneWireframe_segments_32_halfLen_1.25) created and registered.
I0915 00:04:09.676744 25312 AssetAttributesManager.cpp:117] Asset attributes (cubeSolid : cubeSolid) created and registered.
I0915 00:04:09.676749 25312 AssetAttributesManager.cpp:117] Asset attributes (cubeWireframe : cubeWireframe) created and registered.
I0915 00:04:09.676762 25312 AssetAttributesManager.cpp:117] Asset attributes (cylinderSolid : cylinderSolid_rings_1_segments_12_halfLen_1_useTexCoords_false_useTangents_false_capEnds_true) created and registered.
I0915 00:04:09.676779 25312 AssetAttributesManager.cpp:117] Asset attributes (cylinderWireframe : cylinderWireframe_rings_1_segments_32_halfLen_1) created and registered.
I0915 00:04:09.676786 25312 AssetAttributesManager.cpp:117] Asset attributes (icosphereSolid : icosphereSolid_subdivs_1) created and registered.
I0915 00:04:09.676791 25312 AssetAttributesManager.cpp:117] Asset attributes (icosphereWireframe : icosphereWireframe_subdivs_1) created and registered.
I0915 00:04:09.676800 25312 AssetAttributesManager.cpp:117] Asset attributes (uvSphereSolid : uvSphereSolid_rings_8_segments_16_useTexCoords_false_useTangents_false) created and registered.
I0915 00:04:09.676807 25312 AssetAttributesManager.cpp:117] Asset attributes (uvSphereWireframe : uvSphereWireframe_rings_16_segments_32) created and registered.
I0915 00:04:09.676810 25312 AssetAttributesManager.cpp:105] AssetAttributesManager::buildCtorFuncPtrMaps : Built default primitive asset templates : 12
I0915 00:04:09.677076 25312 SceneDatasetAttributesManager.cpp:23] File (default) not found, so new default dataset attributes created and registered.
I0915 00:04:09.677078 25312 MetadataMediator.cpp:47] MetadataMediator::createDataset : Dataset default successfully created.
I0915 00:04:09.679123 25312 AttributesManagerBase.h:283] AttributesManager<T>::createFromJsonOrDefaultInternal  (Physics Manager) : Proposing JSON name : ./data/default.physics_config.json from original name : ./data/default.physics_config.json | This file  does not exist.
I0915 00:04:09.679132 25312 PhysicsAttributesManager.cpp:27] File (./data/default.physics_config.json) not found, so new default physics manager attributes created and registered.
I0915 00:04:09.679136 25312 AbstractObjectAttributesManagerBase.h:175] AbstractObjectAttributesManager<T>::createObject  (Stage) : Making attributes with handle : data/scene_datasets/mp3d/zsNo4HB9uLZ/zsNo4HB9uLZ.glb
I0915 00:04:09.679137 25312 ManagedContainerBase.cpp:19] ManagedContainerBase::convertFilenameToJSON : Filename : data/scene_datasets/mp3d/zsNo4HB9uLZ/zsNo4HB9uLZ.glb changed to proposed JSON configuration filename : data/scene_datasets/mp3d/zsNo4HB9uLZ/zsNo4HB9uLZ.stage_config.json
I0915 00:04:09.679147 25312 AttributesManagerBase.h:283] AttributesManager<T>::createFromJsonOrDefaultInternal  (Stage) : Proposing JSON name : data/scene_datasets/mp3d/zsNo4HB9uLZ/zsNo4HB9uLZ.stage_config.json from original name : data/scene_datasets/mp3d/zsNo4HB9uLZ/zsNo4HB9uLZ.glb | This file  does not exist.
I0915 00:04:09.679178 25312 AbstractObjectAttributesManagerBase.h:181] AbstractObjectAttributesManager<T>::createObject  (Stage) : Done making attributes with handle : data/scene_datasets/mp3d/zsNo4HB9uLZ/zsNo4HB9uLZ.glb
I0915 00:04:09.679180 25312 AbstractObjectAttributesManagerBase.h:188] File (data/scene_datasets/mp3d/zsNo4HB9uLZ/zsNo4HB9uLZ.glb) exists but is not a recognized config filename extension, so new default Stage attributes created and registered.
I0915 00:04:09.679183 25312 Simulator.cpp:156] Loading navmesh from data/scene_datasets/mp3d/zsNo4HB9uLZ/zsNo4HB9uLZ.navmesh
I0915 00:04:09.679239 25312 Simulator.cpp:158] Loaded.
I0915 00:04:09.679245 25312 SceneGraph.h:93] Created DrawableGroup: 
Renderer: NVIDIA T1000 8GB/PCIe/SSE2 by NVIDIA Corporation
OpenGL version: 4.6.0 NVIDIA 590.48.01
Using optional features:
    GL_ARB_ES2_compatibility
    GL_ARB_direct_state_access
    GL_ARB_get_texture_sub_image
    GL_ARB_invalidate_subdata
    GL_ARB_multi_bind
    GL_ARB_robustness
    GL_ARB_separate_shader_objects
    GL_ARB_texture_filter_anisotropic
    GL_ARB_texture_storage
    GL_ARB_texture_storage_multisample
    GL_ARB_vertex_array_object
    GL_KHR_debug
Using driver workarounds:
    no-forward-compatible-core-context
    nv-egl-incorrect-gl11-function-pointers
    no-layout-qualifiers-on-old-glsl
    nv-zero-context-profile-mask
    nv-implementation-color-read-format-dsa-broken
    nv-cubemap-inconsistent-compressed-image-size
    nv-cubemap-broken-full-compressed-image-query
    nv-compressed-block-size-in-bits
I0915 00:04:09.779883 25312 ResourceManager.cpp:234] ResourceManager::loadStage : Not loading semantic mesh
I0915 00:04:09.779892 25312 ResourceManager.cpp:262] ResourceManager::loadStage : start load render asset data/scene_datasets/mp3d/zsNo4HB9uLZ/zsNo4HB9uLZ.glb.
I0915 00:04:09.779894 25312 ResourceManager.cpp:569] ResourceManager::loadStageInternal : Attempting to load stage data/scene_datasets/mp3d/zsNo4HB9uLZ/zsNo4HB9uLZ.glb 
I0915 00:04:09.779906 25312 ResourceManager.cpp:1119] Importing Basis files as BC7 for zsNo4HB9uLZ.glb
W0915 00:04:10.652922 25312 Simulator.cpp:248] :
---
 The active scene does not contain semantic annotations. 
---
I0915 00:04:10.692011 25312 simulator.py:213] Loaded navmesh data/scene_datasets/mp3d/zsNo4HB9uLZ/zsNo4HB9uLZ.navmesh
2026-09-15 00:04:10,696 Initializing task VLN-v0
You are using a model of type bert to instantiate a model of type . This is not supported for all configurations of models and can yield errors.
Some weights of the model checkpoint at None were not used when initializing GlocalTextPathNavCMT: ['bert.global_encoder.encoder.x_layers.3.lang_self_att.self.value.weight', 'bert.global_encoder.encoder.x_layers.2.lang_self_att.output.LayerNorm.weight', 'bert.global_encoder.encoder.x_layers.3.lang_self_att.output.dense.bias', 'bert.global_encoder.encoder.x_layers.2.lang_self_att.self.value.weight', 'bert.global_encoder.encoder.x_layers.1.lang_output.dense.weight', 'bert.global_encoder.encoder.x_layers.0.lang_output.LayerNorm.weight', 'bert.global_encoder.encoder.x_layers.2.lang_self_att.self.query.weight', 'bert.global_encoder.encoder.x_layers.1.lang_self_att.self.query.weight', 'bert.global_encoder.encoder.x_layers.2.lang_self_att.self.key.bias', 'bert.global_encoder.encoder.x_layers.3.lang_inter.dense.bias', 'bert.global_encoder.encoder.x_layers.2.lang_output.LayerNorm.bias', 'bert.global_encoder.encoder.x_layers.0.lang_self_att.output.dense.weight', 'bert.global_encoder.encoder.x_layers.0.lang_self_att.self.key.bias', 'bert.global_encoder.encoder.x_layers.2.lang_inter.dense.weight', 'bert.global_encoder.encoder.x_layers.0.lang_self_att.self.value.weight', 'mlm_head.predictions.transform.LayerNorm.bias', 'bert.global_encoder.encoder.x_layers.0.lang_self_att.self.key.weight', 'bert.global_encoder.encoder.x_layers.2.lang_output.dense.weight', 'bert.global_encoder.encoder.x_layers.3.lang_self_att.output.LayerNorm.weight', 'bert.global_encoder.encoder.x_layers.3.lang_output.dense.weight', 'bert.global_encoder.encoder.x_layers.2.lang_self_att.self.key.weight', 'bert.global_encoder.encoder.x_layers.1.lang_inter.dense.weight', 'bert.global_encoder.encoder.x_layers.1.lang_inter.dense.bias', 'bert.global_encoder.encoder.x_layers.3.lang_output.dense.bias', 'bert.global_encoder.encoder.x_layers.2.lang_output.LayerNorm.weight', 'bert.global_encoder.encoder.x_layers.0.lang_output.dense.bias', 'bert.global_encoder.encoder.x_layers.3.lang_output.LayerNorm.weight', 'bert.global_encoder.encoder.x_layers.0.lang_output.LayerNorm.bias', 'bert.global_encoder.encoder.x_layers.0.lang_self_att.output.LayerNorm.weight', 'bert.global_encoder.encoder.x_layers.2.lang_self_att.output.dense.bias', 'bert.global_encoder.encoder.x_layers.2.lang_output.dense.bias', 'bert.global_encoder.encoder.x_layers.1.lang_self_att.output.dense.weight', 'bert.global_encoder.encoder.x_layers.2.lang_self_att.output.dense.weight', 'bert.global_encoder.encoder.x_layers.2.lang_self_att.self.value.bias', 'bert.global_encoder.encoder.x_layers.1.lang_self_att.self.key.bias', 'bert.global_encoder.encoder.x_layers.3.lang_self_att.self.query.bias', 'bert.global_encoder.encoder.x_layers.1.lang_self_att.self.value.bias', 'mlm_head.predictions.transform.dense.weight', 'bert.global_encoder.encoder.x_layers.2.lang_self_att.self.query.bias', 'bert.global_encoder.encoder.x_layers.3.lang_output.LayerNorm.bias', 'bert.global_encoder.encoder.x_layers.1.lang_self_att.self.query.bias', 'bert.global_encoder.encoder.x_layers.1.lang_self_att.output.dense.bias', 'bert.global_encoder.encoder.x_layers.3.lang_self_att.self.query.weight', 'bert.global_encoder.encoder.x_layers.0.lang_self_att.self.query.weight', 'bert.global_encoder.encoder.x_layers.3.lang_self_att.self.value.bias', 'bert.global_encoder.encoder.x_layers.0.lang_self_att.self.value.bias', 'bert.global_encoder.encoder.x_layers.3.lang_self_att.self.key.bias', 'bert.global_encoder.encoder.x_layers.1.lang_output.LayerNorm.weight', 'mlm_head.predictions.bias', 'bert.global_encoder.encoder.x_layers.2.lang_inter.dense.bias', 'bert.global_encoder.encoder.x_layers.3.lang_self_att.output.LayerNorm.bias', 'bert.global_encoder.encoder.x_layers.3.lang_self_att.self.key.weight', 'bert.global_encoder.encoder.x_layers.0.lang_self_att.output.dense.bias', 'bert.global_encoder.encoder.x_layers.1.lang_self_att.output.LayerNorm.bias', 'bert.global_encoder.encoder.x_layers.1.lang_self_att.self.key.weight', 'bert.global_encoder.encoder.x_layers.0.lang_inter.dense.bias', 'bert.global_encoder.encoder.x_layers.0.lang_output.dense.weight', 'bert.global_encoder.encoder.x_layers.1.lang_output.LayerNorm.bias', 'mlm_head.predictions.decoder.weight', 'mlm_head.predictions.transform.dense.bias', 'bert.global_encoder.encoder.x_layers.0.lang_self_att.output.LayerNorm.bias', 'bert.global_encoder.encoder.x_layers.1.lang_output.dense.bias', 'bert.global_encoder.encoder.x_layers.0.lang_inter.dense.weight', 'bert.global_encoder.encoder.x_layers.0.lang_self_att.self.query.bias', 'bert.global_encoder.encoder.x_layers.3.lang_inter.dense.weight', 'bert.global_encoder.encoder.x_layers.1.lang_self_att.self.value.weight', 'bert.global_encoder.encoder.x_layers.2.lang_self_att.output.LayerNorm.bias', 'bert.global_encoder.encoder.x_layers.1.lang_self_att.output.LayerNorm.weight', 'bert.global_encoder.encoder.x_layers.3.lang_self_att.output.dense.weight', 'mlm_head.predictions.transform.LayerNorm.weight']
- This IS expected if you are initializing GlocalTextPathNavCMT from the checkpoint of a model trained on another task or with another architecture (e.g. initializing a BertForSequenceClassification model from a BertForPreTraining model).
- This IS NOT expected if you are initializing GlocalTextPathNavCMT from the checkpoint of a model that you expect to be exactly identical (initializing a BertForSequenceClassification model from a BertForSequenceClassification model).
2026-09-15 00:04:16,197 Loaded weights from checkpoint: data/logs/checkpoints/release_r2r/ckpt.iter12000.pth, iteration: 12000
2026-09-15 00:04:16,199 Agent parameters: 299.14 MB. Trainable: 140.79 MB.
2026-09-15 00:04:16,199 Finished setting up policy.
local rank: 0 | dataset length: 1

Initalizing the ETP model ...
  0%|          | 0/1 [00:00<?, ?it/s]2026-09-15 00:04:22,782 Video created: data/logs/video/phrasing_18/zsNo4HB9uLZ-18-SPL0.00.mp4
  0%|          | 0/63 [00:00<?, ?it/s]IMAGEIO FFMPEG_WRITER WARNING: input image is not divisible by macro_block_size=16, resizing from (825, 278) to (832, 288) to ensure video compatibility with most codecs and players. To prevent resizing, make your input image divisible by the macro_block_size or set the macro_block_size to 1 (risking incompatibility).
[swscaler @ 0x569e4c6f4f00] Warning: data is not aligned! This can lead to a speed loss
 75%|███████▍  | 47/63 [00:00<00:00, 464.61it/s]100%|██████████| 63/63 [00:00<00:00, 544.11it/s]100%|██████████| 1/1 [00:06<00:00,  6.80s/it]I0915 00:04:23.004127 25312 PhysicsManager.cpp:33] Deconstructing PhysicsManager
I0915 00:04:23.004165 25312 SemanticScene.h:41] Deconstructing SemanticScene
I0915 00:04:23.005522 25312 SceneManager.h:25] Deconstructing SceneManager
I0915 00:04:23.005530 25312 SceneGraph.h:26] Deconstructing SceneGraph
I0915 00:04:23.005817 25312 Sensor.h:87] Deconstructing Sensor
I0915 00:04:23.005951 25312 Sensor.h:87] Deconstructing Sensor
I0915 00:04:23.006044 25312 Sensor.h:87] Deconstructing Sensor
I0915 00:04:23.006129 25312 Sensor.h:87] Deconstructing Sensor
I0915 00:04:23.006222 25312 Sensor.h:87] Deconstructing Sensor
I0915 00:04:23.006325 25312 Sensor.h:87] Deconstructing Sensor
I0915 00:04:23.006408 25312 Sensor.h:87] Deconstructing Sensor
I0915 00:04:23.006493 25312 Sensor.h:87] Deconstructing Sensor
I0915 00:04:23.006577 25312 Sensor.h:87] Deconstructing Sensor
I0915 00:04:23.006665 25312 Sensor.h:87] Deconstructing Sensor
I0915 00:04:23.006750 25312 Sensor.h:87] Deconstructing Sensor
I0915 00:04:23.006834 25312 Sensor.h:87] Deconstructing Sensor
I0915 00:04:23.006917 25312 Sensor.h:87] Deconstructing Sensor
I0915 00:04:23.007026 25312 Sensor.h:87] Deconstructing Sensor
I0915 00:04:23.007130 25312 Sensor.h:87] Deconstructing Sensor
I0915 00:04:23.007241 25312 Sensor.h:87] Deconstructing Sensor
I0915 00:04:23.007345 25312 Sensor.h:87] Deconstructing Sensor
I0915 00:04:23.007454 25312 Sensor.h:87] Deconstructing Sensor
I0915 00:04:23.007560 25312 Sensor.h:87] Deconstructing Sensor
I0915 00:04:23.007668 25312 Sensor.h:87] Deconstructing Sensor
I0915 00:04:23.007774 25312 Sensor.h:87] Deconstructing Sensor
I0915 00:04:23.007879 25312 Sensor.h:87] Deconstructing Sensor
I0915 00:04:23.007982 25312 Sensor.h:87] Deconstructing Sensor
I0915 00:04:23.008082 25312 Sensor.h:87] Deconstructing Sensor
I0915 00:04:23.008183 25312 Sensor.h:87] Deconstructing Sensor
I0915 00:04:23.008270 25312 Sensor.h:87] Deconstructing Sensor
I0915 00:04:23.008353 25312 Sensor.h:87] Deconstructing Sensor
I0915 00:04:23.008440 25312 Sensor.h:87] Deconstructing Sensor
I0915 00:04:23.008522 25312 Sensor.h:87] Deconstructing Sensor
I0915 00:04:23.008530 25312 Sensor.h:87] Deconstructing Sensor
I0915 00:04:23.011000 25312 Renderer.cpp:34] Deconstructing Renderer
I0915 00:04:23.011014 25312 WindowlessContext.h:17] Deconstructing WindowlessContext
I0915 00:04:23.016983 25312 Simulator.cpp:49] Deconstructing Simulator

2026-09-15 00:04:23,018 Episodes evaluated: 1
2026-09-15 00:04:23,018 Average episode steps_taken: 62.000000
2026-09-15 00:04:23,018 Average episode distance_to_goal: 13.078911
2026-09-15 00:04:23,018 Average episode success: 0.000000
2026-09-15 00:04:23,019 Average episode oracle_success: 0.000000
2026-09-15 00:04:23,019 Average episode path_length: 7.258790
2026-09-15 00:04:23,019 Average episode collisions: 0.033333
2026-09-15 00:04:23,019 Average episode spl: 0.000000
2026-09-15 00:04:23,019 Average episode ndtw: 0.000000
2026-09-15 00:04:23,019 Average episode sdtw: 0.000000
2026-09-15 00:04:23,019 Average episode ghost_cnt: 19.000000
100%|██████████| 1/1 [00:06<00:00,  6.81s/it]
2026-09-15 00:04:25,650 checkpoint_path: data/logs/checkpoints/release_r2r/ckpt.iter12000.pth
2026-09-15 00:04:25,650 Initializing dataset VLN-CE-v1
2026-09-15 00:04:25,670 SPLTI: custom, NUMBER OF SCENES: 1
2026-09-15 00:04:27,201 Initializing dataset VLN-CE-v1
2026-09-15 00:04:27,221 initializing sim Sim-v1
WARNING: Logging before InitGoogleLogging() is written to STDERR
I0915 00:04:27.227210 25561 ManagedContainerBase.cpp:19] ManagedContainerBase::convertFilenameToJSON : Filename : default changed to proposed JSON configuration filename : default.scene_dataset_config.json
I0915 00:04:27.227233 25561 AttributesManagerBase.h:283] AttributesManager<T>::createFromJsonOrDefaultInternal  (Dataset) : Proposing JSON name : default.scene_dataset_config.json from original name : default | This file  does not exist.
I0915 00:04:27.227272 25561 AssetAttributesManager.cpp:117] Asset attributes (capsule3DSolid : capsule3DSolid_hemiRings_4_cylRings_1_segments_12_halfLen_0.75_useTexCoords_false_useTangents_false) created and registered.
I0915 00:04:27.227288 25561 AssetAttributesManager.cpp:117] Asset attributes (capsule3DWireframe : capsule3DWireframe_hemiRings_8_cylRings_1_segments_16_halfLen_1) created and registered.
I0915 00:04:27.227303 25561 AssetAttributesManager.cpp:117] Asset attributes (coneSolid : coneSolid_segments_12_halfLen_1.25_rings_1_useTexCoords_false_useTangents_false_capEnd_true) created and registered.
I0915 00:04:27.227312 25561 AssetAttributesManager.cpp:117] Asset attributes (coneWireframe : coneWireframe_segments_32_halfLen_1.25) created and registered.
I0915 00:04:27.227324 25561 AssetAttributesManager.cpp:117] Asset attributes (cubeSolid : cubeSolid) created and registered.
I0915 00:04:27.227329 25561 AssetAttributesManager.cpp:117] Asset attributes (cubeWireframe : cubeWireframe) created and registered.
I0915 00:04:27.227341 25561 AssetAttributesManager.cpp:117] Asset attributes (cylinderSolid : cylinderSolid_rings_1_segments_12_halfLen_1_useTexCoords_false_useTangents_false_capEnds_true) created and registered.
I0915 00:04:27.227351 25561 AssetAttributesManager.cpp:117] Asset attributes (cylinderWireframe : cylinderWireframe_rings_1_segments_32_halfLen_1) created and registered.
I0915 00:04:27.227357 25561 AssetAttributesManager.cpp:117] Asset attributes (icosphereSolid : icosphereSolid_subdivs_1) created and registered.
I0915 00:04:27.227362 25561 AssetAttributesManager.cpp:117] Asset attributes (icosphereWireframe : icosphereWireframe_subdivs_1) created and registered.
I0915 00:04:27.227370 25561 AssetAttributesManager.cpp:117] Asset attributes (uvSphereSolid : uvSphereSolid_rings_8_segments_16_useTexCoords_false_useTangents_false) created and registered.
I0915 00:04:27.227377 25561 AssetAttributesManager.cpp:117] Asset attributes (uvSphereWireframe : uvSphereWireframe_rings_16_segments_32) created and registered.
I0915 00:04:27.227380 25561 AssetAttributesManager.cpp:105] AssetAttributesManager::buildCtorFuncPtrMaps : Built default primitive asset templates : 12
I0915 00:04:27.227645 25561 SceneDatasetAttributesManager.cpp:23] File (default) not found, so new default dataset attributes created and registered.
I0915 00:04:27.227648 25561 MetadataMediator.cpp:47] MetadataMediator::createDataset : Dataset default successfully created.
I0915 00:04:27.229626 25561 AttributesManagerBase.h:283] AttributesManager<T>::createFromJsonOrDefaultInternal  (Physics Manager) : Proposing JSON name : ./data/default.physics_config.json from original name : ./data/default.physics_config.json | This file  does not exist.
I0915 00:04:27.229640 25561 PhysicsAttributesManager.cpp:27] File (./data/default.physics_config.json) not found, so new default physics manager attributes created and registered.
I0915 00:04:27.229643 25561 AbstractObjectAttributesManagerBase.h:175] AbstractObjectAttributesManager<T>::createObject  (Stage) : Making attributes with handle : data/scene_datasets/mp3d/zsNo4HB9uLZ/zsNo4HB9uLZ.glb
I0915 00:04:27.229645 25561 ManagedContainerBase.cpp:19] ManagedContainerBase::convertFilenameToJSON : Filename : data/scene_datasets/mp3d/zsNo4HB9uLZ/zsNo4HB9uLZ.glb changed to proposed JSON configuration filename : data/scene_datasets/mp3d/zsNo4HB9uLZ/zsNo4HB9uLZ.stage_config.json
I0915 00:04:27.229650 25561 AttributesManagerBase.h:283] AttributesManager<T>::createFromJsonOrDefaultInternal  (Stage) : Proposing JSON name : data/scene_datasets/mp3d/zsNo4HB9uLZ/zsNo4HB9uLZ.stage_config.json from original name : data/scene_datasets/mp3d/zsNo4HB9uLZ/zsNo4HB9uLZ.glb | This file  does not exist.
I0915 00:04:27.229681 25561 AbstractObjectAttributesManagerBase.h:181] AbstractObjectAttributesManager<T>::createObject  (Stage) : Done making attributes with handle : data/scene_datasets/mp3d/zsNo4HB9uLZ/zsNo4HB9uLZ.glb
I0915 00:04:27.229681 25561 AbstractObjectAttributesManagerBase.h:188] File (data/scene_datasets/mp3d/zsNo4HB9uLZ/zsNo4HB9uLZ.glb) exists but is not a recognized config filename extension, so new default Stage attributes created and registered.
I0915 00:04:27.229684 25561 Simulator.cpp:156] Loading navmesh from data/scene_datasets/mp3d/zsNo4HB9uLZ/zsNo4HB9uLZ.navmesh
I0915 00:04:27.229739 25561 Simulator.cpp:158] Loaded.
I0915 00:04:27.229746 25561 SceneGraph.h:93] Created DrawableGroup: 
Renderer: NVIDIA T1000 8GB/PCIe/SSE2 by NVIDIA Corporation
OpenGL version: 4.6.0 NVIDIA 590.48.01
Using optional features:
    GL_ARB_ES2_compatibility
    GL_ARB_direct_state_access
    GL_ARB_get_texture_sub_image
    GL_ARB_invalidate_subdata
    GL_ARB_multi_bind
    GL_ARB_robustness
    GL_ARB_separate_shader_objects
    GL_ARB_texture_filter_anisotropic
    GL_ARB_texture_storage
    GL_ARB_texture_storage_multisample
    GL_ARB_vertex_array_object
    GL_KHR_debug
Using driver workarounds:
    no-forward-compatible-core-context
    nv-egl-incorrect-gl11-function-pointers
    no-layout-qualifiers-on-old-glsl
    nv-zero-context-profile-mask
    nv-implementation-color-read-format-dsa-broken
    nv-cubemap-inconsistent-compressed-image-size
    nv-cubemap-broken-full-compressed-image-query
    nv-compressed-block-size-in-bits
I0915 00:04:27.319896 25561 ResourceManager.cpp:234] ResourceManager::loadStage : Not loading semantic mesh
I0915 00:04:27.319904 25561 ResourceManager.cpp:262] ResourceManager::loadStage : start load render asset data/scene_datasets/mp3d/zsNo4HB9uLZ/zsNo4HB9uLZ.glb.
I0915 00:04:27.319905 25561 ResourceManager.cpp:569] ResourceManager::loadStageInternal : Attempting to load stage data/scene_datasets/mp3d/zsNo4HB9uLZ/zsNo4HB9uLZ.glb 
I0915 00:04:27.319917 25561 ResourceManager.cpp:1119] Importing Basis files as BC7 for zsNo4HB9uLZ.glb
W0915 00:04:28.188611 25561 Simulator.cpp:248] :
---
 The active scene does not contain semantic annotations. 
---
I0915 00:04:28.227744 25561 simulator.py:213] Loaded navmesh data/scene_datasets/mp3d/zsNo4HB9uLZ/zsNo4HB9uLZ.navmesh
2026-09-15 00:04:28,232 Initializing task VLN-v0
You are using a model of type bert to instantiate a model of type . This is not supported for all configurations of models and can yield errors.
Some weights of the model checkpoint at None were not used when initializing GlocalTextPathNavCMT: ['bert.global_encoder.encoder.x_layers.2.lang_self_att.output.LayerNorm.weight', 'bert.global_encoder.encoder.x_layers.2.lang_output.dense.weight', 'bert.global_encoder.encoder.x_layers.0.lang_self_att.self.query.bias', 'bert.global_encoder.encoder.x_layers.0.lang_output.LayerNorm.bias', 'bert.global_encoder.encoder.x_layers.0.lang_self_att.output.dense.weight', 'bert.global_encoder.encoder.x_layers.0.lang_self_att.self.query.weight', 'bert.global_encoder.encoder.x_layers.0.lang_self_att.self.key.weight', 'bert.global_encoder.encoder.x_layers.3.lang_inter.dense.weight', 'bert.global_encoder.encoder.x_layers.0.lang_self_att.output.LayerNorm.bias', 'bert.global_encoder.encoder.x_layers.2.lang_self_att.self.query.bias', 'bert.global_encoder.encoder.x_layers.1.lang_inter.dense.bias', 'bert.global_encoder.encoder.x_layers.3.lang_self_att.self.query.weight', 'bert.global_encoder.encoder.x_layers.1.lang_self_att.self.value.weight', 'bert.global_encoder.encoder.x_layers.1.lang_self_att.self.query.weight', 'bert.global_encoder.encoder.x_layers.1.lang_output.dense.bias', 'bert.global_encoder.encoder.x_layers.3.lang_self_att.self.key.bias', 'bert.global_encoder.encoder.x_layers.1.lang_self_att.output.dense.bias', 'bert.global_encoder.encoder.x_layers.2.lang_self_att.output.dense.weight', 'bert.global_encoder.encoder.x_layers.3.lang_self_att.self.value.weight', 'bert.global_encoder.encoder.x_layers.3.lang_self_att.output.LayerNorm.bias', 'bert.global_encoder.encoder.x_layers.1.lang_self_att.output.LayerNorm.bias', 'bert.global_encoder.encoder.x_layers.3.lang_output.dense.bias', 'bert.global_encoder.encoder.x_layers.2.lang_self_att.self.key.weight', 'bert.global_encoder.encoder.x_layers.0.lang_self_att.output.LayerNorm.weight', 'bert.global_encoder.encoder.x_layers.0.lang_inter.dense.weight', 'mlm_head.predictions.decoder.weight', 'bert.global_encoder.encoder.x_layers.0.lang_self_att.self.value.bias', 'bert.global_encoder.encoder.x_layers.1.lang_self_att.self.query.bias', 'bert.global_encoder.encoder.x_layers.2.lang_self_att.output.LayerNorm.bias', 'bert.global_encoder.encoder.x_layers.0.lang_output.LayerNorm.weight', 'mlm_head.predictions.transform.dense.weight', 'bert.global_encoder.encoder.x_layers.3.lang_self_att.self.value.bias', 'bert.global_encoder.encoder.x_layers.1.lang_inter.dense.weight', 'bert.global_encoder.encoder.x_layers.3.lang_output.LayerNorm.weight', 'bert.global_encoder.encoder.x_layers.1.lang_self_att.self.key.weight', 'bert.global_encoder.encoder.x_layers.2.lang_inter.dense.bias', 'bert.global_encoder.encoder.x_layers.3.lang_self_att.output.dense.weight', 'bert.global_encoder.encoder.x_layers.3.lang_self_att.self.key.weight', 'bert.global_encoder.encoder.x_layers.1.lang_self_att.self.key.bias', 'bert.global_encoder.encoder.x_layers.0.lang_inter.dense.bias', 'mlm_head.predictions.bias', 'bert.global_encoder.encoder.x_layers.2.lang_inter.dense.weight', 'bert.global_encoder.encoder.x_layers.3.lang_inter.dense.bias', 'bert.global_encoder.encoder.x_layers.0.lang_self_att.self.value.weight', 'bert.global_encoder.encoder.x_layers.1.lang_self_att.output.LayerNorm.weight', 'bert.global_encoder.encoder.x_layers.2.lang_output.LayerNorm.bias', 'bert.global_encoder.encoder.x_layers.2.lang_output.LayerNorm.weight', 'bert.global_encoder.encoder.x_layers.1.lang_output.LayerNorm.bias', 'bert.global_encoder.encoder.x_layers.2.lang_self_att.output.dense.bias', 'bert.global_encoder.encoder.x_layers.3.lang_self_att.output.LayerNorm.weight', 'mlm_head.predictions.transform.dense.bias', 'bert.global_encoder.encoder.x_layers.1.lang_self_att.self.value.bias', 'bert.global_encoder.encoder.x_layers.1.lang_output.dense.weight', 'bert.global_encoder.encoder.x_layers.2.lang_self_att.self.key.bias', 'bert.global_encoder.encoder.x_layers.0.lang_output.dense.bias', 'bert.global_encoder.encoder.x_layers.2.lang_output.dense.bias', 'bert.global_encoder.encoder.x_layers.2.lang_self_att.self.query.weight', 'bert.global_encoder.encoder.x_layers.2.lang_self_att.self.value.weight', 'bert.global_encoder.encoder.x_layers.1.lang_output.LayerNorm.weight', 'mlm_head.predictions.transform.LayerNorm.weight', 'mlm_head.predictions.transform.LayerNorm.bias', 'bert.global_encoder.encoder.x_layers.0.lang_self_att.output.dense.bias', 'bert.global_encoder.encoder.x_layers.3.lang_output.dense.weight', 'bert.global_encoder.encoder.x_layers.0.lang_self_att.self.key.bias', 'bert.global_encoder.encoder.x_layers.3.lang_self_att.self.query.bias', 'bert.global_encoder.encoder.x_layers.1.lang_self_att.output.dense.weight', 'bert.global_encoder.encoder.x_layers.0.lang_output.dense.weight', 'bert.global_encoder.encoder.x_layers.2.lang_self_att.self.value.bias', 'bert.global_encoder.encoder.x_layers.3.lang_output.LayerNorm.bias', 'bert.global_encoder.encoder.x_layers.3.lang_self_att.output.dense.bias']
- This IS expected if you are initializing GlocalTextPathNavCMT from the checkpoint of a model trained on another task or with another architecture (e.g. initializing a BertForSequenceClassification model from a BertForPreTraining model).
- This IS NOT expected if you are initializing GlocalTextPathNavCMT from the checkpoint of a model that you expect to be exactly identical (initializing a BertForSequenceClassification model from a BertForSequenceClassification model).
2026-09-15 00:04:34,075 Loaded weights from checkpoint: data/logs/checkpoints/release_r2r/ckpt.iter12000.pth, iteration: 12000
2026-09-15 00:04:34,077 Agent parameters: 299.14 MB. Trainable: 140.79 MB.
2026-09-15 00:04:34,077 Finished setting up policy.
local rank: 0 | dataset length: 1

Initalizing the ETP model ...
  0%|          | 0/1 [00:00<?, ?it/s]2026-09-15 00:04:40,296 Video created: data/logs/video/phrasing_19/zsNo4HB9uLZ-19-SPL0.00.mp4
  0%|          | 0/53 [00:00<?, ?it/s]IMAGEIO FFMPEG_WRITER WARNING: input image is not divisible by macro_block_size=16, resizing from (825, 278) to (832, 288) to ensure video compatibility with most codecs and players. To prevent resizing, make your input image divisible by the macro_block_size or set the macro_block_size to 1 (risking incompatibility).
[swscaler @ 0x5db5674d2f00] Warning: data is not aligned! This can lead to a speed loss
100%|██████████| 53/53 [00:00<00:00, 577.23it/s]100%|██████████| 1/1 [00:06<00:00,  6.40s/it]I0915 00:04:40.490254 25561 PhysicsManager.cpp:33] Deconstructing PhysicsManager
I0915 00:04:40.490284 25561 SemanticScene.h:41] Deconstructing SemanticScene
I0915 00:04:40.491808 25561 SceneManager.h:25] Deconstructing SceneManager
I0915 00:04:40.491817 25561 SceneGraph.h:26] Deconstructing SceneGraph
I0915 00:04:40.492089 25561 Sensor.h:87] Deconstructing Sensor
I0915 00:04:40.492262 25561 Sensor.h:87] Deconstructing Sensor
I0915 00:04:40.492360 25561 Sensor.h:87] Deconstructing Sensor
I0915 00:04:40.492452 25561 Sensor.h:87] Deconstructing Sensor
I0915 00:04:40.492542 25561 Sensor.h:87] Deconstructing Sensor
I0915 00:04:40.492631 25561 Sensor.h:87] Deconstructing Sensor
I0915 00:04:40.492725 25561 Sensor.h:87] Deconstructing Sensor
I0915 00:04:40.492813 25561 Sensor.h:87] Deconstructing Sensor
I0915 00:04:40.492897 25561 Sensor.h:87] Deconstructing Sensor
I0915 00:04:40.492982 25561 Sensor.h:87] Deconstructing Sensor
I0915 00:04:40.493067 25561 Sensor.h:87] Deconstructing Sensor
I0915 00:04:40.493153 25561 Sensor.h:87] Deconstructing Sensor
I0915 00:04:40.493242 25561 Sensor.h:87] Deconstructing Sensor
I0915 00:04:40.493355 25561 Sensor.h:87] Deconstructing Sensor
I0915 00:04:40.493461 25561 Sensor.h:87] Deconstructing Sensor
I0915 00:04:40.493567 25561 Sensor.h:87] Deconstructing Sensor
I0915 00:04:40.493675 25561 Sensor.h:87] Deconstructing Sensor
I0915 00:04:40.493789 25561 Sensor.h:87] Deconstructing Sensor
I0915 00:04:40.493899 25561 Sensor.h:87] Deconstructing Sensor
I0915 00:04:40.494006 25561 Sensor.h:87] Deconstructing Sensor
I0915 00:04:40.494110 25561 Sensor.h:87] Deconstructing Sensor
I0915 00:04:40.494226 25561 Sensor.h:87] Deconstructing Sensor
I0915 00:04:40.494335 25561 Sensor.h:87] Deconstructing Sensor
I0915 00:04:40.494431 25561 Sensor.h:87] Deconstructing Sensor
I0915 00:04:40.494520 25561 Sensor.h:87] Deconstructing Sensor
I0915 00:04:40.494606 25561 Sensor.h:87] Deconstructing Sensor
I0915 00:04:40.494695 25561 Sensor.h:87] Deconstructing Sensor
I0915 00:04:40.494781 25561 Sensor.h:87] Deconstructing Sensor
I0915 00:04:40.494859 25561 Sensor.h:87] Deconstructing Sensor
I0915 00:04:40.494866 25561 Sensor.h:87] Deconstructing Sensor
I0915 00:04:40.497133 25561 Renderer.cpp:34] Deconstructing Renderer
I0915 00:04:40.497149 25561 WindowlessContext.h:17] Deconstructing WindowlessContext
I0915 00:04:40.503958 25561 Simulator.cpp:49] Deconstructing Simulator

2026-09-15 00:04:40,505 Episodes evaluated: 1
2026-09-15 00:04:40,505 Average episode steps_taken: 52.000000
2026-09-15 00:04:40,505 Average episode distance_to_goal: 13.229131
2026-09-15 00:04:40,505 Average episode success: 0.000000
2026-09-15 00:04:40,505 Average episode oracle_success: 0.000000
2026-09-15 00:04:40,505 Average episode path_length: 6.508790
2026-09-15 00:04:40,505 Average episode collisions: 0.037037
2026-09-15 00:04:40,505 Average episode spl: 0.000000
2026-09-15 00:04:40,505 Average episode ndtw: 0.000001
2026-09-15 00:04:40,505 Average episode sdtw: 0.000000
2026-09-15 00:04:40,505 Average episode ghost_cnt: 18.000000
100%|██████████| 1/1 [00:06<00:00,  6.42s/it]
/home/storms-end/miniconda3/envs/vlnce/lib/python3.6/site-packages/transformers/tokenization_utils_base.py:1645: FutureWarning: Calling BertTokenizer.from_pretrained() with the path to a single file or url is deprecated and won't be possible anymore in v5. Use a model identifier or the path to a directory instead.
  FutureWarning,

scene: mp3d/zsNo4HB9uLZ/zsNo4HB9uLZ.glb
start_position: [19.015472412109375, 0.17162801325321198, -7.580921649932861]
wrote dataset -> data/datasets/R2R_VLNCE_v1-2_preprocessed_BERTidx/custom/custom_bertidx.json.gz
wrote gt       -> data/datasets/R2R_VLNCE_v1-2_preprocessed/custom/custom_gt.json.gz
[14/20] ep4 tier=anchored: 'There is a dresser ahead of you. Walk up to the dresser, then continue past it to the far side, behind it, and stop.'
instruction: 'There is a dresser ahead of you. Walk up to the dresser, then continue past it to the far side, behind it, and stop.'
tokens (29 words -> padded to 80): ['there', 'is', 'a', 'dresser', 'ahead', 'of', 'you', '.', 'walk', 'up', 'to', 'the', 'dresser', ',', 'then', 'continue', 'past', 'it', 'to', 'the', 'far', 'side', ',', 'behind', 'it', ',', 'and', 'stop', '.']
scene: mp3d/zsNo4HB9uLZ/zsNo4HB9uLZ.glb
start_position: [19.015472412109375, 0.17162801325321198, -7.580921649932861]
wrote dataset -> data/datasets/R2R_VLNCE_v1-2_preprocessed_BERTidx/custom/custom_bertidx.json.gz
wrote gt       -> data/datasets/R2R_VLNCE_v1-2_preprocessed/custom/custom_gt.json.gz
[15/20] ep4 tier=narrated: 'Walk forward toward the dresser in the room ahead. Once you reach the dresser, keep going past it until you are on the opposite side from where you started, then stop.'
instruction: 'Walk forward toward the dresser in the room ahead. Once you reach the dresser, keep going past it until you are on the opposite side from where you started, then stop.'
tokens (35 words -> padded to 80): ['walk', 'forward', 'toward', 'the', 'dresser', 'in', 'the', 'room', 'ahead', '.', 'once', 'you', 'reach', 'the', 'dresser', ',', 'keep', 'going', 'past', 'it', 'until', 'you', 'are', 'on', 'the', 'opposite', 'side', 'from', 'where', 'you', 'started', ',', 'then', 'stop', '.']
scene: mp3d/zsNo4HB9uLZ/zsNo4HB9uLZ.glb
start_position: [19.015472412109375, 0.17162801325321198, -7.580921649932861]
wrote dataset -> data/datasets/R2R_VLNCE_v1-2_preprocessed_BERTidx/custom/custom_bertidx.json.gz
wrote gt       -> data/datasets/R2R_VLNCE_v1-2_preprocessed/custom/custom_gt.json.gz
[16/20] ep13 tier=bare: 'Stand next to the bookshelf.'
instruction: 'Stand next to the bookshelf.'
tokens (8 words -> padded to 80): ['stand', 'next', 'to', 'the', 'books', '##hel', '##f', '.']
scene: mp3d/zsNo4HB9uLZ/zsNo4HB9uLZ.glb
start_position: [9.386150360107422, 0.17162801325321198, -2.8027701377868652]
wrote dataset -> data/datasets/R2R_VLNCE_v1-2_preprocessed_BERTidx/custom/custom_bertidx.json.gz
wrote gt       -> data/datasets/R2R_VLNCE_v1-2_preprocessed/custom/custom_gt.json.gz
[17/20] ep13 tier=verb_stop: 'Walk over to the bookshelf and stand right beside it.'
instruction: 'Walk over to the bookshelf and stand right beside it.'
tokens (13 words -> padded to 80): ['walk', 'over', 'to', 'the', 'books', '##hel', '##f', 'and', 'stand', 'right', 'beside', 'it', '.']
scene: mp3d/zsNo4HB9uLZ/zsNo4HB9uLZ.glb
start_position: [9.386150360107422, 0.17162801325321198, -2.8027701377868652]
wrote dataset -> data/datasets/R2R_VLNCE_v1-2_preprocessed_BERTidx/custom/custom_bertidx.json.gz
wrote gt       -> data/datasets/R2R_VLNCE_v1-2_preprocessed/custom/custom_gt.json.gz
[18/20] ep13 tier=two_step: 'Walk toward the bookshelf. When you reach it, stop right beside it.'
instruction: 'Walk toward the bookshelf. When you reach it, stop right beside it.'
tokens (17 words -> padded to 80): ['walk', 'toward', 'the', 'books', '##hel', '##f', '.', 'when', 'you', 'reach', 'it', ',', 'stop', 'right', 'beside', 'it', '.']
scene: mp3d/zsNo4HB9uLZ/zsNo4HB9uLZ.glb
start_position: [9.386150360107422, 0.17162801325321198, -2.8027701377868652]
wrote dataset -> data/datasets/R2R_VLNCE_v1-2_preprocessed_BERTidx/custom/custom_bertidx.json.gz
wrote gt       -> data/datasets/R2R_VLNCE_v1-2_preprocessed/custom/custom_gt.json.gz
[19/20] ep13 tier=anchored: 'There is a bookshelf ahead of you. Walk up to the bookshelf and stop as close to it as you can, right next to it.'
instruction: 'There is a bookshelf ahead of you. Walk up to the bookshelf and stop as close to it as you can, right next to it.'
tokens (32 words -> padded to 80): ['there', 'is', 'a', 'books', '##hel', '##f', 'ahead', 'of', 'you', '.', 'walk', 'up', 'to', 'the', 'books', '##hel', '##f', 'and', 'stop', 'as', 'close', 'to', 'it', 'as', 'you', 'can', ',', 'right', 'next', 'to', 'it', '.']
scene: mp3d/zsNo4HB9uLZ/zsNo4HB9uLZ.glb
start_position: [9.386150360107422, 0.17162801325321198, -2.8027701377868652]
wrote dataset -> data/datasets/R2R_VLNCE_v1-2_preprocessed_BERTidx/custom/custom_bertidx.json.gz
wrote gt       -> data/datasets/R2R_VLNCE_v1-2_preprocessed/custom/custom_gt.json.gz
[20/20] ep13 tier=narrated: 'Walk forward toward the bookshelf in the room ahead. Once you get close to the bookshelf, stop right beside it, touching distance away.'
instruction: 'Walk forward toward the bookshelf in the room ahead. Once you get close to the bookshelf, stop right beside it, touching distance away.'
tokens (31 words -> padded to 80): ['walk', 'forward', 'toward', 'the', 'books', '##hel', '##f', 'in', 'the', 'room', 'ahead', '.', 'once', 'you', 'get', 'close', 'to', 'the', 'books', '##hel', '##f', ',', 'stop', 'right', 'beside', 'it', ',', 'touching', 'distance', 'away', '.']
scene: mp3d/zsNo4HB9uLZ/zsNo4HB9uLZ.glb
start_position: [9.386150360107422, 0.17162801325321198, -2.8027701377868652]
wrote dataset -> data/datasets/R2R_VLNCE_v1-2_preprocessed_BERTidx/custom/custom_bertidx.json.gz
wrote gt       -> data/datasets/R2R_VLNCE_v1-2_preprocessed/custom/custom_gt.json.gz
wrote 20 results -> /tmp/claude-1000/-home-storms-end-ETPNav/bf82bef2-3c40-490f-95a2-ed73feb09b45/scratchpad/phrasing_results.json
