2026-09-14 23:31:15,425 checkpoint_path: data/logs/checkpoints/release_r2r/ckpt.iter12000.pth
2026-09-14 23:31:15,426 Initializing dataset VLN-CE-v1
2026-09-14 23:31:15,446 SPLTI: custom, NUMBER OF SCENES: 1
2026-09-14 23:31:16,892 Initializing dataset VLN-CE-v1
2026-09-14 23:31:16,913 initializing sim Sim-v1
WARNING: Logging before InitGoogleLogging() is written to STDERR
I0914 23:31:16.918672 11863 ManagedContainerBase.cpp:19] ManagedContainerBase::convertFilenameToJSON : Filename : default changed to proposed JSON configuration filename : default.scene_dataset_config.json
I0914 23:31:16.918695 11863 AttributesManagerBase.h:283] AttributesManager<T>::createFromJsonOrDefaultInternal  (Dataset) : Proposing JSON name : default.scene_dataset_config.json from original name : default | This file  does not exist.
I0914 23:31:16.918736 11863 AssetAttributesManager.cpp:117] Asset attributes (capsule3DSolid : capsule3DSolid_hemiRings_4_cylRings_1_segments_12_halfLen_0.75_useTexCoords_false_useTangents_false) created and registered.
I0914 23:31:16.918751 11863 AssetAttributesManager.cpp:117] Asset attributes (capsule3DWireframe : capsule3DWireframe_hemiRings_8_cylRings_1_segments_16_halfLen_1) created and registered.
I0914 23:31:16.918767 11863 AssetAttributesManager.cpp:117] Asset attributes (coneSolid : coneSolid_segments_12_halfLen_1.25_rings_1_useTexCoords_false_useTangents_false_capEnd_true) created and registered.
I0914 23:31:16.918776 11863 AssetAttributesManager.cpp:117] Asset attributes (coneWireframe : coneWireframe_segments_32_halfLen_1.25) created and registered.
I0914 23:31:16.918781 11863 AssetAttributesManager.cpp:117] Asset attributes (cubeSolid : cubeSolid) created and registered.
I0914 23:31:16.918785 11863 AssetAttributesManager.cpp:117] Asset attributes (cubeWireframe : cubeWireframe) created and registered.
I0914 23:31:16.918798 11863 AssetAttributesManager.cpp:117] Asset attributes (cylinderSolid : cylinderSolid_rings_1_segments_12_halfLen_1_useTexCoords_false_useTangents_false_capEnds_true) created and registered.
I0914 23:31:16.918808 11863 AssetAttributesManager.cpp:117] Asset attributes (cylinderWireframe : cylinderWireframe_rings_1_segments_32_halfLen_1) created and registered.
I0914 23:31:16.918814 11863 AssetAttributesManager.cpp:117] Asset attributes (icosphereSolid : icosphereSolid_subdivs_1) created and registered.
I0914 23:31:16.918820 11863 AssetAttributesManager.cpp:117] Asset attributes (icosphereWireframe : icosphereWireframe_subdivs_1) created and registered.
I0914 23:31:16.918828 11863 AssetAttributesManager.cpp:117] Asset attributes (uvSphereSolid : uvSphereSolid_rings_8_segments_16_useTexCoords_false_useTangents_false) created and registered.
I0914 23:31:16.918835 11863 AssetAttributesManager.cpp:117] Asset attributes (uvSphereWireframe : uvSphereWireframe_rings_16_segments_32) created and registered.
I0914 23:31:16.918838 11863 AssetAttributesManager.cpp:105] AssetAttributesManager::buildCtorFuncPtrMaps : Built default primitive asset templates : 12
I0914 23:31:16.919112 11863 SceneDatasetAttributesManager.cpp:23] File (default) not found, so new default dataset attributes created and registered.
I0914 23:31:16.919114 11863 MetadataMediator.cpp:47] MetadataMediator::createDataset : Dataset default successfully created.
I0914 23:31:16.921128 11863 AttributesManagerBase.h:283] AttributesManager<T>::createFromJsonOrDefaultInternal  (Physics Manager) : Proposing JSON name : ./data/default.physics_config.json from original name : ./data/default.physics_config.json | This file  does not exist.
I0914 23:31:16.921137 11863 PhysicsAttributesManager.cpp:27] File (./data/default.physics_config.json) not found, so new default physics manager attributes created and registered.
I0914 23:31:16.921140 11863 AbstractObjectAttributesManagerBase.h:175] AbstractObjectAttributesManager<T>::createObject  (Stage) : Making attributes with handle : data/scene_datasets/mp3d/zsNo4HB9uLZ/zsNo4HB9uLZ.glb
I0914 23:31:16.921142 11863 ManagedContainerBase.cpp:19] ManagedContainerBase::convertFilenameToJSON : Filename : data/scene_datasets/mp3d/zsNo4HB9uLZ/zsNo4HB9uLZ.glb changed to proposed JSON configuration filename : data/scene_datasets/mp3d/zsNo4HB9uLZ/zsNo4HB9uLZ.stage_config.json
I0914 23:31:16.921176 11863 AttributesManagerBase.h:283] AttributesManager<T>::createFromJsonOrDefaultInternal  (Stage) : Proposing JSON name : data/scene_datasets/mp3d/zsNo4HB9uLZ/zsNo4HB9uLZ.stage_config.json from original name : data/scene_datasets/mp3d/zsNo4HB9uLZ/zsNo4HB9uLZ.glb | This file  does not exist.
I0914 23:31:16.921209 11863 AbstractObjectAttributesManagerBase.h:181] AbstractObjectAttributesManager<T>::createObject  (Stage) : Done making attributes with handle : data/scene_datasets/mp3d/zsNo4HB9uLZ/zsNo4HB9uLZ.glb
I0914 23:31:16.921211 11863 AbstractObjectAttributesManagerBase.h:188] File (data/scene_datasets/mp3d/zsNo4HB9uLZ/zsNo4HB9uLZ.glb) exists but is not a recognized config filename extension, so new default Stage attributes created and registered.
I0914 23:31:16.921213 11863 Simulator.cpp:156] Loading navmesh from data/scene_datasets/mp3d/zsNo4HB9uLZ/zsNo4HB9uLZ.navmesh
I0914 23:31:16.921267 11863 Simulator.cpp:158] Loaded.
I0914 23:31:16.921272 11863 SceneGraph.h:93] Created DrawableGroup: 
Renderer: NVIDIA T1000 8GB/PCIe/SSE2 by NVIDIA Corporation
OpenGL version: 4.6.0 NVIDIA 590.48.01
Using optional features:
    GL_ARB_ES2_compatibility
    GL_ARB_direct_state_access
    GL_ARB_get_texture_sub_image
    GL_ARB_invalidate_subdata
    GL_ARB_multi_bind
    GL_ARB_robustness
    GL_ARB_separate_shader_objects
    GL_ARB_texture_filter_anisotropic
    GL_ARB_texture_storage
    GL_ARB_texture_storage_multisample
    GL_ARB_vertex_array_object
    GL_KHR_debug
Using driver workarounds:
    no-forward-compatible-core-context
    nv-egl-incorrect-gl11-function-pointers
    no-layout-qualifiers-on-old-glsl
    nv-zero-context-profile-mask
    nv-implementation-color-read-format-dsa-broken
    nv-cubemap-inconsistent-compressed-image-size
    nv-cubemap-broken-full-compressed-image-query
    nv-compressed-block-size-in-bits
I0914 23:31:17.005045 11863 ResourceManager.cpp:234] ResourceManager::loadStage : Not loading semantic mesh
I0914 23:31:17.005053 11863 ResourceManager.cpp:262] ResourceManager::loadStage : start load render asset data/scene_datasets/mp3d/zsNo4HB9uLZ/zsNo4HB9uLZ.glb.
I0914 23:31:17.005054 11863 ResourceManager.cpp:569] ResourceManager::loadStageInternal : Attempting to load stage data/scene_datasets/mp3d/zsNo4HB9uLZ/zsNo4HB9uLZ.glb 
I0914 23:31:17.005065 11863 ResourceManager.cpp:1119] Importing Basis files as BC7 for zsNo4HB9uLZ.glb
W0914 23:31:17.873719 11863 Simulator.cpp:248] :
---
 The active scene does not contain semantic annotations. 
---
I0914 23:31:17.913207 11863 simulator.py:213] Loaded navmesh data/scene_datasets/mp3d/zsNo4HB9uLZ/zsNo4HB9uLZ.navmesh
2026-09-14 23:31:17,917 Initializing task VLN-v0
You are using a model of type bert to instantiate a model of type . This is not supported for all configurations of models and can yield errors.
Some weights of the model checkpoint at None were not used when initializing GlocalTextPathNavCMT: ['bert.global_encoder.encoder.x_layers.1.lang_self_att.output.LayerNorm.weight', 'mlm_head.predictions.transform.LayerNorm.weight', 'bert.global_encoder.encoder.x_layers.1.lang_self_att.output.dense.weight', 'bert.global_encoder.encoder.x_layers.1.lang_inter.dense.weight', 'bert.global_encoder.encoder.x_layers.0.lang_inter.dense.bias', 'bert.global_encoder.encoder.x_layers.1.lang_self_att.self.value.bias', 'bert.global_encoder.encoder.x_layers.1.lang_self_att.self.query.weight', 'bert.global_encoder.encoder.x_layers.0.lang_self_att.output.dense.weight', 'bert.global_encoder.encoder.x_layers.3.lang_inter.dense.bias', 'bert.global_encoder.encoder.x_layers.3.lang_self_att.self.query.bias', 'bert.global_encoder.encoder.x_layers.0.lang_self_att.output.LayerNorm.bias', 'bert.global_encoder.encoder.x_layers.2.lang_self_att.output.LayerNorm.weight', 'bert.global_encoder.encoder.x_layers.3.lang_self_att.output.LayerNorm.bias', 'bert.global_encoder.encoder.x_layers.3.lang_self_att.output.LayerNorm.weight', 'bert.global_encoder.encoder.x_layers.3.lang_output.dense.weight', 'bert.global_encoder.encoder.x_layers.1.lang_self_att.self.value.weight', 'mlm_head.predictions.bias', 'bert.global_encoder.encoder.x_layers.2.lang_inter.dense.weight', 'bert.global_encoder.encoder.x_layers.1.lang_inter.dense.bias', 'bert.global_encoder.encoder.x_layers.1.lang_output.dense.weight', 'bert.global_encoder.encoder.x_layers.0.lang_self_att.self.value.weight', 'bert.global_encoder.encoder.x_layers.2.lang_output.LayerNorm.weight', 'bert.global_encoder.encoder.x_layers.2.lang_inter.dense.bias', 'bert.global_encoder.encoder.x_layers.0.lang_self_att.self.value.bias', 'bert.global_encoder.encoder.x_layers.2.lang_self_att.self.value.weight', 'bert.global_encoder.encoder.x_layers.0.lang_self_att.self.key.bias', 'bert.global_encoder.encoder.x_layers.2.lang_output.LayerNorm.bias', 'bert.global_encoder.encoder.x_layers.2.lang_self_att.self.key.bias', 'bert.global_encoder.encoder.x_layers.0.lang_self_att.output.dense.bias', 'bert.global_encoder.encoder.x_layers.0.lang_self_att.self.key.weight', 'mlm_head.predictions.transform.dense.weight', 'bert.global_encoder.encoder.x_layers.0.lang_self_att.self.query.bias', 'bert.global_encoder.encoder.x_layers.2.lang_self_att.self.key.weight', 'bert.global_encoder.encoder.x_layers.3.lang_self_att.self.key.bias', 'bert.global_encoder.encoder.x_layers.0.lang_output.LayerNorm.weight', 'bert.global_encoder.encoder.x_layers.2.lang_self_att.output.dense.bias', 'bert.global_encoder.encoder.x_layers.0.lang_self_att.self.query.weight', 'bert.global_encoder.encoder.x_layers.3.lang_self_att.self.query.weight', 'bert.global_encoder.encoder.x_layers.2.lang_self_att.self.query.bias', 'bert.global_encoder.encoder.x_layers.0.lang_inter.dense.weight', 'bert.global_encoder.encoder.x_layers.3.lang_self_att.self.value.bias', 'bert.global_encoder.encoder.x_layers.0.lang_output.LayerNorm.bias', 'bert.global_encoder.encoder.x_layers.1.lang_self_att.self.query.bias', 'bert.global_encoder.encoder.x_layers.2.lang_self_att.self.query.weight', 'bert.global_encoder.encoder.x_layers.1.lang_self_att.output.dense.bias', 'bert.global_encoder.encoder.x_layers.2.lang_self_att.output.dense.weight', 'bert.global_encoder.encoder.x_layers.1.lang_output.dense.bias', 'bert.global_encoder.encoder.x_layers.3.lang_inter.dense.weight', 'bert.global_encoder.encoder.x_layers.1.lang_self_att.self.key.bias', 'bert.global_encoder.encoder.x_layers.0.lang_output.dense.bias', 'bert.global_encoder.encoder.x_layers.1.lang_output.LayerNorm.bias', 'bert.global_encoder.encoder.x_layers.2.lang_output.dense.weight', 'bert.global_encoder.encoder.x_layers.3.lang_self_att.self.key.weight', 'bert.global_encoder.encoder.x_layers.3.lang_self_att.self.value.weight', 'bert.global_encoder.encoder.x_layers.0.lang_self_att.output.LayerNorm.weight', 'bert.global_encoder.encoder.x_layers.2.lang_output.dense.bias', 'bert.global_encoder.encoder.x_layers.3.lang_self_att.output.dense.weight', 'bert.global_encoder.encoder.x_layers.2.lang_self_att.self.value.bias', 'bert.global_encoder.encoder.x_layers.0.lang_output.dense.weight', 'bert.global_encoder.encoder.x_layers.3.lang_self_att.output.dense.bias', 'mlm_head.predictions.decoder.weight', 'mlm_head.predictions.transform.LayerNorm.bias', 'mlm_head.predictions.transform.dense.bias', 'bert.global_encoder.encoder.x_layers.1.lang_self_att.self.key.weight', 'bert.global_encoder.encoder.x_layers.1.lang_output.LayerNorm.weight', 'bert.global_encoder.encoder.x_layers.3.lang_output.LayerNorm.bias', 'bert.global_encoder.encoder.x_layers.2.lang_self_att.output.LayerNorm.bias', 'bert.global_encoder.encoder.x_layers.3.lang_output.LayerNorm.weight', 'bert.global_encoder.encoder.x_layers.1.lang_self_att.output.LayerNorm.bias', 'bert.global_encoder.encoder.x_layers.3.lang_output.dense.bias']
- This IS expected if you are initializing GlocalTextPathNavCMT from the checkpoint of a model trained on another task or with another architecture (e.g. initializing a BertForSequenceClassification model from a BertForPreTraining model).
- This IS NOT expected if you are initializing GlocalTextPathNavCMT from the checkpoint of a model that you expect to be exactly identical (initializing a BertForSequenceClassification model from a BertForSequenceClassification model).
2026-09-14 23:31:23,857 Loaded weights from checkpoint: data/logs/checkpoints/release_r2r/ckpt.iter12000.pth, iteration: 12000
2026-09-14 23:31:23,859 Agent parameters: 299.14 MB. Trainable: 140.79 MB.
2026-09-14 23:31:23,859 Finished setting up policy.
local rank: 0 | dataset length: 1

Initalizing the ETP model ...
  0%|          | 0/1 [00:00<?, ?it/s]2026-09-14 23:31:27,825 Video created: data/logs/video/spatial_zsNo4HB9uLZ_0/zsNo4HB9uLZ-0-SPL1.00.mp4
  0%|          | 0/19 [00:00<?, ?it/s]IMAGEIO FFMPEG_WRITER WARNING: input image is not divisible by macro_block_size=16, resizing from (825, 256) to (832, 256) to ensure video compatibility with most codecs and players. To prevent resizing, make your input image divisible by the macro_block_size or set the macro_block_size to 1 (risking incompatibility).
[swscaler @ 0x6366f2fd3f00] Warning: data is not aligned! This can lead to a speed loss
100%|██████████| 19/19 [00:00<00:00, 407.74it/s]100%|██████████| 1/1 [00:04<00:00,  4.08s/it]I0914 23:31:27.948077 11863 PhysicsManager.cpp:33] Deconstructing PhysicsManager
I0914 23:31:27.948101 11863 SemanticScene.h:41] Deconstructing SemanticScene
I0914 23:31:27.949709 11863 SceneManager.h:25] Deconstructing SceneManager
I0914 23:31:27.949720 11863 SceneGraph.h:26] Deconstructing SceneGraph
I0914 23:31:27.950007 11863 Sensor.h:87] Deconstructing Sensor
I0914 23:31:27.950186 11863 Sensor.h:87] Deconstructing Sensor
I0914 23:31:27.950289 11863 Sensor.h:87] Deconstructing Sensor
I0914 23:31:27.950379 11863 Sensor.h:87] Deconstructing Sensor
I0914 23:31:27.950469 11863 Sensor.h:87] Deconstructing Sensor
I0914 23:31:27.950563 11863 Sensor.h:87] Deconstructing Sensor
I0914 23:31:27.950655 11863 Sensor.h:87] Deconstructing Sensor
I0914 23:31:27.950744 11863 Sensor.h:87] Deconstructing Sensor
I0914 23:31:27.950831 11863 Sensor.h:87] Deconstructing Sensor
I0914 23:31:27.950927 11863 Sensor.h:87] Deconstructing Sensor
I0914 23:31:27.951018 11863 Sensor.h:87] Deconstructing Sensor
I0914 23:31:27.951105 11863 Sensor.h:87] Deconstructing Sensor
I0914 23:31:27.951203 11863 Sensor.h:87] Deconstructing Sensor
I0914 23:31:27.951320 11863 Sensor.h:87] Deconstructing Sensor
I0914 23:31:27.951432 11863 Sensor.h:87] Deconstructing Sensor
I0914 23:31:27.951542 11863 Sensor.h:87] Deconstructing Sensor
I0914 23:31:27.951654 11863 Sensor.h:87] Deconstructing Sensor
I0914 23:31:27.951768 11863 Sensor.h:87] Deconstructing Sensor
I0914 23:31:27.951882 11863 Sensor.h:87] Deconstructing Sensor
I0914 23:31:27.951995 11863 Sensor.h:87] Deconstructing Sensor
I0914 23:31:27.952104 11863 Sensor.h:87] Deconstructing Sensor
I0914 23:31:27.952224 11863 Sensor.h:87] Deconstructing Sensor
I0914 23:31:27.952334 11863 Sensor.h:87] Deconstructing Sensor
I0914 23:31:27.952435 11863 Sensor.h:87] Deconstructing Sensor
I0914 23:31:27.952525 11863 Sensor.h:87] Deconstructing Sensor
I0914 23:31:27.952615 11863 Sensor.h:87] Deconstructing Sensor
I0914 23:31:27.952702 11863 Sensor.h:87] Deconstructing Sensor
I0914 23:31:27.952785 11863 Sensor.h:87] Deconstructing Sensor
I0914 23:31:27.952868 11863 Sensor.h:87] Deconstructing Sensor
I0914 23:31:27.952873 11863 Sensor.h:87] Deconstructing Sensor
I0914 23:31:27.954777 11863 Renderer.cpp:34] Deconstructing Renderer
I0914 23:31:27.954787 11863 WindowlessContext.h:17] Deconstructing WindowlessContext
I0914 23:31:27.961258 11863 Simulator.cpp:49] Deconstructing Simulator

2026-09-14 23:31:27,962 Episodes evaluated: 1
2026-09-14 23:31:27,962 Average episode steps_taken: 18.000000
2026-09-14 23:31:27,962 Average episode distance_to_goal: 1.079148
2026-09-14 23:31:27,962 Average episode success: 1.000000
2026-09-14 23:31:27,962 Average episode oracle_success: 1.000000
2026-09-14 23:31:27,962 Average episode path_length: 3.017345
2026-09-14 23:31:27,962 Average episode collisions: 0.000000
2026-09-14 23:31:27,963 Average episode spl: 1.000000
2026-09-14 23:31:27,963 Average episode ndtw: 0.093561
2026-09-14 23:31:27,963 Average episode sdtw: 0.093561
2026-09-14 23:31:27,963 Average episode ghost_cnt: 10.000000
100%|██████████| 1/1 [00:04<00:00,  4.10s/it]
2026-09-14 23:31:30,601 checkpoint_path: data/logs/checkpoints/release_r2r/ckpt.iter12000.pth
2026-09-14 23:31:30,601 Initializing dataset VLN-CE-v1
2026-09-14 23:31:30,621 SPLTI: custom, NUMBER OF SCENES: 1
2026-09-14 23:31:32,143 Initializing dataset VLN-CE-v1
2026-09-14 23:31:32,164 initializing sim Sim-v1
WARNING: Logging before InitGoogleLogging() is written to STDERR
I0914 23:31:32.170320 12136 ManagedContainerBase.cpp:19] ManagedContainerBase::convertFilenameToJSON : Filename : default changed to proposed JSON configuration filename : default.scene_dataset_config.json
I0914 23:31:32.170351 12136 AttributesManagerBase.h:283] AttributesManager<T>::createFromJsonOrDefaultInternal  (Dataset) : Proposing JSON name : default.scene_dataset_config.json from original name : default | This file  does not exist.
I0914 23:31:32.170395 12136 AssetAttributesManager.cpp:117] Asset attributes (capsule3DSolid : capsule3DSolid_hemiRings_4_cylRings_1_segments_12_halfLen_0.75_useTexCoords_false_useTangents_false) created and registered.
I0914 23:31:32.170413 12136 AssetAttributesManager.cpp:117] Asset attributes (capsule3DWireframe : capsule3DWireframe_hemiRings_8_cylRings_1_segments_16_halfLen_1) created and registered.
I0914 23:31:32.170428 12136 AssetAttributesManager.cpp:117] Asset attributes (coneSolid : coneSolid_segments_12_halfLen_1.25_rings_1_useTexCoords_false_useTangents_false_capEnd_true) created and registered.
I0914 23:31:32.170437 12136 AssetAttributesManager.cpp:117] Asset attributes (coneWireframe : coneWireframe_segments_32_halfLen_1.25) created and registered.
I0914 23:31:32.170442 12136 AssetAttributesManager.cpp:117] Asset attributes (cubeSolid : cubeSolid) created and registered.
I0914 23:31:32.170446 12136 AssetAttributesManager.cpp:117] Asset attributes (cubeWireframe : cubeWireframe) created and registered.
I0914 23:31:32.170468 12136 AssetAttributesManager.cpp:117] Asset attributes (cylinderSolid : cylinderSolid_rings_1_segments_12_halfLen_1_useTexCoords_false_useTangents_false_capEnds_true) created and registered.
I0914 23:31:32.170478 12136 AssetAttributesManager.cpp:117] Asset attributes (cylinderWireframe : cylinderWireframe_rings_1_segments_32_halfLen_1) created and registered.
I0914 23:31:32.170488 12136 AssetAttributesManager.cpp:117] Asset attributes (icosphereSolid : icosphereSolid_subdivs_1) created and registered.
I0914 23:31:32.170493 12136 AssetAttributesManager.cpp:117] Asset attributes (icosphereWireframe : icosphereWireframe_subdivs_1) created and registered.
I0914 23:31:32.170502 12136 AssetAttributesManager.cpp:117] Asset attributes (uvSphereSolid : uvSphereSolid_rings_8_segments_16_useTexCoords_false_useTangents_false) created and registered.
I0914 23:31:32.170509 12136 AssetAttributesManager.cpp:117] Asset attributes (uvSphereWireframe : uvSphereWireframe_rings_16_segments_32) created and registered.
I0914 23:31:32.170512 12136 AssetAttributesManager.cpp:105] AssetAttributesManager::buildCtorFuncPtrMaps : Built default primitive asset templates : 12
I0914 23:31:32.170764 12136 SceneDatasetAttributesManager.cpp:23] File (default) not found, so new default dataset attributes created and registered.
I0914 23:31:32.170765 12136 MetadataMediator.cpp:47] MetadataMediator::createDataset : Dataset default successfully created.
I0914 23:31:32.172768 12136 AttributesManagerBase.h:283] AttributesManager<T>::createFromJsonOrDefaultInternal  (Physics Manager) : Proposing JSON name : ./data/default.physics_config.json from original name : ./data/default.physics_config.json | This file  does not exist.
I0914 23:31:32.172778 12136 PhysicsAttributesManager.cpp:27] File (./data/default.physics_config.json) not found, so new default physics manager attributes created and registered.
I0914 23:31:32.172780 12136 AbstractObjectAttributesManagerBase.h:175] AbstractObjectAttributesManager<T>::createObject  (Stage) : Making attributes with handle : data/scene_datasets/mp3d/zsNo4HB9uLZ/zsNo4HB9uLZ.glb
I0914 23:31:32.172788 12136 ManagedContainerBase.cpp:19] ManagedContainerBase::convertFilenameToJSON : Filename : data/scene_datasets/mp3d/zsNo4HB9uLZ/zsNo4HB9uLZ.glb changed to proposed JSON configuration filename : data/scene_datasets/mp3d/zsNo4HB9uLZ/zsNo4HB9uLZ.stage_config.json
I0914 23:31:32.172793 12136 AttributesManagerBase.h:283] AttributesManager<T>::createFromJsonOrDefaultInternal  (Stage) : Proposing JSON name : data/scene_datasets/mp3d/zsNo4HB9uLZ/zsNo4HB9uLZ.stage_config.json from original name : data/scene_datasets/mp3d/zsNo4HB9uLZ/zsNo4HB9uLZ.glb | This file  does not exist.
I0914 23:31:32.172824 12136 AbstractObjectAttributesManagerBase.h:181] AbstractObjectAttributesManager<T>::createObject  (Stage) : Done making attributes with handle : data/scene_datasets/mp3d/zsNo4HB9uLZ/zsNo4HB9uLZ.glb
I0914 23:31:32.172825 12136 AbstractObjectAttributesManagerBase.h:188] File (data/scene_datasets/mp3d/zsNo4HB9uLZ/zsNo4HB9uLZ.glb) exists but is not a recognized config filename extension, so new default Stage attributes created and registered.
I0914 23:31:32.172829 12136 Simulator.cpp:156] Loading navmesh from data/scene_datasets/mp3d/zsNo4HB9uLZ/zsNo4HB9uLZ.navmesh
I0914 23:31:32.172883 12136 Simulator.cpp:158] Loaded.
I0914 23:31:32.172890 12136 SceneGraph.h:93] Created DrawableGroup: 
Renderer: NVIDIA T1000 8GB/PCIe/SSE2 by NVIDIA Corporation
OpenGL version: 4.6.0 NVIDIA 590.48.01
Using optional features:
    GL_ARB_ES2_compatibility
    GL_ARB_direct_state_access
    GL_ARB_get_texture_sub_image
    GL_ARB_invalidate_subdata
    GL_ARB_multi_bind
    GL_ARB_robustness
    GL_ARB_separate_shader_objects
    GL_ARB_texture_filter_anisotropic
    GL_ARB_texture_storage
    GL_ARB_texture_storage_multisample
    GL_ARB_vertex_array_object
    GL_KHR_debug
Using driver workarounds:
    no-forward-compatible-core-context
    nv-egl-incorrect-gl11-function-pointers
    no-layout-qualifiers-on-old-glsl
    nv-zero-context-profile-mask
    nv-implementation-color-read-format-dsa-broken
    nv-cubemap-inconsistent-compressed-image-size
    nv-cubemap-broken-full-compressed-image-query
    nv-compressed-block-size-in-bits
I0914 23:31:32.272348 12136 ResourceManager.cpp:234] ResourceManager::loadStage : Not loading semantic mesh
I0914 23:31:32.272356 12136 ResourceManager.cpp:262] ResourceManager::loadStage : start load render asset data/scene_datasets/mp3d/zsNo4HB9uLZ/zsNo4HB9uLZ.glb.
I0914 23:31:32.272357 12136 ResourceManager.cpp:569] ResourceManager::loadStageInternal : Attempting to load stage data/scene_datasets/mp3d/zsNo4HB9uLZ/zsNo4HB9uLZ.glb 
I0914 23:31:32.272368 12136 ResourceManager.cpp:1119] Importing Basis files as BC7 for zsNo4HB9uLZ.glb
W0914 23:31:33.132725 12136 Simulator.cpp:248] :
---
 The active scene does not contain semantic annotations. 
---
I0914 23:31:33.171321 12136 simulator.py:213] Loaded navmesh data/scene_datasets/mp3d/zsNo4HB9uLZ/zsNo4HB9uLZ.navmesh
2026-09-14 23:31:33,176 Initializing task VLN-v0
You are using a model of type bert to instantiate a model of type . This is not supported for all configurations of models and can yield errors.
Some weights of the model checkpoint at None were not used when initializing GlocalTextPathNavCMT: ['bert.global_encoder.encoder.x_layers.1.lang_self_att.self.key.bias', 'bert.global_encoder.encoder.x_layers.1.lang_self_att.self.value.bias', 'mlm_head.predictions.bias', 'bert.global_encoder.encoder.x_layers.1.lang_self_att.self.query.bias', 'bert.global_encoder.encoder.x_layers.2.lang_self_att.self.key.bias', 'mlm_head.predictions.transform.LayerNorm.weight', 'bert.global_encoder.encoder.x_layers.0.lang_inter.dense.bias', 'bert.global_encoder.encoder.x_layers.2.lang_self_att.output.LayerNorm.weight', 'bert.global_encoder.encoder.x_layers.3.lang_self_att.self.key.weight', 'bert.global_encoder.encoder.x_layers.1.lang_output.dense.bias', 'bert.global_encoder.encoder.x_layers.0.lang_self_att.output.dense.bias', 'bert.global_encoder.encoder.x_layers.1.lang_self_att.output.LayerNorm.weight', 'mlm_head.predictions.decoder.weight', 'bert.global_encoder.encoder.x_layers.1.lang_output.LayerNorm.bias', 'bert.global_encoder.encoder.x_layers.0.lang_self_att.output.LayerNorm.weight', 'bert.global_encoder.encoder.x_layers.1.lang_self_att.output.LayerNorm.bias', 'bert.global_encoder.encoder.x_layers.1.lang_self_att.self.query.weight', 'bert.global_encoder.encoder.x_layers.1.lang_output.LayerNorm.weight', 'bert.global_encoder.encoder.x_layers.2.lang_self_att.output.dense.bias', 'bert.global_encoder.encoder.x_layers.0.lang_self_att.self.key.weight', 'bert.global_encoder.encoder.x_layers.1.lang_self_att.output.dense.weight', 'bert.global_encoder.encoder.x_layers.3.lang_output.LayerNorm.weight', 'mlm_head.predictions.transform.dense.weight', 'bert.global_encoder.encoder.x_layers.3.lang_output.LayerNorm.bias', 'bert.global_encoder.encoder.x_layers.2.lang_inter.dense.bias', 'bert.global_encoder.encoder.x_layers.0.lang_self_att.self.query.bias', 'bert.global_encoder.encoder.x_layers.3.lang_output.dense.weight', 'bert.global_encoder.encoder.x_layers.3.lang_self_att.output.dense.bias', 'bert.global_encoder.encoder.x_layers.2.lang_self_att.self.key.weight', 'bert.global_encoder.encoder.x_layers.2.lang_self_att.output.LayerNorm.bias', 'bert.global_encoder.encoder.x_layers.2.lang_self_att.self.value.bias', 'bert.global_encoder.encoder.x_layers.0.lang_inter.dense.weight', 'bert.global_encoder.encoder.x_layers.2.lang_inter.dense.weight', 'mlm_head.predictions.transform.LayerNorm.bias', 'bert.global_encoder.encoder.x_layers.2.lang_self_att.output.dense.weight', 'bert.global_encoder.encoder.x_layers.0.lang_self_att.self.query.weight', 'bert.global_encoder.encoder.x_layers.3.lang_self_att.self.query.bias', 'bert.global_encoder.encoder.x_layers.2.lang_output.dense.bias', 'bert.global_encoder.encoder.x_layers.3.lang_inter.dense.weight', 'bert.global_encoder.encoder.x_layers.3.lang_output.dense.bias', 'bert.global_encoder.encoder.x_layers.3.lang_self_att.self.value.weight', 'bert.global_encoder.encoder.x_layers.3.lang_self_att.output.dense.weight', 'bert.global_encoder.encoder.x_layers.2.lang_self_att.self.value.weight', 'bert.global_encoder.encoder.x_layers.3.lang_self_att.output.LayerNorm.weight', 'bert.global_encoder.encoder.x_layers.2.lang_output.LayerNorm.weight', 'bert.global_encoder.encoder.x_layers.3.lang_self_att.output.LayerNorm.bias', 'bert.global_encoder.encoder.x_layers.3.lang_inter.dense.bias', 'bert.global_encoder.encoder.x_layers.0.lang_self_att.self.key.bias', 'bert.global_encoder.encoder.x_layers.0.lang_output.dense.weight', 'bert.global_encoder.encoder.x_layers.2.lang_self_att.self.query.weight', 'bert.global_encoder.encoder.x_layers.0.lang_output.LayerNorm.weight', 'bert.global_encoder.encoder.x_layers.3.lang_self_att.self.query.weight', 'bert.global_encoder.encoder.x_layers.0.lang_output.LayerNorm.bias', 'bert.global_encoder.encoder.x_layers.3.lang_self_att.self.value.bias', 'bert.global_encoder.encoder.x_layers.1.lang_output.dense.weight', 'bert.global_encoder.encoder.x_layers.0.lang_self_att.output.LayerNorm.bias', 'bert.global_encoder.encoder.x_layers.0.lang_output.dense.bias', 'bert.global_encoder.encoder.x_layers.3.lang_self_att.self.key.bias', 'bert.global_encoder.encoder.x_layers.0.lang_self_att.output.dense.weight', 'bert.global_encoder.encoder.x_layers.1.lang_inter.dense.bias', 'bert.global_encoder.encoder.x_layers.1.lang_self_att.output.dense.bias', 'mlm_head.predictions.transform.dense.bias', 'bert.global_encoder.encoder.x_layers.1.lang_self_att.self.key.weight', 'bert.global_encoder.encoder.x_layers.1.lang_inter.dense.weight', 'bert.global_encoder.encoder.x_layers.2.lang_output.dense.weight', 'bert.global_encoder.encoder.x_layers.2.lang_output.LayerNorm.bias', 'bert.global_encoder.encoder.x_layers.0.lang_self_att.self.value.weight', 'bert.global_encoder.encoder.x_layers.0.lang_self_att.self.value.bias', 'bert.global_encoder.encoder.x_layers.2.lang_self_att.self.query.bias', 'bert.global_encoder.encoder.x_layers.1.lang_self_att.self.value.weight']
- This IS expected if you are initializing GlocalTextPathNavCMT from the checkpoint of a model trained on another task or with another architecture (e.g. initializing a BertForSequenceClassification model from a BertForPreTraining model).
- This IS NOT expected if you are initializing GlocalTextPathNavCMT from the checkpoint of a model that you expect to be exactly identical (initializing a BertForSequenceClassification model from a BertForSequenceClassification model).
2026-09-14 23:31:38,928 Loaded weights from checkpoint: data/logs/checkpoints/release_r2r/ckpt.iter12000.pth, iteration: 12000
2026-09-14 23:31:38,930 Agent parameters: 299.14 MB. Trainable: 140.79 MB.
2026-09-14 23:31:38,931 Finished setting up policy.
local rank: 0 | dataset length: 1

Initalizing the ETP model ...
  0%|          | 0/1 [00:00<?, ?it/s]2026-09-14 23:31:42,898 Video created: data/logs/video/spatial_zsNo4HB9uLZ_1/zsNo4HB9uLZ-1-SPL0.00.mp4
  0%|          | 0/19 [00:00<?, ?it/s]IMAGEIO FFMPEG_WRITER WARNING: input image is not divisible by macro_block_size=16, resizing from (825, 256) to (832, 256) to ensure video compatibility with most codecs and players. To prevent resizing, make your input image divisible by the macro_block_size or set the macro_block_size to 1 (risking incompatibility).
[swscaler @ 0x56d4e7cf8f00] Warning: data is not aligned! This can lead to a speed loss
100%|██████████| 19/19 [00:00<00:00, 392.33it/s]100%|██████████| 1/1 [00:04<00:00,  4.09s/it]I0914 23:31:43.025391 12136 PhysicsManager.cpp:33] Deconstructing PhysicsManager
I0914 23:31:43.025427 12136 SemanticScene.h:41] Deconstructing SemanticScene
I0914 23:31:43.027871 12136 SceneManager.h:25] Deconstructing SceneManager
I0914 23:31:43.027884 12136 SceneGraph.h:26] Deconstructing SceneGraph
I0914 23:31:43.028299 12136 Sensor.h:87] Deconstructing Sensor
I0914 23:31:43.028469 12136 Sensor.h:87] Deconstructing Sensor
I0914 23:31:43.028565 12136 Sensor.h:87] Deconstructing Sensor
I0914 23:31:43.028650 12136 Sensor.h:87] Deconstructing Sensor
I0914 23:31:43.028736 12136 Sensor.h:87] Deconstructing Sensor
I0914 23:31:43.028826 12136 Sensor.h:87] Deconstructing Sensor
I0914 23:31:43.028911 12136 Sensor.h:87] Deconstructing Sensor
I0914 23:31:43.028998 12136 Sensor.h:87] Deconstructing Sensor
I0914 23:31:43.029083 12136 Sensor.h:87] Deconstructing Sensor
I0914 23:31:43.029174 12136 Sensor.h:87] Deconstructing Sensor
I0914 23:31:43.029261 12136 Sensor.h:87] Deconstructing Sensor
I0914 23:31:43.029342 12136 Sensor.h:87] Deconstructing Sensor
I0914 23:31:43.029426 12136 Sensor.h:87] Deconstructing Sensor
I0914 23:31:43.029537 12136 Sensor.h:87] Deconstructing Sensor
I0914 23:31:43.029640 12136 Sensor.h:87] Deconstructing Sensor
I0914 23:31:43.029745 12136 Sensor.h:87] Deconstructing Sensor
I0914 23:31:43.029848 12136 Sensor.h:87] Deconstructing Sensor
I0914 23:31:43.029959 12136 Sensor.h:87] Deconstructing Sensor
I0914 23:31:43.030066 12136 Sensor.h:87] Deconstructing Sensor
I0914 23:31:43.030174 12136 Sensor.h:87] Deconstructing Sensor
I0914 23:31:43.030278 12136 Sensor.h:87] Deconstructing Sensor
I0914 23:31:43.030385 12136 Sensor.h:87] Deconstructing Sensor
I0914 23:31:43.030485 12136 Sensor.h:87] Deconstructing Sensor
I0914 23:31:43.030577 12136 Sensor.h:87] Deconstructing Sensor
I0914 23:31:43.030663 12136 Sensor.h:87] Deconstructing Sensor
I0914 23:31:43.030745 12136 Sensor.h:87] Deconstructing Sensor
I0914 23:31:43.030828 12136 Sensor.h:87] Deconstructing Sensor
I0914 23:31:43.030910 12136 Sensor.h:87] Deconstructing Sensor
I0914 23:31:43.030995 12136 Sensor.h:87] Deconstructing Sensor
I0914 23:31:43.031002 12136 Sensor.h:87] Deconstructing Sensor
I0914 23:31:43.032697 12136 Renderer.cpp:34] Deconstructing Renderer
I0914 23:31:43.032706 12136 WindowlessContext.h:17] Deconstructing WindowlessContext
I0914 23:31:43.038877 12136 Simulator.cpp:49] Deconstructing Simulator

2026-09-14 23:31:43,039 Episodes evaluated: 1
2026-09-14 23:31:43,040 Average episode steps_taken: 18.000000
2026-09-14 23:31:43,040 Average episode distance_to_goal: 4.215437
2026-09-14 23:31:43,040 Average episode success: 0.000000
2026-09-14 23:31:43,040 Average episode oracle_success: 0.000000
2026-09-14 23:31:43,040 Average episode path_length: 3.017345
2026-09-14 23:31:43,040 Average episode collisions: 0.000000
2026-09-14 23:31:43,040 Average episode spl: 0.000000
2026-09-14 23:31:43,040 Average episode ndtw: 0.039298
2026-09-14 23:31:43,040 Average episode sdtw: 0.000000
2026-09-14 23:31:43,040 Average episode ghost_cnt: 10.000000
100%|██████████| 1/1 [00:04<00:00,  4.10s/it]
2026-09-14 23:31:45,588 checkpoint_path: data/logs/checkpoints/release_r2r/ckpt.iter12000.pth
2026-09-14 23:31:45,589 Initializing dataset VLN-CE-v1
2026-09-14 23:31:45,610 SPLTI: custom, NUMBER OF SCENES: 1
2026-09-14 23:31:47,108 Initializing dataset VLN-CE-v1
2026-09-14 23:31:47,128 initializing sim Sim-v1
WARNING: Logging before InitGoogleLogging() is written to STDERR
I0914 23:31:47.134249 12377 ManagedContainerBase.cpp:19] ManagedContainerBase::convertFilenameToJSON : Filename : default changed to proposed JSON configuration filename : default.scene_dataset_config.json
I0914 23:31:47.134285 12377 AttributesManagerBase.h:283] AttributesManager<T>::createFromJsonOrDefaultInternal  (Dataset) : Proposing JSON name : default.scene_dataset_config.json from original name : default | This file  does not exist.
I0914 23:31:47.134330 12377 AssetAttributesManager.cpp:117] Asset attributes (capsule3DSolid : capsule3DSolid_hemiRings_4_cylRings_1_segments_12_halfLen_0.75_useTexCoords_false_useTangents_false) created and registered.
I0914 23:31:47.134347 12377 AssetAttributesManager.cpp:117] Asset attributes (capsule3DWireframe : capsule3DWireframe_hemiRings_8_cylRings_1_segments_16_halfLen_1) created and registered.
I0914 23:31:47.134362 12377 AssetAttributesManager.cpp:117] Asset attributes (coneSolid : coneSolid_segments_12_halfLen_1.25_rings_1_useTexCoords_false_useTangents_false_capEnd_true) created and registered.
I0914 23:31:47.134370 12377 AssetAttributesManager.cpp:117] Asset attributes (coneWireframe : coneWireframe_segments_32_halfLen_1.25) created and registered.
I0914 23:31:47.134375 12377 AssetAttributesManager.cpp:117] Asset attributes (cubeSolid : cubeSolid) created and registered.
I0914 23:31:47.134380 12377 AssetAttributesManager.cpp:117] Asset attributes (cubeWireframe : cubeWireframe) created and registered.
I0914 23:31:47.134393 12377 AssetAttributesManager.cpp:117] Asset attributes (cylinderSolid : cylinderSolid_rings_1_segments_12_halfLen_1_useTexCoords_false_useTangents_false_capEnds_true) created and registered.
I0914 23:31:47.134403 12377 AssetAttributesManager.cpp:117] Asset attributes (cylinderWireframe : cylinderWireframe_rings_1_segments_32_halfLen_1) created and registered.
I0914 23:31:47.134408 12377 AssetAttributesManager.cpp:117] Asset attributes (icosphereSolid : icosphereSolid_subdivs_1) created and registered.
I0914 23:31:47.134414 12377 AssetAttributesManager.cpp:117] Asset attributes (icosphereWireframe : icosphereWireframe_subdivs_1) created and registered.
I0914 23:31:47.134423 12377 AssetAttributesManager.cpp:117] Asset attributes (uvSphereSolid : uvSphereSolid_rings_8_segments_16_useTexCoords_false_useTangents_false) created and registered.
I0914 23:31:47.134430 12377 AssetAttributesManager.cpp:117] Asset attributes (uvSphereWireframe : uvSphereWireframe_rings_16_segments_32) created and registered.
I0914 23:31:47.134433 12377 AssetAttributesManager.cpp:105] AssetAttributesManager::buildCtorFuncPtrMaps : Built default primitive asset templates : 12
I0914 23:31:47.134691 12377 SceneDatasetAttributesManager.cpp:23] File (default) not found, so new default dataset attributes created and registered.
I0914 23:31:47.134692 12377 MetadataMediator.cpp:47] MetadataMediator::createDataset : Dataset default successfully created.
I0914 23:31:47.136687 12377 AttributesManagerBase.h:283] AttributesManager<T>::createFromJsonOrDefaultInternal  (Physics Manager) : Proposing JSON name : ./data/default.physics_config.json from original name : ./data/default.physics_config.json | This file  does not exist.
I0914 23:31:47.136701 12377 PhysicsAttributesManager.cpp:27] File (./data/default.physics_config.json) not found, so new default physics manager attributes created and registered.
I0914 23:31:47.136704 12377 AbstractObjectAttributesManagerBase.h:175] AbstractObjectAttributesManager<T>::createObject  (Stage) : Making attributes with handle : data/scene_datasets/mp3d/zsNo4HB9uLZ/zsNo4HB9uLZ.glb
I0914 23:31:47.136706 12377 ManagedContainerBase.cpp:19] ManagedContainerBase::convertFilenameToJSON : Filename : data/scene_datasets/mp3d/zsNo4HB9uLZ/zsNo4HB9uLZ.glb changed to proposed JSON configuration filename : data/scene_datasets/mp3d/zsNo4HB9uLZ/zsNo4HB9uLZ.stage_config.json
I0914 23:31:47.136711 12377 AttributesManagerBase.h:283] AttributesManager<T>::createFromJsonOrDefaultInternal  (Stage) : Proposing JSON name : data/scene_datasets/mp3d/zsNo4HB9uLZ/zsNo4HB9uLZ.stage_config.json from original name : data/scene_datasets/mp3d/zsNo4HB9uLZ/zsNo4HB9uLZ.glb | This file  does not exist.
I0914 23:31:47.136741 12377 AbstractObjectAttributesManagerBase.h:181] AbstractObjectAttributesManager<T>::createObject  (Stage) : Done making attributes with handle : data/scene_datasets/mp3d/zsNo4HB9uLZ/zsNo4HB9uLZ.glb
I0914 23:31:47.136744 12377 AbstractObjectAttributesManagerBase.h:188] File (data/scene_datasets/mp3d/zsNo4HB9uLZ/zsNo4HB9uLZ.glb) exists but is not a recognized config filename extension, so new default Stage attributes created and registered.
I0914 23:31:47.136746 12377 Simulator.cpp:156] Loading navmesh from data/scene_datasets/mp3d/zsNo4HB9uLZ/zsNo4HB9uLZ.navmesh
I0914 23:31:47.136801 12377 Simulator.cpp:158] Loaded.
I0914 23:31:47.136807 12377 SceneGraph.h:93] Created DrawableGroup: 
Renderer: NVIDIA T1000 8GB/PCIe/SSE2 by NVIDIA Corporation
OpenGL version: 4.6.0 NVIDIA 590.48.01
Using optional features:
    GL_ARB_ES2_compatibility
    GL_ARB_direct_state_access
    GL_ARB_get_texture_sub_image
    GL_ARB_invalidate_subdata
    GL_ARB_multi_bind
    GL_ARB_robustness
    GL_ARB_separate_shader_objects
    GL_ARB_texture_filter_anisotropic
    GL_ARB_texture_storage
    GL_ARB_texture_storage_multisample
    GL_ARB_vertex_array_object
    GL_KHR_debug
Using driver workarounds:
    no-forward-compatible-core-context
    nv-egl-incorrect-gl11-function-pointers
    no-layout-qualifiers-on-old-glsl
    nv-zero-context-profile-mask
    nv-implementation-color-read-format-dsa-broken
    nv-cubemap-inconsistent-compressed-image-size
    nv-cubemap-broken-full-compressed-image-query
    nv-compressed-block-size-in-bits
I0914 23:31:47.235347 12377 ResourceManager.cpp:234] ResourceManager::loadStage : Not loading semantic mesh
I0914 23:31:47.235355 12377 ResourceManager.cpp:262] ResourceManager::loadStage : start load render asset data/scene_datasets/mp3d/zsNo4HB9uLZ/zsNo4HB9uLZ.glb.
I0914 23:31:47.235357 12377 ResourceManager.cpp:569] ResourceManager::loadStageInternal : Attempting to load stage data/scene_datasets/mp3d/zsNo4HB9uLZ/zsNo4HB9uLZ.glb 
I0914 23:31:47.235369 12377 ResourceManager.cpp:1119] Importing Basis files as BC7 for zsNo4HB9uLZ.glb
W0914 23:31:48.100795 12377 Simulator.cpp:248] :
---
 The active scene does not contain semantic annotations. 
---
I0914 23:31:48.140243 12377 simulator.py:213] Loaded navmesh data/scene_datasets/mp3d/zsNo4HB9uLZ/zsNo4HB9uLZ.navmesh
2026-09-14 23:31:48,144 Initializing task VLN-v0
You are using a model of type bert to instantiate a model of type . This is not supported for all configurations of models and can yield errors.
Some weights of the model checkpoint at None were not used when initializing GlocalTextPathNavCMT: ['bert.global_encoder.encoder.x_layers.2.lang_self_att.output.LayerNorm.bias', 'bert.global_encoder.encoder.x_layers.3.lang_self_att.self.query.weight', 'bert.global_encoder.encoder.x_layers.2.lang_output.dense.weight', 'bert.global_encoder.encoder.x_layers.3.lang_self_att.self.key.bias', 'mlm_head.predictions.transform.LayerNorm.weight', 'bert.global_encoder.encoder.x_layers.0.lang_self_att.output.LayerNorm.weight', 'bert.global_encoder.encoder.x_layers.3.lang_self_att.self.query.bias', 'mlm_head.predictions.transform.LayerNorm.bias', 'bert.global_encoder.encoder.x_layers.0.lang_self_att.output.dense.weight', 'bert.global_encoder.encoder.x_layers.0.lang_inter.dense.bias', 'bert.global_encoder.encoder.x_layers.3.lang_self_att.self.value.bias', 'bert.global_encoder.encoder.x_layers.0.lang_output.dense.bias', 'bert.global_encoder.encoder.x_layers.0.lang_self_att.self.value.bias', 'bert.global_encoder.encoder.x_layers.1.lang_output.LayerNorm.weight', 'bert.global_encoder.encoder.x_layers.3.lang_output.LayerNorm.bias', 'bert.global_encoder.encoder.x_layers.2.lang_self_att.output.LayerNorm.weight', 'bert.global_encoder.encoder.x_layers.2.lang_self_att.self.key.bias', 'bert.global_encoder.encoder.x_layers.3.lang_self_att.self.value.weight', 'bert.global_encoder.encoder.x_layers.0.lang_output.LayerNorm.bias', 'bert.global_encoder.encoder.x_layers.2.lang_output.dense.bias', 'bert.global_encoder.encoder.x_layers.2.lang_output.LayerNorm.bias', 'mlm_head.predictions.decoder.weight', 'mlm_head.predictions.transform.dense.weight', 'bert.global_encoder.encoder.x_layers.0.lang_output.LayerNorm.weight', 'bert.global_encoder.encoder.x_layers.1.lang_self_att.output.LayerNorm.weight', 'bert.global_encoder.encoder.x_layers.2.lang_inter.dense.weight', 'mlm_head.predictions.bias', 'bert.global_encoder.encoder.x_layers.1.lang_inter.dense.weight', 'bert.global_encoder.encoder.x_layers.3.lang_self_att.output.dense.weight', 'bert.global_encoder.encoder.x_layers.2.lang_self_att.self.key.weight', 'bert.global_encoder.encoder.x_layers.0.lang_self_att.self.key.bias', 'bert.global_encoder.encoder.x_layers.3.lang_self_att.self.key.weight', 'bert.global_encoder.encoder.x_layers.3.lang_output.dense.weight', 'bert.global_encoder.encoder.x_layers.1.lang_output.dense.weight', 'bert.global_encoder.encoder.x_layers.2.lang_self_att.self.query.weight', 'bert.global_encoder.encoder.x_layers.3.lang_self_att.output.LayerNorm.weight', 'bert.global_encoder.encoder.x_layers.3.lang_output.dense.bias', 'bert.global_encoder.encoder.x_layers.1.lang_self_att.self.key.bias', 'bert.global_encoder.encoder.x_layers.1.lang_self_att.self.query.bias', 'bert.global_encoder.encoder.x_layers.1.lang_self_att.self.value.bias', 'bert.global_encoder.encoder.x_layers.0.lang_self_att.output.dense.bias', 'bert.global_encoder.encoder.x_layers.0.lang_inter.dense.weight', 'bert.global_encoder.encoder.x_layers.2.lang_inter.dense.bias', 'bert.global_encoder.encoder.x_layers.1.lang_self_att.self.key.weight', 'bert.global_encoder.encoder.x_layers.2.lang_self_att.output.dense.weight', 'bert.global_encoder.encoder.x_layers.3.lang_self_att.output.dense.bias', 'mlm_head.predictions.transform.dense.bias', 'bert.global_encoder.encoder.x_layers.3.lang_inter.dense.weight', 'bert.global_encoder.encoder.x_layers.2.lang_self_att.self.value.weight', 'bert.global_encoder.encoder.x_layers.2.lang_self_att.output.dense.bias', 'bert.global_encoder.encoder.x_layers.3.lang_output.LayerNorm.weight', 'bert.global_encoder.encoder.x_layers.2.lang_self_att.self.query.bias', 'bert.global_encoder.encoder.x_layers.0.lang_self_att.self.key.weight', 'bert.global_encoder.encoder.x_layers.2.lang_self_att.self.value.bias', 'bert.global_encoder.encoder.x_layers.1.lang_self_att.self.query.weight', 'bert.global_encoder.encoder.x_layers.1.lang_inter.dense.bias', 'bert.global_encoder.encoder.x_layers.0.lang_self_att.self.query.weight', 'bert.global_encoder.encoder.x_layers.1.lang_self_att.output.dense.bias', 'bert.global_encoder.encoder.x_layers.1.lang_self_att.output.LayerNorm.bias', 'bert.global_encoder.encoder.x_layers.0.lang_output.dense.weight', 'bert.global_encoder.encoder.x_layers.1.lang_self_att.output.dense.weight', 'bert.global_encoder.encoder.x_layers.0.lang_self_att.output.LayerNorm.bias', 'bert.global_encoder.encoder.x_layers.1.lang_output.LayerNorm.bias', 'bert.global_encoder.encoder.x_layers.3.lang_inter.dense.bias', 'bert.global_encoder.encoder.x_layers.0.lang_self_att.self.query.bias', 'bert.global_encoder.encoder.x_layers.1.lang_self_att.self.value.weight', 'bert.global_encoder.encoder.x_layers.3.lang_self_att.output.LayerNorm.bias', 'bert.global_encoder.encoder.x_layers.0.lang_self_att.self.value.weight', 'bert.global_encoder.encoder.x_layers.1.lang_output.dense.bias', 'bert.global_encoder.encoder.x_layers.2.lang_output.LayerNorm.weight']
- This IS expected if you are initializing GlocalTextPathNavCMT from the checkpoint of a model trained on another task or with another architecture (e.g. initializing a BertForSequenceClassification model from a BertForPreTraining model).
- This IS NOT expected if you are initializing GlocalTextPathNavCMT from the checkpoint of a model that you expect to be exactly identical (initializing a BertForSequenceClassification model from a BertForSequenceClassification model).
2026-09-14 23:31:54,173 Loaded weights from checkpoint: data/logs/checkpoints/release_r2r/ckpt.iter12000.pth, iteration: 12000
2026-09-14 23:31:54,176 Agent parameters: 299.14 MB. Trainable: 140.79 MB.
2026-09-14 23:31:54,176 Finished setting up policy.
local rank: 0 | dataset length: 1

Initalizing the ETP model ...
  0%|          | 0/1 [00:00<?, ?it/s]2026-09-14 23:32:00,824 Video created: data/logs/video/spatial_zsNo4HB9uLZ_2/zsNo4HB9uLZ-2-SPL0.00.mp4
  0%|          | 0/70 [00:00<?, ?it/s]IMAGEIO FFMPEG_WRITER WARNING: input image is not divisible by macro_block_size=16, resizing from (825, 256) to (832, 256) to ensure video compatibility with most codecs and players. To prevent resizing, make your input image divisible by the macro_block_size or set the macro_block_size to 1 (risking incompatibility).
[swscaler @ 0x5ccdf6784f00] Warning: data is not aligned! This can lead to a speed loss
 86%|████████▌ | 60/70 [00:00<00:00, 599.57it/s]100%|██████████| 70/70 [00:00<00:00, 623.83it/s]100%|██████████| 1/1 [00:06<00:00,  6.86s/it]I0914 23:32:01.040078 12377 PhysicsManager.cpp:33] Deconstructing PhysicsManager
I0914 23:32:01.040103 12377 SemanticScene.h:41] Deconstructing SemanticScene
I0914 23:32:01.041636 12377 SceneManager.h:25] Deconstructing SceneManager
I0914 23:32:01.041647 12377 SceneGraph.h:26] Deconstructing SceneGraph
I0914 23:32:01.041932 12377 Sensor.h:87] Deconstructing Sensor
I0914 23:32:01.042098 12377 Sensor.h:87] Deconstructing Sensor
I0914 23:32:01.042204 12377 Sensor.h:87] Deconstructing Sensor
I0914 23:32:01.042299 12377 Sensor.h:87] Deconstructing Sensor
I0914 23:32:01.042389 12377 Sensor.h:87] Deconstructing Sensor
I0914 23:32:01.042482 12377 Sensor.h:87] Deconstructing Sensor
I0914 23:32:01.042570 12377 Sensor.h:87] Deconstructing Sensor
I0914 23:32:01.042657 12377 Sensor.h:87] Deconstructing Sensor
I0914 23:32:01.042747 12377 Sensor.h:87] Deconstructing Sensor
I0914 23:32:01.042833 12377 Sensor.h:87] Deconstructing Sensor
I0914 23:32:01.042919 12377 Sensor.h:87] Deconstructing Sensor
I0914 23:32:01.043010 12377 Sensor.h:87] Deconstructing Sensor
I0914 23:32:01.043099 12377 Sensor.h:87] Deconstructing Sensor
I0914 23:32:01.043218 12377 Sensor.h:87] Deconstructing Sensor
I0914 23:32:01.043327 12377 Sensor.h:87] Deconstructing Sensor
I0914 23:32:01.043442 12377 Sensor.h:87] Deconstructing Sensor
I0914 23:32:01.043551 12377 Sensor.h:87] Deconstructing Sensor
I0914 23:32:01.043668 12377 Sensor.h:87] Deconstructing Sensor
I0914 23:32:01.043787 12377 Sensor.h:87] Deconstructing Sensor
I0914 23:32:01.043900 12377 Sensor.h:87] Deconstructing Sensor
I0914 23:32:01.044013 12377 Sensor.h:87] Deconstructing Sensor
I0914 23:32:01.044126 12377 Sensor.h:87] Deconstructing Sensor
I0914 23:32:01.044241 12377 Sensor.h:87] Deconstructing Sensor
I0914 23:32:01.044346 12377 Sensor.h:87] Deconstructing Sensor
I0914 23:32:01.044442 12377 Sensor.h:87] Deconstructing Sensor
I0914 23:32:01.044535 12377 Sensor.h:87] Deconstructing Sensor
I0914 23:32:01.044629 12377 Sensor.h:87] Deconstructing Sensor
I0914 23:32:01.044714 12377 Sensor.h:87] Deconstructing Sensor
I0914 23:32:01.044797 12377 Sensor.h:87] Deconstructing Sensor
I0914 23:32:01.044804 12377 Sensor.h:87] Deconstructing Sensor
I0914 23:32:01.046612 12377 Renderer.cpp:34] Deconstructing Renderer
I0914 23:32:01.046622 12377 WindowlessContext.h:17] Deconstructing WindowlessContext
I0914 23:32:01.052703 12377 Simulator.cpp:49] Deconstructing Simulator

2026-09-14 23:32:01,053 Episodes evaluated: 1
2026-09-14 23:32:01,054 Average episode steps_taken: 69.000000
2026-09-14 23:32:01,054 Average episode distance_to_goal: 3.200421
2026-09-14 23:32:01,054 Average episode success: 0.000000
2026-09-14 23:32:01,054 Average episode oracle_success: 0.000000
2026-09-14 23:32:01,054 Average episode path_length: 9.750002
2026-09-14 23:32:01,054 Average episode collisions: 0.000000
2026-09-14 23:32:01,054 Average episode spl: 0.000000
2026-09-14 23:32:01,054 Average episode ndtw: 0.000001
2026-09-14 23:32:01,054 Average episode sdtw: 0.000000
2026-09-14 23:32:01,054 Average episode ghost_cnt: 16.000000
100%|██████████| 1/1 [00:06<00:00,  6.87s/it]
2026-09-14 23:32:03,733 checkpoint_path: data/logs/checkpoints/release_r2r/ckpt.iter12000.pth
2026-09-14 23:32:03,734 Initializing dataset VLN-CE-v1
2026-09-14 23:32:03,754 SPLTI: custom, NUMBER OF SCENES: 1
2026-09-14 23:32:05,201 Initializing dataset VLN-CE-v1
2026-09-14 23:32:05,221 initializing sim Sim-v1
WARNING: Logging before InitGoogleLogging() is written to STDERR
I0914 23:32:05.227358 12650 ManagedContainerBase.cpp:19] ManagedContainerBase::convertFilenameToJSON : Filename : default changed to proposed JSON configuration filename : default.scene_dataset_config.json
I0914 23:32:05.227380 12650 AttributesManagerBase.h:283] AttributesManager<T>::createFromJsonOrDefaultInternal  (Dataset) : Proposing JSON name : default.scene_dataset_config.json from original name : default | This file  does not exist.
I0914 23:32:05.227421 12650 AssetAttributesManager.cpp:117] Asset attributes (capsule3DSolid : capsule3DSolid_hemiRings_4_cylRings_1_segments_12_halfLen_0.75_useTexCoords_false_useTangents_false) created and registered.
I0914 23:32:05.227438 12650 AssetAttributesManager.cpp:117] Asset attributes (capsule3DWireframe : capsule3DWireframe_hemiRings_8_cylRings_1_segments_16_halfLen_1) created and registered.
I0914 23:32:05.227455 12650 AssetAttributesManager.cpp:117] Asset attributes (coneSolid : coneSolid_segments_12_halfLen_1.25_rings_1_useTexCoords_false_useTangents_false_capEnd_true) created and registered.
I0914 23:32:05.227464 12650 AssetAttributesManager.cpp:117] Asset attributes (coneWireframe : coneWireframe_segments_32_halfLen_1.25) created and registered.
I0914 23:32:05.227469 12650 AssetAttributesManager.cpp:117] Asset attributes (cubeSolid : cubeSolid) created and registered.
I0914 23:32:05.227473 12650 AssetAttributesManager.cpp:117] Asset attributes (cubeWireframe : cubeWireframe) created and registered.
I0914 23:32:05.227492 12650 AssetAttributesManager.cpp:117] Asset attributes (cylinderSolid : cylinderSolid_rings_1_segments_12_halfLen_1_useTexCoords_false_useTangents_false_capEnds_true) created and registered.
I0914 23:32:05.227504 12650 AssetAttributesManager.cpp:117] Asset attributes (cylinderWireframe : cylinderWireframe_rings_1_segments_32_halfLen_1) created and registered.
I0914 23:32:05.227509 12650 AssetAttributesManager.cpp:117] Asset attributes (icosphereSolid : icosphereSolid_subdivs_1) created and registered.
I0914 23:32:05.227514 12650 AssetAttributesManager.cpp:117] Asset attributes (icosphereWireframe : icosphereWireframe_subdivs_1) created and registered.
I0914 23:32:05.227523 12650 AssetAttributesManager.cpp:117] Asset attributes (uvSphereSolid : uvSphereSolid_rings_8_segments_16_useTexCoords_false_useTangents_false) created and registered.
I0914 23:32:05.227530 12650 AssetAttributesManager.cpp:117] Asset attributes (uvSphereWireframe : uvSphereWireframe_rings_16_segments_32) created and registered.
I0914 23:32:05.227532 12650 AssetAttributesManager.cpp:105] AssetAttributesManager::buildCtorFuncPtrMaps : Built default primitive asset templates : 12
I0914 23:32:05.227788 12650 SceneDatasetAttributesManager.cpp:23] File (default) not found, so new default dataset attributes created and registered.
I0914 23:32:05.227797 12650 MetadataMediator.cpp:47] MetadataMediator::createDataset : Dataset default successfully created.
I0914 23:32:05.229801 12650 AttributesManagerBase.h:283] AttributesManager<T>::createFromJsonOrDefaultInternal  (Physics Manager) : Proposing JSON name : ./data/default.physics_config.json from original name : ./data/default.physics_config.json | This file  does not exist.
I0914 23:32:05.229812 12650 PhysicsAttributesManager.cpp:27] File (./data/default.physics_config.json) not found, so new default physics manager attributes created and registered.
I0914 23:32:05.229815 12650 AbstractObjectAttributesManagerBase.h:175] AbstractObjectAttributesManager<T>::createObject  (Stage) : Making attributes with handle : data/scene_datasets/mp3d/zsNo4HB9uLZ/zsNo4HB9uLZ.glb
I0914 23:32:05.229817 12650 ManagedContainerBase.cpp:19] ManagedContainerBase::convertFilenameToJSON : Filename : data/scene_datasets/mp3d/zsNo4HB9uLZ/zsNo4HB9uLZ.glb changed to proposed JSON configuration filename : data/scene_datasets/mp3d/zsNo4HB9uLZ/zsNo4HB9uLZ.stage_config.json
I0914 23:32:05.229822 12650 AttributesManagerBase.h:283] AttributesManager<T>::createFromJsonOrDefaultInternal  (Stage) : Proposing JSON name : data/scene_datasets/mp3d/zsNo4HB9uLZ/zsNo4HB9uLZ.stage_config.json from original name : data/scene_datasets/mp3d/zsNo4HB9uLZ/zsNo4HB9uLZ.glb | This file  does not exist.
I0914 23:32:05.229853 12650 AbstractObjectAttributesManagerBase.h:181] AbstractObjectAttributesManager<T>::createObject  (Stage) : Done making attributes with handle : data/scene_datasets/mp3d/zsNo4HB9uLZ/zsNo4HB9uLZ.glb
I0914 23:32:05.229854 12650 AbstractObjectAttributesManagerBase.h:188] File (data/scene_datasets/mp3d/zsNo4HB9uLZ/zsNo4HB9uLZ.glb) exists but is not a recognized config filename extension, so new default Stage attributes created and registered.
I0914 23:32:05.229857 12650 Simulator.cpp:156] Loading navmesh from data/scene_datasets/mp3d/zsNo4HB9uLZ/zsNo4HB9uLZ.navmesh
I0914 23:32:05.229908 12650 Simulator.cpp:158] Loaded.
I0914 23:32:05.229915 12650 SceneGraph.h:93] Created DrawableGroup: 
Renderer: NVIDIA T1000 8GB/PCIe/SSE2 by NVIDIA Corporation
OpenGL version: 4.6.0 NVIDIA 590.48.01
Using optional features:
    GL_ARB_ES2_compatibility
    GL_ARB_direct_state_access
    GL_ARB_get_texture_sub_image
    GL_ARB_invalidate_subdata
    GL_ARB_multi_bind
    GL_ARB_robustness
    GL_ARB_separate_shader_objects
    GL_ARB_texture_filter_anisotropic
    GL_ARB_texture_storage
    GL_ARB_texture_storage_multisample
    GL_ARB_vertex_array_object
    GL_KHR_debug
Using driver workarounds:
    no-forward-compatible-core-context
    nv-egl-incorrect-gl11-function-pointers
    no-layout-qualifiers-on-old-glsl
    nv-zero-context-profile-mask
    nv-implementation-color-read-format-dsa-broken
    nv-cubemap-inconsistent-compressed-image-size
    nv-cubemap-broken-full-compressed-image-query
    nv-compressed-block-size-in-bits
I0914 23:32:05.314968 12650 ResourceManager.cpp:234] ResourceManager::loadStage : Not loading semantic mesh
I0914 23:32:05.314976 12650 ResourceManager.cpp:262] ResourceManager::loadStage : start load render asset data/scene_datasets/mp3d/zsNo4HB9uLZ/zsNo4HB9uLZ.glb.
I0914 23:32:05.314977 12650 ResourceManager.cpp:569] ResourceManager::loadStageInternal : Attempting to load stage data/scene_datasets/mp3d/zsNo4HB9uLZ/zsNo4HB9uLZ.glb 
I0914 23:32:05.314988 12650 ResourceManager.cpp:1119] Importing Basis files as BC7 for zsNo4HB9uLZ.glb
W0914 23:32:06.189517 12650 Simulator.cpp:248] :
---
 The active scene does not contain semantic annotations. 
---
I0914 23:32:06.229259 12650 simulator.py:213] Loaded navmesh data/scene_datasets/mp3d/zsNo4HB9uLZ/zsNo4HB9uLZ.navmesh
2026-09-14 23:32:06,234 Initializing task VLN-v0
You are using a model of type bert to instantiate a model of type . This is not supported for all configurations of models and can yield errors.
Some weights of the model checkpoint at None were not used when initializing GlocalTextPathNavCMT: ['bert.global_encoder.encoder.x_layers.1.lang_inter.dense.bias', 'bert.global_encoder.encoder.x_layers.2.lang_self_att.self.query.weight', 'bert.global_encoder.encoder.x_layers.2.lang_self_att.self.value.bias', 'bert.global_encoder.encoder.x_layers.3.lang_output.LayerNorm.bias', 'mlm_head.predictions.bias', 'bert.global_encoder.encoder.x_layers.1.lang_self_att.self.query.weight', 'bert.global_encoder.encoder.x_layers.0.lang_output.LayerNorm.bias', 'bert.global_encoder.encoder.x_layers.3.lang_self_att.output.dense.bias', 'bert.global_encoder.encoder.x_layers.0.lang_inter.dense.weight', 'bert.global_encoder.encoder.x_layers.0.lang_output.dense.weight', 'bert.global_encoder.encoder.x_layers.2.lang_self_att.self.value.weight', 'bert.global_encoder.encoder.x_layers.3.lang_self_att.output.LayerNorm.bias', 'bert.global_encoder.encoder.x_layers.2.lang_self_att.self.query.bias', 'bert.global_encoder.encoder.x_layers.0.lang_self_att.output.LayerNorm.weight', 'bert.global_encoder.encoder.x_layers.0.lang_self_att.self.query.bias', 'bert.global_encoder.encoder.x_layers.3.lang_self_att.self.query.bias', 'bert.global_encoder.encoder.x_layers.3.lang_output.LayerNorm.weight', 'bert.global_encoder.encoder.x_layers.0.lang_output.LayerNorm.weight', 'bert.global_encoder.encoder.x_layers.1.lang_self_att.output.LayerNorm.weight', 'bert.global_encoder.encoder.x_layers.2.lang_output.LayerNorm.bias', 'bert.global_encoder.encoder.x_layers.0.lang_self_att.self.query.weight', 'bert.global_encoder.encoder.x_layers.2.lang_self_att.output.dense.bias', 'bert.global_encoder.encoder.x_layers.3.lang_self_att.self.key.bias', 'bert.global_encoder.encoder.x_layers.0.lang_self_att.self.value.weight', 'bert.global_encoder.encoder.x_layers.2.lang_self_att.output.LayerNorm.weight', 'bert.global_encoder.encoder.x_layers.1.lang_output.LayerNorm.bias', 'bert.global_encoder.encoder.x_layers.3.lang_output.dense.weight', 'bert.global_encoder.encoder.x_layers.3.lang_self_att.output.dense.weight', 'bert.global_encoder.encoder.x_layers.3.lang_self_att.self.query.weight', 'bert.global_encoder.encoder.x_layers.1.lang_self_att.self.value.bias', 'bert.global_encoder.encoder.x_layers.3.lang_inter.dense.bias', 'bert.global_encoder.encoder.x_layers.2.lang_output.dense.bias', 'bert.global_encoder.encoder.x_layers.2.lang_output.dense.weight', 'bert.global_encoder.encoder.x_layers.2.lang_self_att.output.LayerNorm.bias', 'bert.global_encoder.encoder.x_layers.1.lang_self_att.self.key.weight', 'bert.global_encoder.encoder.x_layers.0.lang_self_att.output.LayerNorm.bias', 'bert.global_encoder.encoder.x_layers.0.lang_self_att.self.key.weight', 'bert.global_encoder.encoder.x_layers.0.lang_output.dense.bias', 'bert.global_encoder.encoder.x_layers.2.lang_self_att.output.dense.weight', 'bert.global_encoder.encoder.x_layers.3.lang_inter.dense.weight', 'mlm_head.predictions.transform.LayerNorm.weight', 'bert.global_encoder.encoder.x_layers.1.lang_self_att.output.dense.bias', 'bert.global_encoder.encoder.x_layers.1.lang_output.LayerNorm.weight', 'bert.global_encoder.encoder.x_layers.2.lang_self_att.self.key.bias', 'mlm_head.predictions.decoder.weight', 'bert.global_encoder.encoder.x_layers.1.lang_self_att.self.query.bias', 'mlm_head.predictions.transform.dense.bias', 'bert.global_encoder.encoder.x_layers.2.lang_self_att.self.key.weight', 'bert.global_encoder.encoder.x_layers.1.lang_self_att.self.value.weight', 'bert.global_encoder.encoder.x_layers.0.lang_self_att.output.dense.bias', 'mlm_head.predictions.transform.LayerNorm.bias', 'bert.global_encoder.encoder.x_layers.0.lang_self_att.output.dense.weight', 'bert.global_encoder.encoder.x_layers.3.lang_self_att.self.value.weight', 'bert.global_encoder.encoder.x_layers.2.lang_inter.dense.weight', 'bert.global_encoder.encoder.x_layers.0.lang_self_att.self.value.bias', 'bert.global_encoder.encoder.x_layers.1.lang_self_att.output.dense.weight', 'mlm_head.predictions.transform.dense.weight', 'bert.global_encoder.encoder.x_layers.2.lang_output.LayerNorm.weight', 'bert.global_encoder.encoder.x_layers.3.lang_self_att.output.LayerNorm.weight', 'bert.global_encoder.encoder.x_layers.1.lang_inter.dense.weight', 'bert.global_encoder.encoder.x_layers.0.lang_self_att.self.key.bias', 'bert.global_encoder.encoder.x_layers.1.lang_self_att.self.key.bias', 'bert.global_encoder.encoder.x_layers.3.lang_self_att.self.key.weight', 'bert.global_encoder.encoder.x_layers.1.lang_self_att.output.LayerNorm.bias', 'bert.global_encoder.encoder.x_layers.3.lang_self_att.self.value.bias', 'bert.global_encoder.encoder.x_layers.1.lang_output.dense.weight', 'bert.global_encoder.encoder.x_layers.3.lang_output.dense.bias', 'bert.global_encoder.encoder.x_layers.1.lang_output.dense.bias', 'bert.global_encoder.encoder.x_layers.2.lang_inter.dense.bias', 'bert.global_encoder.encoder.x_layers.0.lang_inter.dense.bias']
- This IS expected if you are initializing GlocalTextPathNavCMT from the checkpoint of a model trained on another task or with another architecture (e.g. initializing a BertForSequenceClassification model from a BertForPreTraining model).
- This IS NOT expected if you are initializing GlocalTextPathNavCMT from the checkpoint of a model that you expect to be exactly identical (initializing a BertForSequenceClassification model from a BertForSequenceClassification model).
2026-09-14 23:32:11,923 Loaded weights from checkpoint: data/logs/checkpoints/release_r2r/ckpt.iter12000.pth, iteration: 12000
2026-09-14 23:32:11,925 Agent parameters: 299.14 MB. Trainable: 140.79 MB.
2026-09-14 23:32:11,925 Finished setting up policy.
local rank: 0 | dataset length: 1

Initalizing the ETP model ...
  0%|          | 0/1 [00:00<?, ?it/s]2026-09-14 23:32:25,920 Video created: data/logs/video/spatial_zsNo4HB9uLZ_3/zsNo4HB9uLZ-3-SPL1.00.mp4
  0%|          | 0/82 [00:00<?, ?it/s]IMAGEIO FFMPEG_WRITER WARNING: input image is not divisible by macro_block_size=16, resizing from (825, 256) to (832, 256) to ensure video compatibility with most codecs and players. To prevent resizing, make your input image divisible by the macro_block_size or set the macro_block_size to 1 (risking incompatibility).
[swscaler @ 0x57c09408df00] Warning: data is not aligned! This can lead to a speed loss
 73%|███████▎  | 60/82 [00:00<00:00, 598.45it/s]100%|██████████| 82/82 [00:00<00:00, 690.41it/s]100%|██████████| 1/1 [00:14<00:00, 14.20s/it]I0914 23:32:26.129453 12650 PhysicsManager.cpp:33] Deconstructing PhysicsManager
I0914 23:32:26.129480 12650 SemanticScene.h:41] Deconstructing SemanticScene
I0914 23:32:26.131096 12650 SceneManager.h:25] Deconstructing SceneManager
I0914 23:32:26.131105 12650 SceneGraph.h:26] Deconstructing SceneGraph
I0914 23:32:26.131377 12650 Sensor.h:87] Deconstructing Sensor
I0914 23:32:26.131536 12650 Sensor.h:87] Deconstructing Sensor
I0914 23:32:26.131628 12650 Sensor.h:87] Deconstructing Sensor
I0914 23:32:26.131711 12650 Sensor.h:87] Deconstructing Sensor
I0914 23:32:26.131793 12650 Sensor.h:87] Deconstructing Sensor
I0914 23:32:26.131879 12650 Sensor.h:87] Deconstructing Sensor
I0914 23:32:26.131966 12650 Sensor.h:87] Deconstructing Sensor
I0914 23:32:26.132055 12650 Sensor.h:87] Deconstructing Sensor
I0914 23:32:26.132138 12650 Sensor.h:87] Deconstructing Sensor
I0914 23:32:26.132228 12650 Sensor.h:87] Deconstructing Sensor
I0914 23:32:26.132314 12650 Sensor.h:87] Deconstructing Sensor
I0914 23:32:26.132397 12650 Sensor.h:87] Deconstructing Sensor
I0914 23:32:26.132483 12650 Sensor.h:87] Deconstructing Sensor
I0914 23:32:26.132593 12650 Sensor.h:87] Deconstructing Sensor
I0914 23:32:26.132700 12650 Sensor.h:87] Deconstructing Sensor
I0914 23:32:26.132807 12650 Sensor.h:87] Deconstructing Sensor
I0914 23:32:26.132913 12650 Sensor.h:87] Deconstructing Sensor
I0914 23:32:26.133028 12650 Sensor.h:87] Deconstructing Sensor
I0914 23:32:26.133138 12650 Sensor.h:87] Deconstructing Sensor
I0914 23:32:26.133251 12650 Sensor.h:87] Deconstructing Sensor
I0914 23:32:26.133358 12650 Sensor.h:87] Deconstructing Sensor
I0914 23:32:26.133464 12650 Sensor.h:87] Deconstructing Sensor
I0914 23:32:26.133570 12650 Sensor.h:87] Deconstructing Sensor
I0914 23:32:26.133664 12650 Sensor.h:87] Deconstructing Sensor
I0914 23:32:26.133764 12650 Sensor.h:87] Deconstructing Sensor
I0914 23:32:26.133846 12650 Sensor.h:87] Deconstructing Sensor
I0914 23:32:26.133936 12650 Sensor.h:87] Deconstructing Sensor
I0914 23:32:26.134019 12650 Sensor.h:87] Deconstructing Sensor
I0914 23:32:26.134100 12650 Sensor.h:87] Deconstructing Sensor
I0914 23:32:26.134106 12650 Sensor.h:87] Deconstructing Sensor
I0914 23:32:26.135891 12650 Renderer.cpp:34] Deconstructing Renderer
I0914 23:32:26.135900 12650 WindowlessContext.h:17] Deconstructing WindowlessContext
I0914 23:32:26.142282 12650 Simulator.cpp:49] Deconstructing Simulator

2026-09-14 23:32:26,143 Episodes evaluated: 1
2026-09-14 23:32:26,143 Average episode steps_taken: 81.000000
2026-09-14 23:32:26,143 Average episode distance_to_goal: 2.984114
2026-09-14 23:32:26,143 Average episode success: 1.000000
2026-09-14 23:32:26,143 Average episode oracle_success: 1.000000
2026-09-14 23:32:26,144 Average episode path_length: 1.678363
2026-09-14 23:32:26,144 Average episode collisions: 9.125000
2026-09-14 23:32:26,144 Average episode spl: 1.000000
2026-09-14 23:32:26,144 Average episode ndtw: 0.297928
2026-09-14 23:32:26,144 Average episode sdtw: 0.297928
2026-09-14 23:32:26,144 Average episode ghost_cnt: 20.000000
100%|██████████| 1/1 [00:14<00:00, 14.21s/it]
2026-09-14 23:32:28,761 checkpoint_path: data/logs/checkpoints/release_r2r/ckpt.iter12000.pth
2026-09-14 23:32:28,761 Initializing dataset VLN-CE-v1
2026-09-14 23:32:28,792 SPLTI: custom, NUMBER OF SCENES: 1
2026-09-14 23:32:30,348 Initializing dataset VLN-CE-v1
2026-09-14 23:32:30,369 initializing sim Sim-v1
WARNING: Logging before InitGoogleLogging() is written to STDERR
I0914 23:32:30.375082 12922 ManagedContainerBase.cpp:19] ManagedContainerBase::convertFilenameToJSON : Filename : default changed to proposed JSON configuration filename : default.scene_dataset_config.json
I0914 23:32:30.375111 12922 AttributesManagerBase.h:283] AttributesManager<T>::createFromJsonOrDefaultInternal  (Dataset) : Proposing JSON name : default.scene_dataset_config.json from original name : default | This file  does not exist.
I0914 23:32:30.375162 12922 AssetAttributesManager.cpp:117] Asset attributes (capsule3DSolid : capsule3DSolid_hemiRings_4_cylRings_1_segments_12_halfLen_0.75_useTexCoords_false_useTangents_false) created and registered.
I0914 23:32:30.375180 12922 AssetAttributesManager.cpp:117] Asset attributes (capsule3DWireframe : capsule3DWireframe_hemiRings_8_cylRings_1_segments_16_halfLen_1) created and registered.
I0914 23:32:30.375195 12922 AssetAttributesManager.cpp:117] Asset attributes (coneSolid : coneSolid_segments_12_halfLen_1.25_rings_1_useTexCoords_false_useTangents_false_capEnd_true) created and registered.
I0914 23:32:30.375203 12922 AssetAttributesManager.cpp:117] Asset attributes (coneWireframe : coneWireframe_segments_32_halfLen_1.25) created and registered.
I0914 23:32:30.375208 12922 AssetAttributesManager.cpp:117] Asset attributes (cubeSolid : cubeSolid) created and registered.
I0914 23:32:30.375213 12922 AssetAttributesManager.cpp:117] Asset attributes (cubeWireframe : cubeWireframe) created and registered.
I0914 23:32:30.375226 12922 AssetAttributesManager.cpp:117] Asset attributes (cylinderSolid : cylinderSolid_rings_1_segments_12_halfLen_1_useTexCoords_false_useTangents_false_capEnds_true) created and registered.
I0914 23:32:30.375236 12922 AssetAttributesManager.cpp:117] Asset attributes (cylinderWireframe : cylinderWireframe_rings_1_segments_32_halfLen_1) created and registered.
I0914 23:32:30.375242 12922 AssetAttributesManager.cpp:117] Asset attributes (icosphereSolid : icosphereSolid_subdivs_1) created and registered.
I0914 23:32:30.375248 12922 AssetAttributesManager.cpp:117] Asset attributes (icosphereWireframe : icosphereWireframe_subdivs_1) created and registered.
I0914 23:32:30.375257 12922 AssetAttributesManager.cpp:117] Asset attributes (uvSphereSolid : uvSphereSolid_rings_8_segments_16_useTexCoords_false_useTangents_false) created and registered.
I0914 23:32:30.375263 12922 AssetAttributesManager.cpp:117] Asset attributes (uvSphereWireframe : uvSphereWireframe_rings_16_segments_32) created and registered.
I0914 23:32:30.375272 12922 AssetAttributesManager.cpp:105] AssetAttributesManager::buildCtorFuncPtrMaps : Built default primitive asset templates : 12
I0914 23:32:30.375533 12922 SceneDatasetAttributesManager.cpp:23] File (default) not found, so new default dataset attributes created and registered.
I0914 23:32:30.375535 12922 MetadataMediator.cpp:47] MetadataMediator::createDataset : Dataset default successfully created.
I0914 23:32:30.377562 12922 AttributesManagerBase.h:283] AttributesManager<T>::createFromJsonOrDefaultInternal  (Physics Manager) : Proposing JSON name : ./data/default.physics_config.json from original name : ./data/default.physics_config.json | This file  does not exist.
I0914 23:32:30.377573 12922 PhysicsAttributesManager.cpp:27] File (./data/default.physics_config.json) not found, so new default physics manager attributes created and registered.
I0914 23:32:30.377574 12922 AbstractObjectAttributesManagerBase.h:175] AbstractObjectAttributesManager<T>::createObject  (Stage) : Making attributes with handle : data/scene_datasets/mp3d/zsNo4HB9uLZ/zsNo4HB9uLZ.glb
I0914 23:32:30.377576 12922 ManagedContainerBase.cpp:19] ManagedContainerBase::convertFilenameToJSON : Filename : data/scene_datasets/mp3d/zsNo4HB9uLZ/zsNo4HB9uLZ.glb changed to proposed JSON configuration filename : data/scene_datasets/mp3d/zsNo4HB9uLZ/zsNo4HB9uLZ.stage_config.json
I0914 23:32:30.377585 12922 AttributesManagerBase.h:283] AttributesManager<T>::createFromJsonOrDefaultInternal  (Stage) : Proposing JSON name : data/scene_datasets/mp3d/zsNo4HB9uLZ/zsNo4HB9uLZ.stage_config.json from original name : data/scene_datasets/mp3d/zsNo4HB9uLZ/zsNo4HB9uLZ.glb | This file  does not exist.
I0914 23:32:30.377615 12922 AbstractObjectAttributesManagerBase.h:181] AbstractObjectAttributesManager<T>::createObject  (Stage) : Done making attributes with handle : data/scene_datasets/mp3d/zsNo4HB9uLZ/zsNo4HB9uLZ.glb
I0914 23:32:30.377616 12922 AbstractObjectAttributesManagerBase.h:188] File (data/scene_datasets/mp3d/zsNo4HB9uLZ/zsNo4HB9uLZ.glb) exists but is not a recognized config filename extension, so new default Stage attributes created and registered.
I0914 23:32:30.377619 12922 Simulator.cpp:156] Loading navmesh from data/scene_datasets/mp3d/zsNo4HB9uLZ/zsNo4HB9uLZ.navmesh
I0914 23:32:30.377673 12922 Simulator.cpp:158] Loaded.
I0914 23:32:30.377681 12922 SceneGraph.h:93] Created DrawableGroup: 
Renderer: NVIDIA T1000 8GB/PCIe/SSE2 by NVIDIA Corporation
OpenGL version: 4.6.0 NVIDIA 590.48.01
Using optional features:
    GL_ARB_ES2_compatibility
    GL_ARB_direct_state_access
    GL_ARB_get_texture_sub_image
    GL_ARB_invalidate_subdata
    GL_ARB_multi_bind
    GL_ARB_robustness
    GL_ARB_separate_shader_objects
    GL_ARB_texture_filter_anisotropic
    GL_ARB_texture_storage
    GL_ARB_texture_storage_multisample
    GL_ARB_vertex_array_object
    GL_KHR_debug
Using driver workarounds:
    no-forward-compatible-core-context
    nv-egl-incorrect-gl11-function-pointers
    no-layout-qualifiers-on-old-glsl
    nv-zero-context-profile-mask
    nv-implementation-color-read-format-dsa-broken
    nv-cubemap-inconsistent-compressed-image-size
    nv-cubemap-broken-full-compressed-image-query
    nv-compressed-block-size-in-bits
I0914 23:32:30.475348 12922 ResourceManager.cpp:234] ResourceManager::loadStage : Not loading semantic mesh
I0914 23:32:30.475356 12922 ResourceManager.cpp:262] ResourceManager::loadStage : start load render asset data/scene_datasets/mp3d/zsNo4HB9uLZ/zsNo4HB9uLZ.glb.
I0914 23:32:30.475358 12922 ResourceManager.cpp:569] ResourceManager::loadStageInternal : Attempting to load stage data/scene_datasets/mp3d/zsNo4HB9uLZ/zsNo4HB9uLZ.glb 
I0914 23:32:30.475369 12922 ResourceManager.cpp:1119] Importing Basis files as BC7 for zsNo4HB9uLZ.glb
W0914 23:32:31.344974 12922 Simulator.cpp:248] :
---
 The active scene does not contain semantic annotations. 
---
I0914 23:32:31.384238 12922 simulator.py:213] Loaded navmesh data/scene_datasets/mp3d/zsNo4HB9uLZ/zsNo4HB9uLZ.navmesh
2026-09-14 23:32:31,388 Initializing task VLN-v0
You are using a model of type bert to instantiate a model of type . This is not supported for all configurations of models and can yield errors.
Some weights of the model checkpoint at None were not used when initializing GlocalTextPathNavCMT: ['bert.global_encoder.encoder.x_layers.2.lang_inter.dense.bias', 'bert.global_encoder.encoder.x_layers.3.lang_self_att.self.value.bias', 'bert.global_encoder.encoder.x_layers.3.lang_output.LayerNorm.weight', 'bert.global_encoder.encoder.x_layers.3.lang_output.dense.bias', 'bert.global_encoder.encoder.x_layers.3.lang_self_att.self.query.weight', 'bert.global_encoder.encoder.x_layers.1.lang_self_att.self.query.bias', 'bert.global_encoder.encoder.x_layers.2.lang_self_att.output.dense.bias', 'bert.global_encoder.encoder.x_layers.2.lang_output.dense.bias', 'bert.global_encoder.encoder.x_layers.0.lang_inter.dense.bias', 'bert.global_encoder.encoder.x_layers.0.lang_self_att.self.query.bias', 'bert.global_encoder.encoder.x_layers.1.lang_self_att.self.key.weight', 'bert.global_encoder.encoder.x_layers.1.lang_self_att.self.value.bias', 'bert.global_encoder.encoder.x_layers.1.lang_self_att.output.dense.weight', 'bert.global_encoder.encoder.x_layers.0.lang_self_att.output.dense.weight', 'bert.global_encoder.encoder.x_layers.3.lang_self_att.self.value.weight', 'bert.global_encoder.encoder.x_layers.2.lang_self_att.self.value.bias', 'bert.global_encoder.encoder.x_layers.2.lang_output.LayerNorm.bias', 'bert.global_encoder.encoder.x_layers.0.lang_self_att.self.value.bias', 'mlm_head.predictions.transform.dense.weight', 'bert.global_encoder.encoder.x_layers.3.lang_inter.dense.weight', 'bert.global_encoder.encoder.x_layers.1.lang_output.LayerNorm.weight', 'mlm_head.predictions.transform.LayerNorm.bias', 'bert.global_encoder.encoder.x_layers.3.lang_inter.dense.bias', 'bert.global_encoder.encoder.x_layers.2.lang_self_att.self.key.weight', 'bert.global_encoder.encoder.x_layers.0.lang_self_att.self.query.weight', 'bert.global_encoder.encoder.x_layers.3.lang_self_att.output.LayerNorm.bias', 'bert.global_encoder.encoder.x_layers.0.lang_output.dense.weight', 'bert.global_encoder.encoder.x_layers.2.lang_self_att.output.dense.weight', 'bert.global_encoder.encoder.x_layers.0.lang_self_att.output.dense.bias', 'bert.global_encoder.encoder.x_layers.0.lang_self_att.self.value.weight', 'bert.global_encoder.encoder.x_layers.1.lang_self_att.self.value.weight', 'bert.global_encoder.encoder.x_layers.2.lang_self_att.self.value.weight', 'bert.global_encoder.encoder.x_layers.0.lang_self_att.output.LayerNorm.weight', 'bert.global_encoder.encoder.x_layers.2.lang_output.LayerNorm.weight', 'bert.global_encoder.encoder.x_layers.0.lang_output.LayerNorm.bias', 'bert.global_encoder.encoder.x_layers.3.lang_output.LayerNorm.bias', 'bert.global_encoder.encoder.x_layers.1.lang_output.dense.bias', 'bert.global_encoder.encoder.x_layers.1.lang_self_att.output.LayerNorm.weight', 'bert.global_encoder.encoder.x_layers.0.lang_self_att.output.LayerNorm.bias', 'bert.global_encoder.encoder.x_layers.2.lang_self_att.self.query.bias', 'mlm_head.predictions.transform.dense.bias', 'mlm_head.predictions.decoder.weight', 'bert.global_encoder.encoder.x_layers.1.lang_output.dense.weight', 'bert.global_encoder.encoder.x_layers.0.lang_output.LayerNorm.weight', 'bert.global_encoder.encoder.x_layers.0.lang_self_att.self.key.bias', 'bert.global_encoder.encoder.x_layers.1.lang_self_att.self.key.bias', 'bert.global_encoder.encoder.x_layers.0.lang_self_att.self.key.weight', 'bert.global_encoder.encoder.x_layers.2.lang_output.dense.weight', 'bert.global_encoder.encoder.x_layers.3.lang_output.dense.weight', 'bert.global_encoder.encoder.x_layers.2.lang_self_att.output.LayerNorm.bias', 'bert.global_encoder.encoder.x_layers.1.lang_inter.dense.bias', 'bert.global_encoder.encoder.x_layers.1.lang_self_att.output.dense.bias', 'mlm_head.predictions.transform.LayerNorm.weight', 'bert.global_encoder.encoder.x_layers.1.lang_self_att.self.query.weight', 'bert.global_encoder.encoder.x_layers.3.lang_self_att.self.key.bias', 'bert.global_encoder.encoder.x_layers.0.lang_inter.dense.weight', 'bert.global_encoder.encoder.x_layers.3.lang_self_att.output.dense.weight', 'bert.global_encoder.encoder.x_layers.1.lang_output.LayerNorm.bias', 'bert.global_encoder.encoder.x_layers.2.lang_self_att.output.LayerNorm.weight', 'bert.global_encoder.encoder.x_layers.3.lang_self_att.self.key.weight', 'bert.global_encoder.encoder.x_layers.0.lang_output.dense.bias', 'bert.global_encoder.encoder.x_layers.3.lang_self_att.output.LayerNorm.weight', 'bert.global_encoder.encoder.x_layers.2.lang_inter.dense.weight', 'mlm_head.predictions.bias', 'bert.global_encoder.encoder.x_layers.2.lang_self_att.self.key.bias', 'bert.global_encoder.encoder.x_layers.2.lang_self_att.self.query.weight', 'bert.global_encoder.encoder.x_layers.1.lang_inter.dense.weight', 'bert.global_encoder.encoder.x_layers.1.lang_self_att.output.LayerNorm.bias', 'bert.global_encoder.encoder.x_layers.3.lang_self_att.self.query.bias', 'bert.global_encoder.encoder.x_layers.3.lang_self_att.output.dense.bias']
- This IS expected if you are initializing GlocalTextPathNavCMT from the checkpoint of a model trained on another task or with another architecture (e.g. initializing a BertForSequenceClassification model from a BertForPreTraining model).
- This IS NOT expected if you are initializing GlocalTextPathNavCMT from the checkpoint of a model that you expect to be exactly identical (initializing a BertForSequenceClassification model from a BertForSequenceClassification model).
2026-09-14 23:32:37,120 Loaded weights from checkpoint: data/logs/checkpoints/release_r2r/ckpt.iter12000.pth, iteration: 12000
2026-09-14 23:32:37,122 Agent parameters: 299.14 MB. Trainable: 140.79 MB.
2026-09-14 23:32:37,122 Finished setting up policy.
local rank: 0 | dataset length: 1

Initalizing the ETP model ...
  0%|          | 0/1 [00:00<?, ?it/s]2026-09-14 23:32:53,818 Video created: data/logs/video/spatial_zsNo4HB9uLZ_4/zsNo4HB9uLZ-4-SPL0.00.mp4
  0%|          | 0/211 [00:00<?, ?it/s]IMAGEIO FFMPEG_WRITER WARNING: input image is not divisible by macro_block_size=16, resizing from (825, 256) to (832, 256) to ensure video compatibility with most codecs and players. To prevent resizing, make your input image divisible by the macro_block_size or set the macro_block_size to 1 (risking incompatibility).
[swscaler @ 0x55c11d3c6f00] Warning: data is not aligned! This can lead to a speed loss
 24%|██▍       | 51/211 [00:00<00:00, 506.70it/s] 75%|███████▌  | 159/211 [00:00<00:00, 841.94it/s]100%|██████████| 211/211 [00:00<00:00, 860.01it/s]100%|██████████| 1/1 [00:17<00:00, 17.04s/it]I0914 23:32:54.174017 12922 PhysicsManager.cpp:33] Deconstructing PhysicsManager
I0914 23:32:54.174046 12922 SemanticScene.h:41] Deconstructing SemanticScene
I0914 23:32:54.175568 12922 SceneManager.h:25] Deconstructing SceneManager
I0914 23:32:54.175580 12922 SceneGraph.h:26] Deconstructing SceneGraph
I0914 23:32:54.175845 12922 Sensor.h:87] Deconstructing Sensor
I0914 23:32:54.176010 12922 Sensor.h:87] Deconstructing Sensor
I0914 23:32:54.176110 12922 Sensor.h:87] Deconstructing Sensor
I0914 23:32:54.176204 12922 Sensor.h:87] Deconstructing Sensor
I0914 23:32:54.176295 12922 Sensor.h:87] Deconstructing Sensor
I0914 23:32:54.176388 12922 Sensor.h:87] Deconstructing Sensor
I0914 23:32:54.176476 12922 Sensor.h:87] Deconstructing Sensor
I0914 23:32:54.176561 12922 Sensor.h:87] Deconstructing Sensor
I0914 23:32:54.176648 12922 Sensor.h:87] Deconstructing Sensor
I0914 23:32:54.176733 12922 Sensor.h:87] Deconstructing Sensor
I0914 23:32:54.176819 12922 Sensor.h:87] Deconstructing Sensor
I0914 23:32:54.176903 12922 Sensor.h:87] Deconstructing Sensor
I0914 23:32:54.176991 12922 Sensor.h:87] Deconstructing Sensor
I0914 23:32:54.177104 12922 Sensor.h:87] Deconstructing Sensor
I0914 23:32:54.177217 12922 Sensor.h:87] Deconstructing Sensor
I0914 23:32:54.177327 12922 Sensor.h:87] Deconstructing Sensor
I0914 23:32:54.177434 12922 Sensor.h:87] Deconstructing Sensor
I0914 23:32:54.177556 12922 Sensor.h:87] Deconstructing Sensor
I0914 23:32:54.177678 12922 Sensor.h:87] Deconstructing Sensor
I0914 23:32:54.177788 12922 Sensor.h:87] Deconstructing Sensor
I0914 23:32:54.177894 12922 Sensor.h:87] Deconstructing Sensor
I0914 23:32:54.178020 12922 Sensor.h:87] Deconstructing Sensor
I0914 23:32:54.178129 12922 Sensor.h:87] Deconstructing Sensor
I0914 23:32:54.178236 12922 Sensor.h:87] Deconstructing Sensor
I0914 23:32:54.178326 12922 Sensor.h:87] Deconstructing Sensor
I0914 23:32:54.178411 12922 Sensor.h:87] Deconstructing Sensor
I0914 23:32:54.178495 12922 Sensor.h:87] Deconstructing Sensor
I0914 23:32:54.178576 12922 Sensor.h:87] Deconstructing Sensor
I0914 23:32:54.178658 12922 Sensor.h:87] Deconstructing Sensor
I0914 23:32:54.178664 12922 Sensor.h:87] Deconstructing Sensor
I0914 23:32:54.180951 12922 Renderer.cpp:34] Deconstructing Renderer
I0914 23:32:54.180962 12922 WindowlessContext.h:17] Deconstructing WindowlessContext
I0914 23:32:54.186852 12922 Simulator.cpp:49] Deconstructing Simulator

2026-09-14 23:32:54,188 Episodes evaluated: 1
2026-09-14 23:32:54,188 Average episode steps_taken: 210.000000
2026-09-14 23:32:54,188 Average episode distance_to_goal: 5.130979
2026-09-14 23:32:54,188 Average episode success: 0.000000
2026-09-14 23:32:54,188 Average episode oracle_success: 0.000000
2026-09-14 23:32:54,188 Average episode path_length: 1.678363
2026-09-14 23:32:54,188 Average episode collisions: 10.125000
2026-09-14 23:32:54,188 Average episode spl: 0.000000
2026-09-14 23:32:54,188 Average episode ndtw: 0.217840
2026-09-14 23:32:54,188 Average episode sdtw: 0.000000
2026-09-14 23:32:54,188 Average episode ghost_cnt: 19.000000
100%|██████████| 1/1 [00:17<00:00, 17.06s/it]
2026-09-14 23:32:56,819 checkpoint_path: data/logs/checkpoints/release_r2r/ckpt.iter12000.pth
2026-09-14 23:32:56,820 Initializing dataset VLN-CE-v1
2026-09-14 23:32:56,841 SPLTI: custom, NUMBER OF SCENES: 1
2026-09-14 23:32:58,345 Initializing dataset VLN-CE-v1
2026-09-14 23:32:58,365 initializing sim Sim-v1
WARNING: Logging before InitGoogleLogging() is written to STDERR
I0914 23:32:58.370807 13222 ManagedContainerBase.cpp:19] ManagedContainerBase::convertFilenameToJSON : Filename : default changed to proposed JSON configuration filename : default.scene_dataset_config.json
I0914 23:32:58.370836 13222 AttributesManagerBase.h:283] AttributesManager<T>::createFromJsonOrDefaultInternal  (Dataset) : Proposing JSON name : default.scene_dataset_config.json from original name : default | This file  does not exist.
I0914 23:32:58.370879 13222 AssetAttributesManager.cpp:117] Asset attributes (capsule3DSolid : capsule3DSolid_hemiRings_4_cylRings_1_segments_12_halfLen_0.75_useTexCoords_false_useTangents_false) created and registered.
I0914 23:32:58.370896 13222 AssetAttributesManager.cpp:117] Asset attributes (capsule3DWireframe : capsule3DWireframe_hemiRings_8_cylRings_1_segments_16_halfLen_1) created and registered.
I0914 23:32:58.370913 13222 AssetAttributesManager.cpp:117] Asset attributes (coneSolid : coneSolid_segments_12_halfLen_1.25_rings_1_useTexCoords_false_useTangents_false_capEnd_true) created and registered.
I0914 23:32:58.370922 13222 AssetAttributesManager.cpp:117] Asset attributes (coneWireframe : coneWireframe_segments_32_halfLen_1.25) created and registered.
I0914 23:32:58.370927 13222 AssetAttributesManager.cpp:117] Asset attributes (cubeSolid : cubeSolid) created and registered.
I0914 23:32:58.370931 13222 AssetAttributesManager.cpp:117] Asset attributes (cubeWireframe : cubeWireframe) created and registered.
I0914 23:32:58.370951 13222 AssetAttributesManager.cpp:117] Asset attributes (cylinderSolid : cylinderSolid_rings_1_segments_12_halfLen_1_useTexCoords_false_useTangents_false_capEnds_true) created and registered.
I0914 23:32:58.370962 13222 AssetAttributesManager.cpp:117] Asset attributes (cylinderWireframe : cylinderWireframe_rings_1_segments_32_halfLen_1) created and registered.
I0914 23:32:58.370968 13222 AssetAttributesManager.cpp:117] Asset attributes (icosphereSolid : icosphereSolid_subdivs_1) created and registered.
I0914 23:32:58.370980 13222 AssetAttributesManager.cpp:117] Asset attributes (icosphereWireframe : icosphereWireframe_subdivs_1) created and registered.
I0914 23:32:58.370994 13222 AssetAttributesManager.cpp:117] Asset attributes (uvSphereSolid : uvSphereSolid_rings_8_segments_16_useTexCoords_false_useTangents_false) created and registered.
I0914 23:32:58.371001 13222 AssetAttributesManager.cpp:117] Asset attributes (uvSphereWireframe : uvSphereWireframe_rings_16_segments_32) created and registered.
I0914 23:32:58.371004 13222 AssetAttributesManager.cpp:105] AssetAttributesManager::buildCtorFuncPtrMaps : Built default primitive asset templates : 12
I0914 23:32:58.371273 13222 SceneDatasetAttributesManager.cpp:23] File (default) not found, so new default dataset attributes created and registered.
I0914 23:32:58.371275 13222 MetadataMediator.cpp:47] MetadataMediator::createDataset : Dataset default successfully created.
I0914 23:32:58.373281 13222 AttributesManagerBase.h:283] AttributesManager<T>::createFromJsonOrDefaultInternal  (Physics Manager) : Proposing JSON name : ./data/default.physics_config.json from original name : ./data/default.physics_config.json | This file  does not exist.
I0914 23:32:58.373291 13222 PhysicsAttributesManager.cpp:27] File (./data/default.physics_config.json) not found, so new default physics manager attributes created and registered.
I0914 23:32:58.373294 13222 AbstractObjectAttributesManagerBase.h:175] AbstractObjectAttributesManager<T>::createObject  (Stage) : Making attributes with handle : data/scene_datasets/mp3d/zsNo4HB9uLZ/zsNo4HB9uLZ.glb
I0914 23:32:58.373296 13222 ManagedContainerBase.cpp:19] ManagedContainerBase::convertFilenameToJSON : Filename : data/scene_datasets/mp3d/zsNo4HB9uLZ/zsNo4HB9uLZ.glb changed to proposed JSON configuration filename : data/scene_datasets/mp3d/zsNo4HB9uLZ/zsNo4HB9uLZ.stage_config.json
I0914 23:32:58.373302 13222 AttributesManagerBase.h:283] AttributesManager<T>::createFromJsonOrDefaultInternal  (Stage) : Proposing JSON name : data/scene_datasets/mp3d/zsNo4HB9uLZ/zsNo4HB9uLZ.stage_config.json from original name : data/scene_datasets/mp3d/zsNo4HB9uLZ/zsNo4HB9uLZ.glb | This file  does not exist.
I0914 23:32:58.373332 13222 AbstractObjectAttributesManagerBase.h:181] AbstractObjectAttributesManager<T>::createObject  (Stage) : Done making attributes with handle : data/scene_datasets/mp3d/zsNo4HB9uLZ/zsNo4HB9uLZ.glb
I0914 23:32:58.373332 13222 AbstractObjectAttributesManagerBase.h:188] File (data/scene_datasets/mp3d/zsNo4HB9uLZ/zsNo4HB9uLZ.glb) exists but is not a recognized config filename extension, so new default Stage attributes created and registered.
I0914 23:32:58.373335 13222 Simulator.cpp:156] Loading navmesh from data/scene_datasets/mp3d/zsNo4HB9uLZ/zsNo4HB9uLZ.navmesh
I0914 23:32:58.373391 13222 Simulator.cpp:158] Loaded.
I0914 23:32:58.373397 13222 SceneGraph.h:93] Created DrawableGroup: 
Renderer: NVIDIA T1000 8GB/PCIe/SSE2 by NVIDIA Corporation
OpenGL version: 4.6.0 NVIDIA 590.48.01
Using optional features:
    GL_ARB_ES2_compatibility
    GL_ARB_direct_state_access
    GL_ARB_get_texture_sub_image
    GL_ARB_invalidate_subdata
    GL_ARB_multi_bind
    GL_ARB_robustness
    GL_ARB_separate_shader_objects
    GL_ARB_texture_filter_anisotropic
    GL_ARB_texture_storage
    GL_ARB_texture_storage_multisample
    GL_ARB_vertex_array_object
    GL_KHR_debug
Using driver workarounds:
    no-forward-compatible-core-context
    nv-egl-incorrect-gl11-function-pointers
    no-layout-qualifiers-on-old-glsl
    nv-zero-context-profile-mask
    nv-implementation-color-read-format-dsa-broken
    nv-cubemap-inconsistent-compressed-image-size
    nv-cubemap-broken-full-compressed-image-query
    nv-compressed-block-size-in-bits
I0914 23:32:58.473033 13222 ResourceManager.cpp:234] ResourceManager::loadStage : Not loading semantic mesh
I0914 23:32:58.473042 13222 ResourceManager.cpp:262] ResourceManager::loadStage : start load render asset data/scene_datasets/mp3d/zsNo4HB9uLZ/zsNo4HB9uLZ.glb.
I0914 23:32:58.473048 13222 ResourceManager.cpp:569] ResourceManager::loadStageInternal : Attempting to load stage data/scene_datasets/mp3d/zsNo4HB9uLZ/zsNo4HB9uLZ.glb 
I0914 23:32:58.473059 13222 ResourceManager.cpp:1119] Importing Basis files as BC7 for zsNo4HB9uLZ.glb
W0914 23:32:59.340910 13222 Simulator.cpp:248] :
---
 The active scene does not contain semantic annotations. 
---
I0914 23:32:59.380071 13222 simulator.py:213] Loaded navmesh data/scene_datasets/mp3d/zsNo4HB9uLZ/zsNo4HB9uLZ.navmesh
2026-09-14 23:32:59,384 Initializing task VLN-v0
You are using a model of type bert to instantiate a model of type . This is not supported for all configurations of models and can yield errors.
Some weights of the model checkpoint at None were not used when initializing GlocalTextPathNavCMT: ['bert.global_encoder.encoder.x_layers.0.lang_self_att.self.value.bias', 'bert.global_encoder.encoder.x_layers.0.lang_self_att.output.dense.bias', 'bert.global_encoder.encoder.x_layers.3.lang_inter.dense.bias', 'bert.global_encoder.encoder.x_layers.3.lang_self_att.self.query.weight', 'bert.global_encoder.encoder.x_layers.1.lang_self_att.output.LayerNorm.weight', 'bert.global_encoder.encoder.x_layers.0.lang_self_att.output.dense.weight', 'bert.global_encoder.encoder.x_layers.0.lang_self_att.output.LayerNorm.weight', 'mlm_head.predictions.bias', 'bert.global_encoder.encoder.x_layers.3.lang_inter.dense.weight', 'bert.global_encoder.encoder.x_layers.3.lang_self_att.output.dense.bias', 'bert.global_encoder.encoder.x_layers.3.lang_self_att.output.LayerNorm.bias', 'bert.global_encoder.encoder.x_layers.3.lang_output.dense.weight', 'bert.global_encoder.encoder.x_layers.3.lang_self_att.output.dense.weight', 'mlm_head.predictions.transform.LayerNorm.weight', 'bert.global_encoder.encoder.x_layers.3.lang_self_att.self.value.weight', 'bert.global_encoder.encoder.x_layers.3.lang_self_att.self.query.bias', 'bert.global_encoder.encoder.x_layers.3.lang_output.LayerNorm.weight', 'bert.global_encoder.encoder.x_layers.1.lang_inter.dense.bias', 'bert.global_encoder.encoder.x_layers.0.lang_self_att.self.key.weight', 'bert.global_encoder.encoder.x_layers.2.lang_self_att.self.query.bias', 'bert.global_encoder.encoder.x_layers.0.lang_self_att.self.query.weight', 'bert.global_encoder.encoder.x_layers.1.lang_self_att.self.key.weight', 'bert.global_encoder.encoder.x_layers.2.lang_self_att.output.dense.bias', 'bert.global_encoder.encoder.x_layers.1.lang_self_att.self.query.bias', 'bert.global_encoder.encoder.x_layers.2.lang_output.dense.bias', 'bert.global_encoder.encoder.x_layers.0.lang_output.dense.weight', 'bert.global_encoder.encoder.x_layers.1.lang_output.dense.weight', 'bert.global_encoder.encoder.x_layers.1.lang_self_att.output.dense.weight', 'bert.global_encoder.encoder.x_layers.1.lang_output.LayerNorm.weight', 'mlm_head.predictions.transform.dense.bias', 'bert.global_encoder.encoder.x_layers.0.lang_output.LayerNorm.bias', 'bert.global_encoder.encoder.x_layers.2.lang_self_att.self.value.bias', 'bert.global_encoder.encoder.x_layers.3.lang_output.LayerNorm.bias', 'bert.global_encoder.encoder.x_layers.0.lang_output.dense.bias', 'bert.global_encoder.encoder.x_layers.1.lang_self_att.output.dense.bias', 'bert.global_encoder.encoder.x_layers.0.lang_self_att.self.value.weight', 'bert.global_encoder.encoder.x_layers.0.lang_inter.dense.bias', 'bert.global_encoder.encoder.x_layers.1.lang_output.LayerNorm.bias', 'bert.global_encoder.encoder.x_layers.2.lang_output.LayerNorm.bias', 'bert.global_encoder.encoder.x_layers.3.lang_self_att.self.value.bias', 'bert.global_encoder.encoder.x_layers.3.lang_output.dense.bias', 'bert.global_encoder.encoder.x_layers.2.lang_self_att.self.key.bias', 'bert.global_encoder.encoder.x_layers.0.lang_output.LayerNorm.weight', 'bert.global_encoder.encoder.x_layers.2.lang_output.dense.weight', 'bert.global_encoder.encoder.x_layers.3.lang_self_att.output.LayerNorm.weight', 'bert.global_encoder.encoder.x_layers.0.lang_inter.dense.weight', 'bert.global_encoder.encoder.x_layers.1.lang_output.dense.bias', 'bert.global_encoder.encoder.x_layers.2.lang_self_att.self.value.weight', 'bert.global_encoder.encoder.x_layers.2.lang_inter.dense.bias', 'bert.global_encoder.encoder.x_layers.2.lang_self_att.output.dense.weight', 'bert.global_encoder.encoder.x_layers.1.lang_self_att.self.value.bias', 'mlm_head.predictions.decoder.weight', 'bert.global_encoder.encoder.x_layers.0.lang_self_att.self.key.bias', 'bert.global_encoder.encoder.x_layers.2.lang_self_att.self.query.weight', 'bert.global_encoder.encoder.x_layers.2.lang_self_att.output.LayerNorm.bias', 'bert.global_encoder.encoder.x_layers.0.lang_self_att.self.query.bias', 'bert.global_encoder.encoder.x_layers.2.lang_output.LayerNorm.weight', 'bert.global_encoder.encoder.x_layers.2.lang_self_att.output.LayerNorm.weight', 'bert.global_encoder.encoder.x_layers.2.lang_self_att.self.key.weight', 'bert.global_encoder.encoder.x_layers.3.lang_self_att.self.key.bias', 'bert.global_encoder.encoder.x_layers.2.lang_inter.dense.weight', 'bert.global_encoder.encoder.x_layers.1.lang_self_att.output.LayerNorm.bias', 'mlm_head.predictions.transform.LayerNorm.bias', 'bert.global_encoder.encoder.x_layers.1.lang_inter.dense.weight', 'bert.global_encoder.encoder.x_layers.3.lang_self_att.self.key.weight', 'bert.global_encoder.encoder.x_layers.0.lang_self_att.output.LayerNorm.bias', 'bert.global_encoder.encoder.x_layers.1.lang_self_att.self.key.bias', 'bert.global_encoder.encoder.x_layers.1.lang_self_att.self.value.weight', 'bert.global_encoder.encoder.x_layers.1.lang_self_att.self.query.weight', 'mlm_head.predictions.transform.dense.weight']
- This IS expected if you are initializing GlocalTextPathNavCMT from the checkpoint of a model trained on another task or with another architecture (e.g. initializing a BertForSequenceClassification model from a BertForPreTraining model).
- This IS NOT expected if you are initializing GlocalTextPathNavCMT from the checkpoint of a model that you expect to be exactly identical (initializing a BertForSequenceClassification model from a BertForSequenceClassification model).
2026-09-14 23:33:05,249 Loaded weights from checkpoint: data/logs/checkpoints/release_r2r/ckpt.iter12000.pth, iteration: 12000
2026-09-14 23:33:05,251 Agent parameters: 299.14 MB. Trainable: 140.79 MB.
2026-09-14 23:33:05,251 Finished setting up policy.
local rank: 0 | dataset length: 1

Initalizing the ETP model ...
  0%|          | 0/1 [00:00<?, ?it/s]2026-09-14 23:33:21,837 Video created: data/logs/video/spatial_zsNo4HB9uLZ_5/zsNo4HB9uLZ-5-SPL0.00.mp4
  0%|          | 0/211 [00:00<?, ?it/s]IMAGEIO FFMPEG_WRITER WARNING: input image is not divisible by macro_block_size=16, resizing from (825, 256) to (832, 256) to ensure video compatibility with most codecs and players. To prevent resizing, make your input image divisible by the macro_block_size or set the macro_block_size to 1 (risking incompatibility).
[swscaler @ 0x6303f6f2df00] Warning: data is not aligned! This can lead to a speed loss
 29%|██▉       | 61/211 [00:00<00:00, 608.66it/s] 84%|████████▍ | 178/211 [00:00<00:00, 937.45it/s]100%|██████████| 211/211 [00:00<00:00, 915.66it/s]100%|██████████| 1/1 [00:16<00:00, 16.92s/it]I0914 23:33:22.179464 13222 PhysicsManager.cpp:33] Deconstructing PhysicsManager
I0914 23:33:22.179491 13222 SemanticScene.h:41] Deconstructing SemanticScene
I0914 23:33:22.181667 13222 SceneManager.h:25] Deconstructing SceneManager
I0914 23:33:22.181680 13222 SceneGraph.h:26] Deconstructing SceneGraph
I0914 23:33:22.181948 13222 Sensor.h:87] Deconstructing Sensor
I0914 23:33:22.182108 13222 Sensor.h:87] Deconstructing Sensor
I0914 23:33:22.182205 13222 Sensor.h:87] Deconstructing Sensor
I0914 23:33:22.182291 13222 Sensor.h:87] Deconstructing Sensor
I0914 23:33:22.182375 13222 Sensor.h:87] Deconstructing Sensor
I0914 23:33:22.182466 13222 Sensor.h:87] Deconstructing Sensor
I0914 23:33:22.182551 13222 Sensor.h:87] Deconstructing Sensor
I0914 23:33:22.182636 13222 Sensor.h:87] Deconstructing Sensor
I0914 23:33:22.182719 13222 Sensor.h:87] Deconstructing Sensor
I0914 23:33:22.182802 13222 Sensor.h:87] Deconstructing Sensor
I0914 23:33:22.182894 13222 Sensor.h:87] Deconstructing Sensor
I0914 23:33:22.182981 13222 Sensor.h:87] Deconstructing Sensor
I0914 23:33:22.183068 13222 Sensor.h:87] Deconstructing Sensor
I0914 23:33:22.183184 13222 Sensor.h:87] Deconstructing Sensor
I0914 23:33:22.183293 13222 Sensor.h:87] Deconstructing Sensor
I0914 23:33:22.183398 13222 Sensor.h:87] Deconstructing Sensor
I0914 23:33:22.183504 13222 Sensor.h:87] Deconstructing Sensor
I0914 23:33:22.183615 13222 Sensor.h:87] Deconstructing Sensor
I0914 23:33:22.183723 13222 Sensor.h:87] Deconstructing Sensor
I0914 23:33:22.183828 13222 Sensor.h:87] Deconstructing Sensor
I0914 23:33:22.183933 13222 Sensor.h:87] Deconstructing Sensor
I0914 23:33:22.184042 13222 Sensor.h:87] Deconstructing Sensor
I0914 23:33:22.184154 13222 Sensor.h:87] Deconstructing Sensor
I0914 23:33:22.184250 13222 Sensor.h:87] Deconstructing Sensor
I0914 23:33:22.184340 13222 Sensor.h:87] Deconstructing Sensor
I0914 23:33:22.184423 13222 Sensor.h:87] Deconstructing Sensor
I0914 23:33:22.184508 13222 Sensor.h:87] Deconstructing Sensor
I0914 23:33:22.184589 13222 Sensor.h:87] Deconstructing Sensor
I0914 23:33:22.184669 13222 Sensor.h:87] Deconstructing Sensor
I0914 23:33:22.184675 13222 Sensor.h:87] Deconstructing Sensor
I0914 23:33:22.186530 13222 Renderer.cpp:34] Deconstructing Renderer
I0914 23:33:22.186539 13222 WindowlessContext.h:17] Deconstructing WindowlessContext
I0914 23:33:22.192795 13222 Simulator.cpp:49] Deconstructing Simulator

2026-09-14 23:33:22,194 Episodes evaluated: 1
2026-09-14 23:33:22,194 Average episode steps_taken: 210.000000
2026-09-14 23:33:22,194 Average episode distance_to_goal: 4.636382
2026-09-14 23:33:22,195 Average episode success: 0.000000
2026-09-14 23:33:22,195 Average episode oracle_success: 0.000000
2026-09-14 23:33:22,195 Average episode path_length: 1.678363
2026-09-14 23:33:22,195 Average episode collisions: 10.125000
2026-09-14 23:33:22,195 Average episode spl: 0.000000
2026-09-14 23:33:22,195 Average episode ndtw: 0.258789
2026-09-14 23:33:22,195 Average episode sdtw: 0.000000
2026-09-14 23:33:22,195 Average episode ghost_cnt: 19.000000
100%|██████████| 1/1 [00:16<00:00, 16.94s/it]
2026-09-14 23:33:24,866 checkpoint_path: data/logs/checkpoints/release_r2r/ckpt.iter12000.pth
2026-09-14 23:33:24,867 Initializing dataset VLN-CE-v1
2026-09-14 23:33:24,888 SPLTI: custom, NUMBER OF SCENES: 1
2026-09-14 23:33:26,392 Initializing dataset VLN-CE-v1
2026-09-14 23:33:26,413 initializing sim Sim-v1
WARNING: Logging before InitGoogleLogging() is written to STDERR
I0914 23:33:26.419334 13496 ManagedContainerBase.cpp:19] ManagedContainerBase::convertFilenameToJSON : Filename : default changed to proposed JSON configuration filename : default.scene_dataset_config.json
I0914 23:33:26.419363 13496 AttributesManagerBase.h:283] AttributesManager<T>::createFromJsonOrDefaultInternal  (Dataset) : Proposing JSON name : default.scene_dataset_config.json from original name : default | This file  does not exist.
I0914 23:33:26.419405 13496 AssetAttributesManager.cpp:117] Asset attributes (capsule3DSolid : capsule3DSolid_hemiRings_4_cylRings_1_segments_12_halfLen_0.75_useTexCoords_false_useTangents_false) created and registered.
I0914 23:33:26.419422 13496 AssetAttributesManager.cpp:117] Asset attributes (capsule3DWireframe : capsule3DWireframe_hemiRings_8_cylRings_1_segments_16_halfLen_1) created and registered.
I0914 23:33:26.419440 13496 AssetAttributesManager.cpp:117] Asset attributes (coneSolid : coneSolid_segments_12_halfLen_1.25_rings_1_useTexCoords_false_useTangents_false_capEnd_true) created and registered.
I0914 23:33:26.419448 13496 AssetAttributesManager.cpp:117] Asset attributes (coneWireframe : coneWireframe_segments_32_halfLen_1.25) created and registered.
I0914 23:33:26.419453 13496 AssetAttributesManager.cpp:117] Asset attributes (cubeSolid : cubeSolid) created and registered.
I0914 23:33:26.419458 13496 AssetAttributesManager.cpp:117] Asset attributes (cubeWireframe : cubeWireframe) created and registered.
I0914 23:33:26.419471 13496 AssetAttributesManager.cpp:117] Asset attributes (cylinderSolid : cylinderSolid_rings_1_segments_12_halfLen_1_useTexCoords_false_useTangents_false_capEnds_true) created and registered.
I0914 23:33:26.419488 13496 AssetAttributesManager.cpp:117] Asset attributes (cylinderWireframe : cylinderWireframe_rings_1_segments_32_halfLen_1) created and registered.
I0914 23:33:26.419494 13496 AssetAttributesManager.cpp:117] Asset attributes (icosphereSolid : icosphereSolid_subdivs_1) created and registered.
I0914 23:33:26.419499 13496 AssetAttributesManager.cpp:117] Asset attributes (icosphereWireframe : icosphereWireframe_subdivs_1) created and registered.
I0914 23:33:26.419508 13496 AssetAttributesManager.cpp:117] Asset attributes (uvSphereSolid : uvSphereSolid_rings_8_segments_16_useTexCoords_false_useTangents_false) created and registered.
I0914 23:33:26.419515 13496 AssetAttributesManager.cpp:117] Asset attributes (uvSphereWireframe : uvSphereWireframe_rings_16_segments_32) created and registered.
I0914 23:33:26.419518 13496 AssetAttributesManager.cpp:105] AssetAttributesManager::buildCtorFuncPtrMaps : Built default primitive asset templates : 12
I0914 23:33:26.419778 13496 SceneDatasetAttributesManager.cpp:23] File (default) not found, so new default dataset attributes created and registered.
I0914 23:33:26.419780 13496 MetadataMediator.cpp:47] MetadataMediator::createDataset : Dataset default successfully created.
I0914 23:33:26.421787 13496 AttributesManagerBase.h:283] AttributesManager<T>::createFromJsonOrDefaultInternal  (Physics Manager) : Proposing JSON name : ./data/default.physics_config.json from original name : ./data/default.physics_config.json | This file  does not exist.
I0914 23:33:26.421799 13496 PhysicsAttributesManager.cpp:27] File (./data/default.physics_config.json) not found, so new default physics manager attributes created and registered.
I0914 23:33:26.421802 13496 AbstractObjectAttributesManagerBase.h:175] AbstractObjectAttributesManager<T>::createObject  (Stage) : Making attributes with handle : data/scene_datasets/mp3d/zsNo4HB9uLZ/zsNo4HB9uLZ.glb
I0914 23:33:26.421804 13496 ManagedContainerBase.cpp:19] ManagedContainerBase::convertFilenameToJSON : Filename : data/scene_datasets/mp3d/zsNo4HB9uLZ/zsNo4HB9uLZ.glb changed to proposed JSON configuration filename : data/scene_datasets/mp3d/zsNo4HB9uLZ/zsNo4HB9uLZ.stage_config.json
I0914 23:33:26.421810 13496 AttributesManagerBase.h:283] AttributesManager<T>::createFromJsonOrDefaultInternal  (Stage) : Proposing JSON name : data/scene_datasets/mp3d/zsNo4HB9uLZ/zsNo4HB9uLZ.stage_config.json from original name : data/scene_datasets/mp3d/zsNo4HB9uLZ/zsNo4HB9uLZ.glb | This file  does not exist.
I0914 23:33:26.421840 13496 AbstractObjectAttributesManagerBase.h:181] AbstractObjectAttributesManager<T>::createObject  (Stage) : Done making attributes with handle : data/scene_datasets/mp3d/zsNo4HB9uLZ/zsNo4HB9uLZ.glb
I0914 23:33:26.421841 13496 AbstractObjectAttributesManagerBase.h:188] File (data/scene_datasets/mp3d/zsNo4HB9uLZ/zsNo4HB9uLZ.glb) exists but is not a recognized config filename extension, so new default Stage attributes created and registered.
I0914 23:33:26.421844 13496 Simulator.cpp:156] Loading navmesh from data/scene_datasets/mp3d/zsNo4HB9uLZ/zsNo4HB9uLZ.navmesh
I0914 23:33:26.421901 13496 Simulator.cpp:158] Loaded.
I0914 23:33:26.421908 13496 SceneGraph.h:93] Created DrawableGroup: 
Renderer: NVIDIA T1000 8GB/PCIe/SSE2 by NVIDIA Corporation
OpenGL version: 4.6.0 NVIDIA 590.48.01
Using optional features:
    GL_ARB_ES2_compatibility
    GL_ARB_direct_state_access
    GL_ARB_get_texture_sub_image
    GL_ARB_invalidate_subdata
    GL_ARB_multi_bind
    GL_ARB_robustness
    GL_ARB_separate_shader_objects
    GL_ARB_texture_filter_anisotropic
    GL_ARB_texture_storage
    GL_ARB_texture_storage_multisample
    GL_ARB_vertex_array_object
    GL_KHR_debug
Using driver workarounds:
    no-forward-compatible-core-context
    nv-egl-incorrect-gl11-function-pointers
    no-layout-qualifiers-on-old-glsl
    nv-zero-context-profile-mask
    nv-implementation-color-read-format-dsa-broken
    nv-cubemap-inconsistent-compressed-image-size
    nv-cubemap-broken-full-compressed-image-query
    nv-compressed-block-size-in-bits
I0914 23:33:26.520332 13496 ResourceManager.cpp:234] ResourceManager::loadStage : Not loading semantic mesh
I0914 23:33:26.520340 13496 ResourceManager.cpp:262] ResourceManager::loadStage : start load render asset data/scene_datasets/mp3d/zsNo4HB9uLZ/zsNo4HB9uLZ.glb.
I0914 23:33:26.520342 13496 ResourceManager.cpp:569] ResourceManager::loadStageInternal : Attempting to load stage data/scene_datasets/mp3d/zsNo4HB9uLZ/zsNo4HB9uLZ.glb 
I0914 23:33:26.520354 13496 ResourceManager.cpp:1119] Importing Basis files as BC7 for zsNo4HB9uLZ.glb
W0914 23:33:27.392174 13496 Simulator.cpp:248] :
---
 The active scene does not contain semantic annotations. 
---
I0914 23:33:27.430955 13496 simulator.py:213] Loaded navmesh data/scene_datasets/mp3d/zsNo4HB9uLZ/zsNo4HB9uLZ.navmesh
2026-09-14 23:33:27,435 Initializing task VLN-v0
You are using a model of type bert to instantiate a model of type . This is not supported for all configurations of models and can yield errors.
Some weights of the model checkpoint at None were not used when initializing GlocalTextPathNavCMT: ['mlm_head.predictions.transform.dense.weight', 'bert.global_encoder.encoder.x_layers.0.lang_self_att.output.LayerNorm.bias', 'bert.global_encoder.encoder.x_layers.1.lang_self_att.self.query.bias', 'bert.global_encoder.encoder.x_layers.1.lang_output.LayerNorm.bias', 'bert.global_encoder.encoder.x_layers.2.lang_self_att.self.value.weight', 'bert.global_encoder.encoder.x_layers.0.lang_output.dense.weight', 'bert.global_encoder.encoder.x_layers.3.lang_self_att.self.query.bias', 'bert.global_encoder.encoder.x_layers.2.lang_output.dense.bias', 'bert.global_encoder.encoder.x_layers.1.lang_output.dense.bias', 'bert.global_encoder.encoder.x_layers.3.lang_output.LayerNorm.bias', 'bert.global_encoder.encoder.x_layers.2.lang_self_att.self.key.weight', 'bert.global_encoder.encoder.x_layers.1.lang_self_att.output.LayerNorm.weight', 'bert.global_encoder.encoder.x_layers.1.lang_output.dense.weight', 'bert.global_encoder.encoder.x_layers.3.lang_output.dense.bias', 'bert.global_encoder.encoder.x_layers.0.lang_output.dense.bias', 'bert.global_encoder.encoder.x_layers.3.lang_inter.dense.weight', 'bert.global_encoder.encoder.x_layers.1.lang_self_att.output.dense.bias', 'bert.global_encoder.encoder.x_layers.1.lang_output.LayerNorm.weight', 'bert.global_encoder.encoder.x_layers.3.lang_inter.dense.bias', 'bert.global_encoder.encoder.x_layers.2.lang_self_att.self.query.bias', 'bert.global_encoder.encoder.x_layers.3.lang_output.dense.weight', 'bert.global_encoder.encoder.x_layers.3.lang_self_att.self.value.bias', 'bert.global_encoder.encoder.x_layers.0.lang_self_att.self.query.bias', 'bert.global_encoder.encoder.x_layers.0.lang_self_att.output.dense.bias', 'bert.global_encoder.encoder.x_layers.2.lang_inter.dense.weight', 'bert.global_encoder.encoder.x_layers.0.lang_self_att.self.value.bias', 'bert.global_encoder.encoder.x_layers.0.lang_output.LayerNorm.weight', 'bert.global_encoder.encoder.x_layers.3.lang_self_att.output.dense.weight', 'bert.global_encoder.encoder.x_layers.3.lang_self_att.output.dense.bias', 'bert.global_encoder.encoder.x_layers.2.lang_self_att.self.query.weight', 'bert.global_encoder.encoder.x_layers.1.lang_inter.dense.weight', 'bert.global_encoder.encoder.x_layers.3.lang_self_att.self.query.weight', 'bert.global_encoder.encoder.x_layers.3.lang_self_att.self.key.weight', 'bert.global_encoder.encoder.x_layers.1.lang_self_att.self.key.weight', 'bert.global_encoder.encoder.x_layers.2.lang_self_att.self.key.bias', 'bert.global_encoder.encoder.x_layers.1.lang_self_att.self.value.weight', 'bert.global_encoder.encoder.x_layers.2.lang_self_att.output.dense.bias', 'bert.global_encoder.encoder.x_layers.0.lang_self_att.self.value.weight', 'bert.global_encoder.encoder.x_layers.0.lang_self_att.output.LayerNorm.weight', 'bert.global_encoder.encoder.x_layers.2.lang_self_att.output.dense.weight', 'bert.global_encoder.encoder.x_layers.3.lang_output.LayerNorm.weight', 'bert.global_encoder.encoder.x_layers.2.lang_output.dense.weight', 'bert.global_encoder.encoder.x_layers.0.lang_output.LayerNorm.bias', 'mlm_head.predictions.decoder.weight', 'bert.global_encoder.encoder.x_layers.1.lang_self_att.self.query.weight', 'mlm_head.predictions.transform.LayerNorm.weight', 'mlm_head.predictions.transform.LayerNorm.bias', 'bert.global_encoder.encoder.x_layers.0.lang_self_att.self.query.weight', 'bert.global_encoder.encoder.x_layers.2.lang_output.LayerNorm.weight', 'bert.global_encoder.encoder.x_layers.0.lang_self_att.self.key.weight', 'bert.global_encoder.encoder.x_layers.3.lang_self_att.output.LayerNorm.weight', 'bert.global_encoder.encoder.x_layers.3.lang_self_att.output.LayerNorm.bias', 'bert.global_encoder.encoder.x_layers.1.lang_self_att.output.dense.weight', 'mlm_head.predictions.transform.dense.bias', 'bert.global_encoder.encoder.x_layers.2.lang_output.LayerNorm.bias', 'bert.global_encoder.encoder.x_layers.1.lang_inter.dense.bias', 'bert.global_encoder.encoder.x_layers.0.lang_self_att.self.key.bias', 'bert.global_encoder.encoder.x_layers.1.lang_self_att.self.value.bias', 'bert.global_encoder.encoder.x_layers.0.lang_inter.dense.weight', 'bert.global_encoder.encoder.x_layers.0.lang_inter.dense.bias', 'bert.global_encoder.encoder.x_layers.1.lang_self_att.self.key.bias', 'bert.global_encoder.encoder.x_layers.3.lang_self_att.self.value.weight', 'bert.global_encoder.encoder.x_layers.2.lang_self_att.output.LayerNorm.bias', 'bert.global_encoder.encoder.x_layers.2.lang_self_att.self.value.bias', 'bert.global_encoder.encoder.x_layers.2.lang_inter.dense.bias', 'bert.global_encoder.encoder.x_layers.1.lang_self_att.output.LayerNorm.bias', 'bert.global_encoder.encoder.x_layers.0.lang_self_att.output.dense.weight', 'bert.global_encoder.encoder.x_layers.3.lang_self_att.self.key.bias', 'bert.global_encoder.encoder.x_layers.2.lang_self_att.output.LayerNorm.weight', 'mlm_head.predictions.bias']
- This IS expected if you are initializing GlocalTextPathNavCMT from the checkpoint of a model trained on another task or with another architecture (e.g. initializing a BertForSequenceClassification model from a BertForPreTraining model).
- This IS NOT expected if you are initializing GlocalTextPathNavCMT from the checkpoint of a model that you expect to be exactly identical (initializing a BertForSequenceClassification model from a BertForSequenceClassification model).
2026-09-14 23:33:33,244 Loaded weights from checkpoint: data/logs/checkpoints/release_r2r/ckpt.iter12000.pth, iteration: 12000
2026-09-14 23:33:33,248 Agent parameters: 299.14 MB. Trainable: 140.79 MB.
2026-09-14 23:33:33,248 Finished setting up policy.
local rank: 0 | dataset length: 1

Initalizing the ETP model ...
  0%|          | 0/1 [00:00<?, ?it/s]2026-09-14 23:33:40,202 Video created: data/logs/video/spatial_zsNo4HB9uLZ_6/zsNo4HB9uLZ-6-SPL0.00.mp4
  0%|          | 0/48 [00:00<?, ?it/s]IMAGEIO FFMPEG_WRITER WARNING: input image is not divisible by macro_block_size=16, resizing from (825, 256) to (832, 256) to ensure video compatibility with most codecs and players. To prevent resizing, make your input image divisible by the macro_block_size or set the macro_block_size to 1 (risking incompatibility).
[swscaler @ 0x5d20d61aef00] Warning: data is not aligned! This can lead to a speed loss
100%|██████████| 48/48 [00:00<00:00, 550.37it/s]100%|██████████| 1/1 [00:07<00:00,  7.15s/it]I0914 23:33:40.409387 13496 PhysicsManager.cpp:33] Deconstructing PhysicsManager
I0914 23:33:40.409417 13496 SemanticScene.h:41] Deconstructing SemanticScene
I0914 23:33:40.410879 13496 SceneManager.h:25] Deconstructing SceneManager
I0914 23:33:40.410885 13496 SceneGraph.h:26] Deconstructing SceneGraph
I0914 23:33:40.411156 13496 Sensor.h:87] Deconstructing Sensor
I0914 23:33:40.411305 13496 Sensor.h:87] Deconstructing Sensor
I0914 23:33:40.411402 13496 Sensor.h:87] Deconstructing Sensor
I0914 23:33:40.411494 13496 Sensor.h:87] Deconstructing Sensor
I0914 23:33:40.411582 13496 Sensor.h:87] Deconstructing Sensor
I0914 23:33:40.411682 13496 Sensor.h:87] Deconstructing Sensor
I0914 23:33:40.411769 13496 Sensor.h:87] Deconstructing Sensor
I0914 23:33:40.411857 13496 Sensor.h:87] Deconstructing Sensor
I0914 23:33:40.411943 13496 Sensor.h:87] Deconstructing Sensor
I0914 23:33:40.412034 13496 Sensor.h:87] Deconstructing Sensor
I0914 23:33:40.412120 13496 Sensor.h:87] Deconstructing Sensor
I0914 23:33:40.412209 13496 Sensor.h:87] Deconstructing Sensor
I0914 23:33:40.412297 13496 Sensor.h:87] Deconstructing Sensor
I0914 23:33:40.412410 13496 Sensor.h:87] Deconstructing Sensor
I0914 23:33:40.412518 13496 Sensor.h:87] Deconstructing Sensor
I0914 23:33:40.412623 13496 Sensor.h:87] Deconstructing Sensor
I0914 23:33:40.412730 13496 Sensor.h:87] Deconstructing Sensor
I0914 23:33:40.412845 13496 Sensor.h:87] Deconstructing Sensor
I0914 23:33:40.412958 13496 Sensor.h:87] Deconstructing Sensor
I0914 23:33:40.413067 13496 Sensor.h:87] Deconstructing Sensor
I0914 23:33:40.413177 13496 Sensor.h:87] Deconstructing Sensor
I0914 23:33:40.413285 13496 Sensor.h:87] Deconstructing Sensor
I0914 23:33:40.413388 13496 Sensor.h:87] Deconstructing Sensor
I0914 23:33:40.413487 13496 Sensor.h:87] Deconstructing Sensor
I0914 23:33:40.413578 13496 Sensor.h:87] Deconstructing Sensor
I0914 23:33:40.413662 13496 Sensor.h:87] Deconstructing Sensor
I0914 23:33:40.413744 13496 Sensor.h:87] Deconstructing Sensor
I0914 23:33:40.413826 13496 Sensor.h:87] Deconstructing Sensor
I0914 23:33:40.413905 13496 Sensor.h:87] Deconstructing Sensor
I0914 23:33:40.413911 13496 Sensor.h:87] Deconstructing Sensor
I0914 23:33:40.416043 13496 Renderer.cpp:34] Deconstructing Renderer
I0914 23:33:40.416052 13496 WindowlessContext.h:17] Deconstructing WindowlessContext
I0914 23:33:40.422250 13496 Simulator.cpp:49] Deconstructing Simulator

2026-09-14 23:33:40,423 Episodes evaluated: 1
2026-09-14 23:33:40,423 Average episode steps_taken: 47.000000
2026-09-14 23:33:40,423 Average episode distance_to_goal: 12.628817
2026-09-14 23:33:40,423 Average episode success: 0.000000
2026-09-14 23:33:40,424 Average episode oracle_success: 0.000000
2026-09-14 23:33:40,424 Average episode path_length: 9.494915
2026-09-14 23:33:40,424 Average episode collisions: 0.076923
2026-09-14 23:33:40,424 Average episode spl: 0.000000
2026-09-14 23:33:40,424 Average episode ndtw: 0.000000
2026-09-14 23:33:40,424 Average episode sdtw: 0.000000
2026-09-14 23:33:40,424 Average episode ghost_cnt: 21.000000
100%|██████████| 1/1 [00:07<00:00,  7.17s/it]
2026-09-14 23:33:43,005 checkpoint_path: data/logs/checkpoints/release_r2r/ckpt.iter12000.pth
2026-09-14 23:33:43,005 Initializing dataset VLN-CE-v1
2026-09-14 23:33:43,026 SPLTI: custom, NUMBER OF SCENES: 1
2026-09-14 23:33:44,471 Initializing dataset VLN-CE-v1
2026-09-14 23:33:44,491 initializing sim Sim-v1
WARNING: Logging before InitGoogleLogging() is written to STDERR
I0914 23:33:44.497239 13792 ManagedContainerBase.cpp:19] ManagedContainerBase::convertFilenameToJSON : Filename : default changed to proposed JSON configuration filename : default.scene_dataset_config.json
I0914 23:33:44.497263 13792 AttributesManagerBase.h:283] AttributesManager<T>::createFromJsonOrDefaultInternal  (Dataset) : Proposing JSON name : default.scene_dataset_config.json from original name : default | This file  does not exist.
I0914 23:33:44.497304 13792 AssetAttributesManager.cpp:117] Asset attributes (capsule3DSolid : capsule3DSolid_hemiRings_4_cylRings_1_segments_12_halfLen_0.75_useTexCoords_false_useTangents_false) created and registered.
I0914 23:33:44.497321 13792 AssetAttributesManager.cpp:117] Asset attributes (capsule3DWireframe : capsule3DWireframe_hemiRings_8_cylRings_1_segments_16_halfLen_1) created and registered.
I0914 23:33:44.497336 13792 AssetAttributesManager.cpp:117] Asset attributes (coneSolid : coneSolid_segments_12_halfLen_1.25_rings_1_useTexCoords_false_useTangents_false_capEnd_true) created and registered.
I0914 23:33:44.497351 13792 AssetAttributesManager.cpp:117] Asset attributes (coneWireframe : coneWireframe_segments_32_halfLen_1.25) created and registered.
I0914 23:33:44.497363 13792 AssetAttributesManager.cpp:117] Asset attributes (cubeSolid : cubeSolid) created and registered.
I0914 23:33:44.497367 13792 AssetAttributesManager.cpp:117] Asset attributes (cubeWireframe : cubeWireframe) created and registered.
I0914 23:33:44.497381 13792 AssetAttributesManager.cpp:117] Asset attributes (cylinderSolid : cylinderSolid_rings_1_segments_12_halfLen_1_useTexCoords_false_useTangents_false_capEnds_true) created and registered.
I0914 23:33:44.497391 13792 AssetAttributesManager.cpp:117] Asset attributes (cylinderWireframe : cylinderWireframe_rings_1_segments_32_halfLen_1) created and registered.
I0914 23:33:44.497397 13792 AssetAttributesManager.cpp:117] Asset attributes (icosphereSolid : icosphereSolid_subdivs_1) created and registered.
I0914 23:33:44.497402 13792 AssetAttributesManager.cpp:117] Asset attributes (icosphereWireframe : icosphereWireframe_subdivs_1) created and registered.
I0914 23:33:44.497411 13792 AssetAttributesManager.cpp:117] Asset attributes (uvSphereSolid : uvSphereSolid_rings_8_segments_16_useTexCoords_false_useTangents_false) created and registered.
I0914 23:33:44.497418 13792 AssetAttributesManager.cpp:117] Asset attributes (uvSphereWireframe : uvSphereWireframe_rings_16_segments_32) created and registered.
I0914 23:33:44.497421 13792 AssetAttributesManager.cpp:105] AssetAttributesManager::buildCtorFuncPtrMaps : Built default primitive asset templates : 12
I0914 23:33:44.497681 13792 SceneDatasetAttributesManager.cpp:23] File (default) not found, so new default dataset attributes created and registered.
I0914 23:33:44.497684 13792 MetadataMediator.cpp:47] MetadataMediator::createDataset : Dataset default successfully created.
I0914 23:33:44.499706 13792 AttributesManagerBase.h:283] AttributesManager<T>::createFromJsonOrDefaultInternal  (Physics Manager) : Proposing JSON name : ./data/default.physics_config.json from original name : ./data/default.physics_config.json | This file  does not exist.
I0914 23:33:44.499718 13792 PhysicsAttributesManager.cpp:27] File (./data/default.physics_config.json) not found, so new default physics manager attributes created and registered.
I0914 23:33:44.499720 13792 AbstractObjectAttributesManagerBase.h:175] AbstractObjectAttributesManager<T>::createObject  (Stage) : Making attributes with handle : data/scene_datasets/mp3d/zsNo4HB9uLZ/zsNo4HB9uLZ.glb
I0914 23:33:44.499723 13792 ManagedContainerBase.cpp:19] ManagedContainerBase::convertFilenameToJSON : Filename : data/scene_datasets/mp3d/zsNo4HB9uLZ/zsNo4HB9uLZ.glb changed to proposed JSON configuration filename : data/scene_datasets/mp3d/zsNo4HB9uLZ/zsNo4HB9uLZ.stage_config.json
I0914 23:33:44.499729 13792 AttributesManagerBase.h:283] AttributesManager<T>::createFromJsonOrDefaultInternal  (Stage) : Proposing JSON name : data/scene_datasets/mp3d/zsNo4HB9uLZ/zsNo4HB9uLZ.stage_config.json from original name : data/scene_datasets/mp3d/zsNo4HB9uLZ/zsNo4HB9uLZ.glb | This file  does not exist.
I0914 23:33:44.499759 13792 AbstractObjectAttributesManagerBase.h:181] AbstractObjectAttributesManager<T>::createObject  (Stage) : Done making attributes with handle : data/scene_datasets/mp3d/zsNo4HB9uLZ/zsNo4HB9uLZ.glb
I0914 23:33:44.499760 13792 AbstractObjectAttributesManagerBase.h:188] File (data/scene_datasets/mp3d/zsNo4HB9uLZ/zsNo4HB9uLZ.glb) exists but is not a recognized config filename extension, so new default Stage attributes created and registered.
I0914 23:33:44.499764 13792 Simulator.cpp:156] Loading navmesh from data/scene_datasets/mp3d/zsNo4HB9uLZ/zsNo4HB9uLZ.navmesh
I0914 23:33:44.499820 13792 Simulator.cpp:158] Loaded.
I0914 23:33:44.499827 13792 SceneGraph.h:93] Created DrawableGroup: 
Renderer: NVIDIA T1000 8GB/PCIe/SSE2 by NVIDIA Corporation
OpenGL version: 4.6.0 NVIDIA 590.48.01
Using optional features:
    GL_ARB_ES2_compatibility
    GL_ARB_direct_state_access
    GL_ARB_get_texture_sub_image
    GL_ARB_invalidate_subdata
    GL_ARB_multi_bind
    GL_ARB_robustness
    GL_ARB_separate_shader_objects
    GL_ARB_texture_filter_anisotropic
    GL_ARB_texture_storage
    GL_ARB_texture_storage_multisample
    GL_ARB_vertex_array_object
    GL_KHR_debug
Using driver workarounds:
    no-forward-compatible-core-context
    nv-egl-incorrect-gl11-function-pointers
    no-layout-qualifiers-on-old-glsl
    nv-zero-context-profile-mask
    nv-implementation-color-read-format-dsa-broken
    nv-cubemap-inconsistent-compressed-image-size
    nv-cubemap-broken-full-compressed-image-query
    nv-compressed-block-size-in-bits
I0914 23:33:44.584256 13792 ResourceManager.cpp:234] ResourceManager::loadStage : Not loading semantic mesh
I0914 23:33:44.584265 13792 ResourceManager.cpp:262] ResourceManager::loadStage : start load render asset data/scene_datasets/mp3d/zsNo4HB9uLZ/zsNo4HB9uLZ.glb.
I0914 23:33:44.584267 13792 ResourceManager.cpp:569] ResourceManager::loadStageInternal : Attempting to load stage data/scene_datasets/mp3d/zsNo4HB9uLZ/zsNo4HB9uLZ.glb 
I0914 23:33:44.584280 13792 ResourceManager.cpp:1119] Importing Basis files as BC7 for zsNo4HB9uLZ.glb
W0914 23:33:45.448962 13792 Simulator.cpp:248] :
---
 The active scene does not contain semantic annotations. 
---
I0914 23:33:45.488432 13792 simulator.py:213] Loaded navmesh data/scene_datasets/mp3d/zsNo4HB9uLZ/zsNo4HB9uLZ.navmesh
2026-09-14 23:33:45,493 Initializing task VLN-v0
You are using a model of type bert to instantiate a model of type . This is not supported for all configurations of models and can yield errors.
Some weights of the model checkpoint at None were not used when initializing GlocalTextPathNavCMT: ['bert.global_encoder.encoder.x_layers.1.lang_self_att.self.query.weight', 'bert.global_encoder.encoder.x_layers.3.lang_self_att.self.key.bias', 'bert.global_encoder.encoder.x_layers.1.lang_self_att.output.LayerNorm.weight', 'bert.global_encoder.encoder.x_layers.1.lang_output.dense.weight', 'bert.global_encoder.encoder.x_layers.2.lang_self_att.self.value.bias', 'bert.global_encoder.encoder.x_layers.1.lang_self_att.self.query.bias', 'bert.global_encoder.encoder.x_layers.1.lang_self_att.self.value.weight', 'bert.global_encoder.encoder.x_layers.0.lang_self_att.self.query.bias', 'bert.global_encoder.encoder.x_layers.0.lang_output.LayerNorm.weight', 'bert.global_encoder.encoder.x_layers.3.lang_self_att.self.value.weight', 'bert.global_encoder.encoder.x_layers.1.lang_inter.dense.weight', 'bert.global_encoder.encoder.x_layers.0.lang_self_att.output.LayerNorm.bias', 'bert.global_encoder.encoder.x_layers.0.lang_self_att.self.query.weight', 'bert.global_encoder.encoder.x_layers.1.lang_self_att.self.value.bias', 'bert.global_encoder.encoder.x_layers.0.lang_self_att.output.dense.bias', 'bert.global_encoder.encoder.x_layers.2.lang_self_att.output.LayerNorm.weight', 'bert.global_encoder.encoder.x_layers.1.lang_output.dense.bias', 'bert.global_encoder.encoder.x_layers.2.lang_self_att.self.value.weight', 'bert.global_encoder.encoder.x_layers.2.lang_self_att.output.dense.weight', 'bert.global_encoder.encoder.x_layers.3.lang_self_att.output.dense.weight', 'bert.global_encoder.encoder.x_layers.2.lang_output.dense.bias', 'bert.global_encoder.encoder.x_layers.2.lang_output.LayerNorm.weight', 'bert.global_encoder.encoder.x_layers.3.lang_self_att.self.query.weight', 'bert.global_encoder.encoder.x_layers.0.lang_self_att.self.value.bias', 'bert.global_encoder.encoder.x_layers.2.lang_self_att.self.query.bias', 'bert.global_encoder.encoder.x_layers.3.lang_output.dense.weight', 'bert.global_encoder.encoder.x_layers.2.lang_self_att.self.key.weight', 'bert.global_encoder.encoder.x_layers.3.lang_output.LayerNorm.bias', 'mlm_head.predictions.transform.dense.bias', 'mlm_head.predictions.transform.LayerNorm.bias', 'bert.global_encoder.encoder.x_layers.2.lang_inter.dense.bias', 'bert.global_encoder.encoder.x_layers.0.lang_self_att.self.value.weight', 'bert.global_encoder.encoder.x_layers.0.lang_inter.dense.weight', 'bert.global_encoder.encoder.x_layers.2.lang_output.LayerNorm.bias', 'bert.global_encoder.encoder.x_layers.0.lang_self_att.output.dense.weight', 'bert.global_encoder.encoder.x_layers.3.lang_inter.dense.bias', 'mlm_head.predictions.decoder.weight', 'bert.global_encoder.encoder.x_layers.3.lang_self_att.output.LayerNorm.bias', 'mlm_head.predictions.transform.LayerNorm.weight', 'bert.global_encoder.encoder.x_layers.0.lang_self_att.self.key.weight', 'bert.global_encoder.encoder.x_layers.1.lang_self_att.self.key.weight', 'bert.global_encoder.encoder.x_layers.3.lang_self_att.self.key.weight', 'bert.global_encoder.encoder.x_layers.2.lang_self_att.self.key.bias', 'bert.global_encoder.encoder.x_layers.0.lang_self_att.self.key.bias', 'bert.global_encoder.encoder.x_layers.3.lang_self_att.output.LayerNorm.weight', 'bert.global_encoder.encoder.x_layers.1.lang_self_att.self.key.bias', 'bert.global_encoder.encoder.x_layers.2.lang_inter.dense.weight', 'bert.global_encoder.encoder.x_layers.0.lang_inter.dense.bias', 'bert.global_encoder.encoder.x_layers.2.lang_self_att.output.dense.bias', 'mlm_head.predictions.transform.dense.weight', 'bert.global_encoder.encoder.x_layers.3.lang_self_att.self.query.bias', 'bert.global_encoder.encoder.x_layers.1.lang_inter.dense.bias', 'bert.global_encoder.encoder.x_layers.0.lang_output.dense.bias', 'bert.global_encoder.encoder.x_layers.2.lang_output.dense.weight', 'mlm_head.predictions.bias', 'bert.global_encoder.encoder.x_layers.1.lang_output.LayerNorm.bias', 'bert.global_encoder.encoder.x_layers.1.lang_output.LayerNorm.weight', 'bert.global_encoder.encoder.x_layers.0.lang_output.LayerNorm.bias', 'bert.global_encoder.encoder.x_layers.3.lang_self_att.output.dense.bias', 'bert.global_encoder.encoder.x_layers.2.lang_self_att.self.query.weight', 'bert.global_encoder.encoder.x_layers.3.lang_self_att.self.value.bias', 'bert.global_encoder.encoder.x_layers.1.lang_self_att.output.dense.bias', 'bert.global_encoder.encoder.x_layers.1.lang_self_att.output.dense.weight', 'bert.global_encoder.encoder.x_layers.0.lang_self_att.output.LayerNorm.weight', 'bert.global_encoder.encoder.x_layers.0.lang_output.dense.weight', 'bert.global_encoder.encoder.x_layers.1.lang_self_att.output.LayerNorm.bias', 'bert.global_encoder.encoder.x_layers.2.lang_self_att.output.LayerNorm.bias', 'bert.global_encoder.encoder.x_layers.3.lang_output.dense.bias', 'bert.global_encoder.encoder.x_layers.3.lang_output.LayerNorm.weight', 'bert.global_encoder.encoder.x_layers.3.lang_inter.dense.weight']
- This IS expected if you are initializing GlocalTextPathNavCMT from the checkpoint of a model trained on another task or with another architecture (e.g. initializing a BertForSequenceClassification model from a BertForPreTraining model).
- This IS NOT expected if you are initializing GlocalTextPathNavCMT from the checkpoint of a model that you expect to be exactly identical (initializing a BertForSequenceClassification model from a BertForSequenceClassification model).
2026-09-14 23:33:51,382 Loaded weights from checkpoint: data/logs/checkpoints/release_r2r/ckpt.iter12000.pth, iteration: 12000
2026-09-14 23:33:51,384 Agent parameters: 299.14 MB. Trainable: 140.79 MB.
2026-09-14 23:33:51,384 Finished setting up policy.
local rank: 0 | dataset length: 1

Initalizing the ETP model ...
  0%|          | 0/1 [00:00<?, ?it/s]2026-09-14 23:33:58,309 Video created: data/logs/video/spatial_zsNo4HB9uLZ_7/zsNo4HB9uLZ-7-SPL0.00.mp4
  0%|          | 0/48 [00:00<?, ?it/s]IMAGEIO FFMPEG_WRITER WARNING: input image is not divisible by macro_block_size=16, resizing from (825, 256) to (832, 256) to ensure video compatibility with most codecs and players. To prevent resizing, make your input image divisible by the macro_block_size or set the macro_block_size to 1 (risking incompatibility).
[swscaler @ 0x629e2abf3f00] Warning: data is not aligned! This can lead to a speed loss
100%|██████████| 48/48 [00:00<00:00, 532.90it/s]100%|██████████| 1/1 [00:07<00:00,  7.12s/it]I0914 23:33:58.510509 13792 PhysicsManager.cpp:33] Deconstructing PhysicsManager
I0914 23:33:58.510536 13792 SemanticScene.h:41] Deconstructing SemanticScene
I0914 23:33:58.512202 13792 SceneManager.h:25] Deconstructing SceneManager
I0914 23:33:58.512209 13792 SceneGraph.h:26] Deconstructing SceneGraph
I0914 23:33:58.512495 13792 Sensor.h:87] Deconstructing Sensor
I0914 23:33:58.512650 13792 Sensor.h:87] Deconstructing Sensor
I0914 23:33:58.512745 13792 Sensor.h:87] Deconstructing Sensor
I0914 23:33:58.512835 13792 Sensor.h:87] Deconstructing Sensor
I0914 23:33:58.512923 13792 Sensor.h:87] Deconstructing Sensor
I0914 23:33:58.513019 13792 Sensor.h:87] Deconstructing Sensor
I0914 23:33:58.513109 13792 Sensor.h:87] Deconstructing Sensor
I0914 23:33:58.513202 13792 Sensor.h:87] Deconstructing Sensor
I0914 23:33:58.513293 13792 Sensor.h:87] Deconstructing Sensor
I0914 23:33:58.513379 13792 Sensor.h:87] Deconstructing Sensor
I0914 23:33:58.513465 13792 Sensor.h:87] Deconstructing Sensor
I0914 23:33:58.513548 13792 Sensor.h:87] Deconstructing Sensor
I0914 23:33:58.513636 13792 Sensor.h:87] Deconstructing Sensor
I0914 23:33:58.513751 13792 Sensor.h:87] Deconstructing Sensor
I0914 23:33:58.513859 13792 Sensor.h:87] Deconstructing Sensor
I0914 23:33:58.513970 13792 Sensor.h:87] Deconstructing Sensor
I0914 23:33:58.514075 13792 Sensor.h:87] Deconstructing Sensor
I0914 23:33:58.514194 13792 Sensor.h:87] Deconstructing Sensor
I0914 23:33:58.514307 13792 Sensor.h:87] Deconstructing Sensor
I0914 23:33:58.514413 13792 Sensor.h:87] Deconstructing Sensor
I0914 23:33:58.514520 13792 Sensor.h:87] Deconstructing Sensor
I0914 23:33:58.514626 13792 Sensor.h:87] Deconstructing Sensor
I0914 23:33:58.514732 13792 Sensor.h:87] Deconstructing Sensor
I0914 23:33:58.514824 13792 Sensor.h:87] Deconstructing Sensor
I0914 23:33:58.514914 13792 Sensor.h:87] Deconstructing Sensor
I0914 23:33:58.515004 13792 Sensor.h:87] Deconstructing Sensor
I0914 23:33:58.515092 13792 Sensor.h:87] Deconstructing Sensor
I0914 23:33:58.515188 13792 Sensor.h:87] Deconstructing Sensor
I0914 23:33:58.515273 13792 Sensor.h:87] Deconstructing Sensor
I0914 23:33:58.515280 13792 Sensor.h:87] Deconstructing Sensor
I0914 23:33:58.517256 13792 Renderer.cpp:34] Deconstructing Renderer
I0914 23:33:58.517264 13792 WindowlessContext.h:17] Deconstructing WindowlessContext
I0914 23:33:58.523896 13792 Simulator.cpp:49] Deconstructing Simulator

2026-09-14 23:33:58,525 Episodes evaluated: 1
2026-09-14 23:33:58,525 Average episode steps_taken: 47.000000
2026-09-14 23:33:58,525 Average episode distance_to_goal: 7.078996
2026-09-14 23:33:58,525 Average episode success: 0.000000
2026-09-14 23:33:58,525 Average episode oracle_success: 0.000000
2026-09-14 23:33:58,525 Average episode path_length: 9.494915
2026-09-14 23:33:58,525 Average episode collisions: 0.076923
2026-09-14 23:33:58,525 Average episode spl: 0.000000
2026-09-14 23:33:58,525 Average episode ndtw: 0.000000
2026-09-14 23:33:58,525 Average episode sdtw: 0.000000
2026-09-14 23:33:58,525 Average episode ghost_cnt: 21.000000
100%|██████████| 1/1 [00:07<00:00,  7.13s/it]
2026-09-14 23:34:01,113 checkpoint_path: data/logs/checkpoints/release_r2r/ckpt.iter12000.pth
2026-09-14 23:34:01,114 Initializing dataset VLN-CE-v1
2026-09-14 23:34:01,137 SPLTI: custom, NUMBER OF SCENES: 1
2026-09-14 23:34:02,610 Initializing dataset VLN-CE-v1
2026-09-14 23:34:02,631 initializing sim Sim-v1
WARNING: Logging before InitGoogleLogging() is written to STDERR
I0914 23:34:02.636350 14046 ManagedContainerBase.cpp:19] ManagedContainerBase::convertFilenameToJSON : Filename : default changed to proposed JSON configuration filename : default.scene_dataset_config.json
I0914 23:34:02.636371 14046 AttributesManagerBase.h:283] AttributesManager<T>::createFromJsonOrDefaultInternal  (Dataset) : Proposing JSON name : default.scene_dataset_config.json from original name : default | This file  does not exist.
I0914 23:34:02.636412 14046 AssetAttributesManager.cpp:117] Asset attributes (capsule3DSolid : capsule3DSolid_hemiRings_4_cylRings_1_segments_12_halfLen_0.75_useTexCoords_false_useTangents_false) created and registered.
I0914 23:34:02.636430 14046 AssetAttributesManager.cpp:117] Asset attributes (capsule3DWireframe : capsule3DWireframe_hemiRings_8_cylRings_1_segments_16_halfLen_1) created and registered.
I0914 23:34:02.636444 14046 AssetAttributesManager.cpp:117] Asset attributes (coneSolid : coneSolid_segments_12_halfLen_1.25_rings_1_useTexCoords_false_useTangents_false_capEnd_true) created and registered.
I0914 23:34:02.636459 14046 AssetAttributesManager.cpp:117] Asset attributes (coneWireframe : coneWireframe_segments_32_halfLen_1.25) created and registered.
I0914 23:34:02.636464 14046 AssetAttributesManager.cpp:117] Asset attributes (cubeSolid : cubeSolid) created and registered.
I0914 23:34:02.636468 14046 AssetAttributesManager.cpp:117] Asset attributes (cubeWireframe : cubeWireframe) created and registered.
I0914 23:34:02.636482 14046 AssetAttributesManager.cpp:117] Asset attributes (cylinderSolid : cylinderSolid_rings_1_segments_12_halfLen_1_useTexCoords_false_useTangents_false_capEnds_true) created and registered.
I0914 23:34:02.636497 14046 AssetAttributesManager.cpp:117] Asset attributes (cylinderWireframe : cylinderWireframe_rings_1_segments_32_halfLen_1) created and registered.
I0914 23:34:02.636502 14046 AssetAttributesManager.cpp:117] Asset attributes (icosphereSolid : icosphereSolid_subdivs_1) created and registered.
I0914 23:34:02.636507 14046 AssetAttributesManager.cpp:117] Asset attributes (icosphereWireframe : icosphereWireframe_subdivs_1) created and registered.
I0914 23:34:02.636516 14046 AssetAttributesManager.cpp:117] Asset attributes (uvSphereSolid : uvSphereSolid_rings_8_segments_16_useTexCoords_false_useTangents_false) created and registered.
I0914 23:34:02.636523 14046 AssetAttributesManager.cpp:117] Asset attributes (uvSphereWireframe : uvSphereWireframe_rings_16_segments_32) created and registered.
I0914 23:34:02.636526 14046 AssetAttributesManager.cpp:105] AssetAttributesManager::buildCtorFuncPtrMaps : Built default primitive asset templates : 12
I0914 23:34:02.636788 14046 SceneDatasetAttributesManager.cpp:23] File (default) not found, so new default dataset attributes created and registered.
I0914 23:34:02.636790 14046 MetadataMediator.cpp:47] MetadataMediator::createDataset : Dataset default successfully created.
I0914 23:34:02.639335 14046 AttributesManagerBase.h:283] AttributesManager<T>::createFromJsonOrDefaultInternal  (Physics Manager) : Proposing JSON name : ./data/default.physics_config.json from original name : ./data/default.physics_config.json | This file  does not exist.
I0914 23:34:02.639357 14046 PhysicsAttributesManager.cpp:27] File (./data/default.physics_config.json) not found, so new default physics manager attributes created and registered.
I0914 23:34:02.639360 14046 AbstractObjectAttributesManagerBase.h:175] AbstractObjectAttributesManager<T>::createObject  (Stage) : Making attributes with handle : data/scene_datasets/mp3d/zsNo4HB9uLZ/zsNo4HB9uLZ.glb
I0914 23:34:02.639364 14046 ManagedContainerBase.cpp:19] ManagedContainerBase::convertFilenameToJSON : Filename : data/scene_datasets/mp3d/zsNo4HB9uLZ/zsNo4HB9uLZ.glb changed to proposed JSON configuration filename : data/scene_datasets/mp3d/zsNo4HB9uLZ/zsNo4HB9uLZ.stage_config.json
I0914 23:34:02.639369 14046 AttributesManagerBase.h:283] AttributesManager<T>::createFromJsonOrDefaultInternal  (Stage) : Proposing JSON name : data/scene_datasets/mp3d/zsNo4HB9uLZ/zsNo4HB9uLZ.stage_config.json from original name : data/scene_datasets/mp3d/zsNo4HB9uLZ/zsNo4HB9uLZ.glb | This file  does not exist.
I0914 23:34:02.639405 14046 AbstractObjectAttributesManagerBase.h:181] AbstractObjectAttributesManager<T>::createObject  (Stage) : Done making attributes with handle : data/scene_datasets/mp3d/zsNo4HB9uLZ/zsNo4HB9uLZ.glb
I0914 23:34:02.639405 14046 AbstractObjectAttributesManagerBase.h:188] File (data/scene_datasets/mp3d/zsNo4HB9uLZ/zsNo4HB9uLZ.glb) exists but is not a recognized config filename extension, so new default Stage attributes created and registered.
I0914 23:34:02.639410 14046 Simulator.cpp:156] Loading navmesh from data/scene_datasets/mp3d/zsNo4HB9uLZ/zsNo4HB9uLZ.navmesh
I0914 23:34:02.639467 14046 Simulator.cpp:158] Loaded.
I0914 23:34:02.639472 14046 SceneGraph.h:93] Created DrawableGroup: 
Renderer: NVIDIA T1000 8GB/PCIe/SSE2 by NVIDIA Corporation
OpenGL version: 4.6.0 NVIDIA 590.48.01
Using optional features:
    GL_ARB_ES2_compatibility
    GL_ARB_direct_state_access
    GL_ARB_get_texture_sub_image
    GL_ARB_invalidate_subdata
    GL_ARB_multi_bind
    GL_ARB_robustness
    GL_ARB_separate_shader_objects
    GL_ARB_texture_filter_anisotropic
    GL_ARB_texture_storage
    GL_ARB_texture_storage_multisample
    GL_ARB_vertex_array_object
    GL_KHR_debug
Using driver workarounds:
    no-forward-compatible-core-context
    nv-egl-incorrect-gl11-function-pointers
    no-layout-qualifiers-on-old-glsl
    nv-zero-context-profile-mask
    nv-implementation-color-read-format-dsa-broken
    nv-cubemap-inconsistent-compressed-image-size
    nv-cubemap-broken-full-compressed-image-query
    nv-compressed-block-size-in-bits
I0914 23:34:02.739773 14046 ResourceManager.cpp:234] ResourceManager::loadStage : Not loading semantic mesh
I0914 23:34:02.739779 14046 ResourceManager.cpp:262] ResourceManager::loadStage : start load render asset data/scene_datasets/mp3d/zsNo4HB9uLZ/zsNo4HB9uLZ.glb.
I0914 23:34:02.739781 14046 ResourceManager.cpp:569] ResourceManager::loadStageInternal : Attempting to load stage data/scene_datasets/mp3d/zsNo4HB9uLZ/zsNo4HB9uLZ.glb 
I0914 23:34:02.739791 14046 ResourceManager.cpp:1119] Importing Basis files as BC7 for zsNo4HB9uLZ.glb
W0914 23:34:03.601964 14046 Simulator.cpp:248] :
---
 The active scene does not contain semantic annotations. 
---
I0914 23:34:03.641289 14046 simulator.py:213] Loaded navmesh data/scene_datasets/mp3d/zsNo4HB9uLZ/zsNo4HB9uLZ.navmesh
2026-09-14 23:34:03,646 Initializing task VLN-v0
You are using a model of type bert to instantiate a model of type . This is not supported for all configurations of models and can yield errors.
Some weights of the model checkpoint at None were not used when initializing GlocalTextPathNavCMT: ['bert.global_encoder.encoder.x_layers.1.lang_self_att.self.value.bias', 'bert.global_encoder.encoder.x_layers.0.lang_output.dense.bias', 'bert.global_encoder.encoder.x_layers.1.lang_self_att.output.LayerNorm.weight', 'bert.global_encoder.encoder.x_layers.3.lang_self_att.output.LayerNorm.weight', 'bert.global_encoder.encoder.x_layers.1.lang_self_att.self.key.bias', 'bert.global_encoder.encoder.x_layers.2.lang_self_att.output.LayerNorm.bias', 'bert.global_encoder.encoder.x_layers.0.lang_output.LayerNorm.bias', 'bert.global_encoder.encoder.x_layers.3.lang_self_att.output.dense.bias', 'bert.global_encoder.encoder.x_layers.0.lang_self_att.output.dense.bias', 'bert.global_encoder.encoder.x_layers.3.lang_output.dense.weight', 'mlm_head.predictions.decoder.weight', 'bert.global_encoder.encoder.x_layers.3.lang_output.LayerNorm.weight', 'bert.global_encoder.encoder.x_layers.1.lang_self_att.self.query.weight', 'bert.global_encoder.encoder.x_layers.2.lang_self_att.self.query.bias', 'bert.global_encoder.encoder.x_layers.0.lang_output.LayerNorm.weight', 'bert.global_encoder.encoder.x_layers.3.lang_self_att.self.query.bias', 'bert.global_encoder.encoder.x_layers.2.lang_self_att.output.dense.bias', 'bert.global_encoder.encoder.x_layers.2.lang_self_att.self.query.weight', 'bert.global_encoder.encoder.x_layers.0.lang_self_att.output.dense.weight', 'bert.global_encoder.encoder.x_layers.0.lang_self_att.output.LayerNorm.bias', 'bert.global_encoder.encoder.x_layers.2.lang_self_att.self.value.bias', 'bert.global_encoder.encoder.x_layers.2.lang_self_att.output.dense.weight', 'bert.global_encoder.encoder.x_layers.3.lang_output.dense.bias', 'bert.global_encoder.encoder.x_layers.1.lang_output.dense.weight', 'bert.global_encoder.encoder.x_layers.0.lang_self_att.output.LayerNorm.weight', 'bert.global_encoder.encoder.x_layers.3.lang_self_att.self.value.weight', 'bert.global_encoder.encoder.x_layers.3.lang_self_att.self.value.bias', 'bert.global_encoder.encoder.x_layers.1.lang_self_att.self.value.weight', 'bert.global_encoder.encoder.x_layers.1.lang_self_att.output.LayerNorm.bias', 'bert.global_encoder.encoder.x_layers.2.lang_inter.dense.bias', 'bert.global_encoder.encoder.x_layers.3.lang_inter.dense.bias', 'bert.global_encoder.encoder.x_layers.0.lang_output.dense.weight', 'bert.global_encoder.encoder.x_layers.1.lang_self_att.output.dense.weight', 'bert.global_encoder.encoder.x_layers.3.lang_self_att.self.key.bias', 'mlm_head.predictions.transform.LayerNorm.weight', 'bert.global_encoder.encoder.x_layers.0.lang_self_att.self.query.bias', 'bert.global_encoder.encoder.x_layers.3.lang_self_att.output.LayerNorm.bias', 'bert.global_encoder.encoder.x_layers.2.lang_inter.dense.weight', 'bert.global_encoder.encoder.x_layers.0.lang_inter.dense.weight', 'bert.global_encoder.encoder.x_layers.3.lang_self_att.output.dense.weight', 'bert.global_encoder.encoder.x_layers.0.lang_self_att.self.key.weight', 'mlm_head.predictions.bias', 'bert.global_encoder.encoder.x_layers.2.lang_output.dense.bias', 'bert.global_encoder.encoder.x_layers.2.lang_output.dense.weight', 'bert.global_encoder.encoder.x_layers.2.lang_self_att.self.value.weight', 'bert.global_encoder.encoder.x_layers.1.lang_inter.dense.weight', 'bert.global_encoder.encoder.x_layers.2.lang_self_att.self.key.weight', 'bert.global_encoder.encoder.x_layers.0.lang_self_att.self.key.bias', 'bert.global_encoder.encoder.x_layers.0.lang_self_att.self.query.weight', 'bert.global_encoder.encoder.x_layers.1.lang_self_att.self.key.weight', 'bert.global_encoder.encoder.x_layers.3.lang_self_att.self.key.weight', 'bert.global_encoder.encoder.x_layers.1.lang_inter.dense.bias', 'bert.global_encoder.encoder.x_layers.1.lang_output.LayerNorm.weight', 'bert.global_encoder.encoder.x_layers.0.lang_self_att.self.value.weight', 'mlm_head.predictions.transform.LayerNorm.bias', 'bert.global_encoder.encoder.x_layers.3.lang_output.LayerNorm.bias', 'bert.global_encoder.encoder.x_layers.2.lang_output.LayerNorm.bias', 'bert.global_encoder.encoder.x_layers.1.lang_output.LayerNorm.bias', 'bert.global_encoder.encoder.x_layers.0.lang_inter.dense.bias', 'mlm_head.predictions.transform.dense.bias', 'bert.global_encoder.encoder.x_layers.3.lang_self_att.self.query.weight', 'bert.global_encoder.encoder.x_layers.1.lang_self_att.self.query.bias', 'bert.global_encoder.encoder.x_layers.0.lang_self_att.self.value.bias', 'bert.global_encoder.encoder.x_layers.2.lang_self_att.output.LayerNorm.weight', 'bert.global_encoder.encoder.x_layers.2.lang_self_att.self.key.bias', 'bert.global_encoder.encoder.x_layers.1.lang_self_att.output.dense.bias', 'bert.global_encoder.encoder.x_layers.3.lang_inter.dense.weight', 'bert.global_encoder.encoder.x_layers.2.lang_output.LayerNorm.weight', 'mlm_head.predictions.transform.dense.weight', 'bert.global_encoder.encoder.x_layers.1.lang_output.dense.bias']
- This IS expected if you are initializing GlocalTextPathNavCMT from the checkpoint of a model trained on another task or with another architecture (e.g. initializing a BertForSequenceClassification model from a BertForPreTraining model).
- This IS NOT expected if you are initializing GlocalTextPathNavCMT from the checkpoint of a model that you expect to be exactly identical (initializing a BertForSequenceClassification model from a BertForSequenceClassification model).
2026-09-14 23:34:09,055 Loaded weights from checkpoint: data/logs/checkpoints/release_r2r/ckpt.iter12000.pth, iteration: 12000
2026-09-14 23:34:09,059 Agent parameters: 299.14 MB. Trainable: 140.79 MB.
2026-09-14 23:34:09,059 Finished setting up policy.
local rank: 0 | dataset length: 1

Initalizing the ETP model ...
  0%|          | 0/1 [00:00<?, ?it/s]2026-09-14 23:34:15,057 Video created: data/logs/video/spatial_zsNo4HB9uLZ_8/zsNo4HB9uLZ-8-SPL0.00.mp4
  0%|          | 0/41 [00:00<?, ?it/s]IMAGEIO FFMPEG_WRITER WARNING: input image is not divisible by macro_block_size=16, resizing from (825, 256) to (832, 256) to ensure video compatibility with most codecs and players. To prevent resizing, make your input image divisible by the macro_block_size or set the macro_block_size to 1 (risking incompatibility).
[swscaler @ 0x5f918b6a1f00] Warning: data is not aligned! This can lead to a speed loss
100%|██████████| 41/41 [00:00<00:00, 657.47it/s]100%|██████████| 1/1 [00:06<00:00,  6.17s/it]I0914 23:34:15.241815 14046 PhysicsManager.cpp:33] Deconstructing PhysicsManager
I0914 23:34:15.241839 14046 SemanticScene.h:41] Deconstructing SemanticScene
I0914 23:34:15.243539 14046 SceneManager.h:25] Deconstructing SceneManager
I0914 23:34:15.243549 14046 SceneGraph.h:26] Deconstructing SceneGraph
I0914 23:34:15.243831 14046 Sensor.h:87] Deconstructing Sensor
I0914 23:34:15.244006 14046 Sensor.h:87] Deconstructing Sensor
I0914 23:34:15.244099 14046 Sensor.h:87] Deconstructing Sensor
I0914 23:34:15.244199 14046 Sensor.h:87] Deconstructing Sensor
I0914 23:34:15.244287 14046 Sensor.h:87] Deconstructing Sensor
I0914 23:34:15.244380 14046 Sensor.h:87] Deconstructing Sensor
I0914 23:34:15.244469 14046 Sensor.h:87] Deconstructing Sensor
I0914 23:34:15.244558 14046 Sensor.h:87] Deconstructing Sensor
I0914 23:34:15.244647 14046 Sensor.h:87] Deconstructing Sensor
I0914 23:34:15.244735 14046 Sensor.h:87] Deconstructing Sensor
I0914 23:34:15.244822 14046 Sensor.h:87] Deconstructing Sensor
I0914 23:34:15.244908 14046 Sensor.h:87] Deconstructing Sensor
I0914 23:34:15.245002 14046 Sensor.h:87] Deconstructing Sensor
I0914 23:34:15.245119 14046 Sensor.h:87] Deconstructing Sensor
I0914 23:34:15.245236 14046 Sensor.h:87] Deconstructing Sensor
I0914 23:34:15.245347 14046 Sensor.h:87] Deconstructing Sensor
I0914 23:34:15.245456 14046 Sensor.h:87] Deconstructing Sensor
I0914 23:34:15.245573 14046 Sensor.h:87] Deconstructing Sensor
I0914 23:34:15.245690 14046 Sensor.h:87] Deconstructing Sensor
I0914 23:34:15.245793 14046 Sensor.h:87] Deconstructing Sensor
I0914 23:34:15.245898 14046 Sensor.h:87] Deconstructing Sensor
I0914 23:34:15.246004 14046 Sensor.h:87] Deconstructing Sensor
I0914 23:34:15.246109 14046 Sensor.h:87] Deconstructing Sensor
I0914 23:34:15.246220 14046 Sensor.h:87] Deconstructing Sensor
I0914 23:34:15.246309 14046 Sensor.h:87] Deconstructing Sensor
I0914 23:34:15.246392 14046 Sensor.h:87] Deconstructing Sensor
I0914 23:34:15.246476 14046 Sensor.h:87] Deconstructing Sensor
I0914 23:34:15.246557 14046 Sensor.h:87] Deconstructing Sensor
I0914 23:34:15.246636 14046 Sensor.h:87] Deconstructing Sensor
I0914 23:34:15.246642 14046 Sensor.h:87] Deconstructing Sensor
I0914 23:34:15.248683 14046 Renderer.cpp:34] Deconstructing Renderer
I0914 23:34:15.248693 14046 WindowlessContext.h:17] Deconstructing WindowlessContext
I0914 23:34:15.255437 14046 Simulator.cpp:49] Deconstructing Simulator

2026-09-14 23:34:15,256 Episodes evaluated: 1
2026-09-14 23:34:15,256 Average episode steps_taken: 40.000000
2026-09-14 23:34:15,256 Average episode distance_to_goal: 6.038079
2026-09-14 23:34:15,256 Average episode success: 0.000000
2026-09-14 23:34:15,256 Average episode oracle_success: 0.000000
2026-09-14 23:34:15,256 Average episode path_length: 7.994915
2026-09-14 23:34:15,257 Average episode collisions: 0.090909
2026-09-14 23:34:15,257 Average episode spl: 0.000000
2026-09-14 23:34:15,257 Average episode ndtw: 0.000016
2026-09-14 23:34:15,257 Average episode sdtw: 0.000000
2026-09-14 23:34:15,257 Average episode ghost_cnt: 19.000000
100%|██████████| 1/1 [00:06<00:00,  6.19s/it]
2026-09-14 23:34:17,795 checkpoint_path: data/logs/checkpoints/release_r2r/ckpt.iter12000.pth
2026-09-14 23:34:17,795 Initializing dataset VLN-CE-v1
2026-09-14 23:34:17,816 SPLTI: custom, NUMBER OF SCENES: 1
2026-09-14 23:34:19,430 Initializing dataset VLN-CE-v1
2026-09-14 23:34:19,450 initializing sim Sim-v1
WARNING: Logging before InitGoogleLogging() is written to STDERR
I0914 23:34:19.456328 14284 ManagedContainerBase.cpp:19] ManagedContainerBase::convertFilenameToJSON : Filename : default changed to proposed JSON configuration filename : default.scene_dataset_config.json
I0914 23:34:19.456357 14284 AttributesManagerBase.h:283] AttributesManager<T>::createFromJsonOrDefaultInternal  (Dataset) : Proposing JSON name : default.scene_dataset_config.json from original name : default | This file  does not exist.
I0914 23:34:19.456400 14284 AssetAttributesManager.cpp:117] Asset attributes (capsule3DSolid : capsule3DSolid_hemiRings_4_cylRings_1_segments_12_halfLen_0.75_useTexCoords_false_useTangents_false) created and registered.
I0914 23:34:19.456421 14284 AssetAttributesManager.cpp:117] Asset attributes (capsule3DWireframe : capsule3DWireframe_hemiRings_8_cylRings_1_segments_16_halfLen_1) created and registered.
I0914 23:34:19.456436 14284 AssetAttributesManager.cpp:117] Asset attributes (coneSolid : coneSolid_segments_12_halfLen_1.25_rings_1_useTexCoords_false_useTangents_false_capEnd_true) created and registered.
I0914 23:34:19.456446 14284 AssetAttributesManager.cpp:117] Asset attributes (coneWireframe : coneWireframe_segments_32_halfLen_1.25) created and registered.
I0914 23:34:19.456451 14284 AssetAttributesManager.cpp:117] Asset attributes (cubeSolid : cubeSolid) created and registered.
I0914 23:34:19.456455 14284 AssetAttributesManager.cpp:117] Asset attributes (cubeWireframe : cubeWireframe) created and registered.
I0914 23:34:19.456472 14284 AssetAttributesManager.cpp:117] Asset attributes (cylinderSolid : cylinderSolid_rings_1_segments_12_halfLen_1_useTexCoords_false_useTangents_false_capEnds_true) created and registered.
I0914 23:34:19.456482 14284 AssetAttributesManager.cpp:117] Asset attributes (cylinderWireframe : cylinderWireframe_rings_1_segments_32_halfLen_1) created and registered.
I0914 23:34:19.456488 14284 AssetAttributesManager.cpp:117] Asset attributes (icosphereSolid : icosphereSolid_subdivs_1) created and registered.
I0914 23:34:19.456493 14284 AssetAttributesManager.cpp:117] Asset attributes (icosphereWireframe : icosphereWireframe_subdivs_1) created and registered.
I0914 23:34:19.456501 14284 AssetAttributesManager.cpp:117] Asset attributes (uvSphereSolid : uvSphereSolid_rings_8_segments_16_useTexCoords_false_useTangents_false) created and registered.
I0914 23:34:19.456508 14284 AssetAttributesManager.cpp:117] Asset attributes (uvSphereWireframe : uvSphereWireframe_rings_16_segments_32) created and registered.
I0914 23:34:19.456511 14284 AssetAttributesManager.cpp:105] AssetAttributesManager::buildCtorFuncPtrMaps : Built default primitive asset templates : 12
I0914 23:34:19.456766 14284 SceneDatasetAttributesManager.cpp:23] File (default) not found, so new default dataset attributes created and registered.
I0914 23:34:19.456768 14284 MetadataMediator.cpp:47] MetadataMediator::createDataset : Dataset default successfully created.
I0914 23:34:19.458743 14284 AttributesManagerBase.h:283] AttributesManager<T>::createFromJsonOrDefaultInternal  (Physics Manager) : Proposing JSON name : ./data/default.physics_config.json from original name : ./data/default.physics_config.json | This file  does not exist.
I0914 23:34:19.458755 14284 PhysicsAttributesManager.cpp:27] File (./data/default.physics_config.json) not found, so new default physics manager attributes created and registered.
I0914 23:34:19.458757 14284 AbstractObjectAttributesManagerBase.h:175] AbstractObjectAttributesManager<T>::createObject  (Stage) : Making attributes with handle : data/scene_datasets/mp3d/zsNo4HB9uLZ/zsNo4HB9uLZ.glb
I0914 23:34:19.458760 14284 ManagedContainerBase.cpp:19] ManagedContainerBase::convertFilenameToJSON : Filename : data/scene_datasets/mp3d/zsNo4HB9uLZ/zsNo4HB9uLZ.glb changed to proposed JSON configuration filename : data/scene_datasets/mp3d/zsNo4HB9uLZ/zsNo4HB9uLZ.stage_config.json
I0914 23:34:19.458765 14284 AttributesManagerBase.h:283] AttributesManager<T>::createFromJsonOrDefaultInternal  (Stage) : Proposing JSON name : data/scene_datasets/mp3d/zsNo4HB9uLZ/zsNo4HB9uLZ.stage_config.json from original name : data/scene_datasets/mp3d/zsNo4HB9uLZ/zsNo4HB9uLZ.glb | This file  does not exist.
I0914 23:34:19.458794 14284 AbstractObjectAttributesManagerBase.h:181] AbstractObjectAttributesManager<T>::createObject  (Stage) : Done making attributes with handle : data/scene_datasets/mp3d/zsNo4HB9uLZ/zsNo4HB9uLZ.glb
I0914 23:34:19.458796 14284 AbstractObjectAttributesManagerBase.h:188] File (data/scene_datasets/mp3d/zsNo4HB9uLZ/zsNo4HB9uLZ.glb) exists but is not a recognized config filename extension, so new default Stage attributes created and registered.
I0914 23:34:19.458801 14284 Simulator.cpp:156] Loading navmesh from data/scene_datasets/mp3d/zsNo4HB9uLZ/zsNo4HB9uLZ.navmesh
I0914 23:34:19.458854 14284 Simulator.cpp:158] Loaded.
I0914 23:34:19.458861 14284 SceneGraph.h:93] Created DrawableGroup: 
Renderer: NVIDIA T1000 8GB/PCIe/SSE2 by NVIDIA Corporation
OpenGL version: 4.6.0 NVIDIA 590.48.01
Using optional features:
    GL_ARB_ES2_compatibility
    GL_ARB_direct_state_access
    GL_ARB_get_texture_sub_image
    GL_ARB_invalidate_subdata
    GL_ARB_multi_bind
    GL_ARB_robustness
    GL_ARB_separate_shader_objects
    GL_ARB_texture_filter_anisotropic
    GL_ARB_texture_storage
    GL_ARB_texture_storage_multisample
    GL_ARB_vertex_array_object
    GL_KHR_debug
Using driver workarounds:
    no-forward-compatible-core-context
    nv-egl-incorrect-gl11-function-pointers
    no-layout-qualifiers-on-old-glsl
    nv-zero-context-profile-mask
    nv-implementation-color-read-format-dsa-broken
    nv-cubemap-inconsistent-compressed-image-size
    nv-cubemap-broken-full-compressed-image-query
    nv-compressed-block-size-in-bits
I0914 23:34:19.557329 14284 ResourceManager.cpp:234] ResourceManager::loadStage : Not loading semantic mesh
I0914 23:34:19.557339 14284 ResourceManager.cpp:262] ResourceManager::loadStage : start load render asset data/scene_datasets/mp3d/zsNo4HB9uLZ/zsNo4HB9uLZ.glb.
I0914 23:34:19.557340 14284 ResourceManager.cpp:569] ResourceManager::loadStageInternal : Attempting to load stage data/scene_datasets/mp3d/zsNo4HB9uLZ/zsNo4HB9uLZ.glb 
I0914 23:34:19.557353 14284 ResourceManager.cpp:1119] Importing Basis files as BC7 for zsNo4HB9uLZ.glb
W0914 23:34:20.416900 14284 Simulator.cpp:248] :
---
 The active scene does not contain semantic annotations. 
---
I0914 23:34:20.456516 14284 simulator.py:213] Loaded navmesh data/scene_datasets/mp3d/zsNo4HB9uLZ/zsNo4HB9uLZ.navmesh
2026-09-14 23:34:20,461 Initializing task VLN-v0
You are using a model of type bert to instantiate a model of type . This is not supported for all configurations of models and can yield errors.
Some weights of the model checkpoint at None were not used when initializing GlocalTextPathNavCMT: ['bert.global_encoder.encoder.x_layers.3.lang_self_att.output.LayerNorm.bias', 'bert.global_encoder.encoder.x_layers.1.lang_self_att.self.value.bias', 'bert.global_encoder.encoder.x_layers.2.lang_output.dense.weight', 'bert.global_encoder.encoder.x_layers.2.lang_inter.dense.bias', 'bert.global_encoder.encoder.x_layers.3.lang_output.LayerNorm.weight', 'bert.global_encoder.encoder.x_layers.3.lang_self_att.self.query.bias', 'bert.global_encoder.encoder.x_layers.1.lang_inter.dense.weight', 'bert.global_encoder.encoder.x_layers.0.lang_output.LayerNorm.weight', 'bert.global_encoder.encoder.x_layers.2.lang_self_att.output.dense.bias', 'bert.global_encoder.encoder.x_layers.1.lang_self_att.self.key.weight', 'bert.global_encoder.encoder.x_layers.2.lang_self_att.self.value.bias', 'bert.global_encoder.encoder.x_layers.0.lang_self_att.self.key.bias', 'bert.global_encoder.encoder.x_layers.2.lang_self_att.self.key.bias', 'bert.global_encoder.encoder.x_layers.0.lang_self_att.self.query.weight', 'bert.global_encoder.encoder.x_layers.1.lang_self_att.self.value.weight', 'bert.global_encoder.encoder.x_layers.3.lang_self_att.output.LayerNorm.weight', 'bert.global_encoder.encoder.x_layers.3.lang_output.dense.bias', 'bert.global_encoder.encoder.x_layers.0.lang_inter.dense.weight', 'bert.global_encoder.encoder.x_layers.2.lang_inter.dense.weight', 'mlm_head.predictions.transform.LayerNorm.bias', 'bert.global_encoder.encoder.x_layers.0.lang_output.dense.bias', 'bert.global_encoder.encoder.x_layers.2.lang_self_att.output.LayerNorm.weight', 'bert.global_encoder.encoder.x_layers.2.lang_self_att.output.LayerNorm.bias', 'bert.global_encoder.encoder.x_layers.3.lang_inter.dense.weight', 'bert.global_encoder.encoder.x_layers.3.lang_self_att.output.dense.weight', 'bert.global_encoder.encoder.x_layers.2.lang_self_att.self.value.weight', 'bert.global_encoder.encoder.x_layers.1.lang_output.LayerNorm.bias', 'bert.global_encoder.encoder.x_layers.0.lang_self_att.output.LayerNorm.bias', 'bert.global_encoder.encoder.x_layers.2.lang_self_att.output.dense.weight', 'bert.global_encoder.encoder.x_layers.0.lang_self_att.self.value.bias', 'bert.global_encoder.encoder.x_layers.3.lang_self_att.self.key.weight', 'bert.global_encoder.encoder.x_layers.2.lang_output.LayerNorm.weight', 'bert.global_encoder.encoder.x_layers.0.lang_self_att.self.key.weight', 'bert.global_encoder.encoder.x_layers.3.lang_self_att.self.value.weight', 'bert.global_encoder.encoder.x_layers.1.lang_self_att.output.LayerNorm.weight', 'mlm_head.predictions.transform.dense.bias', 'bert.global_encoder.encoder.x_layers.1.lang_inter.dense.bias', 'bert.global_encoder.encoder.x_layers.1.lang_self_att.self.query.bias', 'bert.global_encoder.encoder.x_layers.2.lang_self_att.self.query.bias', 'bert.global_encoder.encoder.x_layers.3.lang_self_att.self.key.bias', 'bert.global_encoder.encoder.x_layers.0.lang_self_att.output.dense.weight', 'bert.global_encoder.encoder.x_layers.0.lang_self_att.output.LayerNorm.weight', 'bert.global_encoder.encoder.x_layers.1.lang_self_att.self.key.bias', 'bert.global_encoder.encoder.x_layers.3.lang_output.LayerNorm.bias', 'bert.global_encoder.encoder.x_layers.1.lang_self_att.output.dense.weight', 'bert.global_encoder.encoder.x_layers.3.lang_output.dense.weight', 'bert.global_encoder.encoder.x_layers.3.lang_self_att.output.dense.bias', 'bert.global_encoder.encoder.x_layers.1.lang_self_att.self.query.weight', 'bert.global_encoder.encoder.x_layers.0.lang_self_att.self.value.weight', 'bert.global_encoder.encoder.x_layers.2.lang_self_att.self.query.weight', 'mlm_head.predictions.bias', 'bert.global_encoder.encoder.x_layers.1.lang_self_att.output.LayerNorm.bias', 'mlm_head.predictions.decoder.weight', 'bert.global_encoder.encoder.x_layers.0.lang_self_att.output.dense.bias', 'bert.global_encoder.encoder.x_layers.0.lang_output.LayerNorm.bias', 'bert.global_encoder.encoder.x_layers.1.lang_output.dense.weight', 'bert.global_encoder.encoder.x_layers.1.lang_output.LayerNorm.weight', 'bert.global_encoder.encoder.x_layers.3.lang_self_att.self.value.bias', 'mlm_head.predictions.transform.dense.weight', 'bert.global_encoder.encoder.x_layers.2.lang_self_att.self.key.weight', 'mlm_head.predictions.transform.LayerNorm.weight', 'bert.global_encoder.encoder.x_layers.1.lang_self_att.output.dense.bias', 'bert.global_encoder.encoder.x_layers.3.lang_self_att.self.query.weight', 'bert.global_encoder.encoder.x_layers.2.lang_output.LayerNorm.bias', 'bert.global_encoder.encoder.x_layers.0.lang_output.dense.weight', 'bert.global_encoder.encoder.x_layers.2.lang_output.dense.bias', 'bert.global_encoder.encoder.x_layers.3.lang_inter.dense.bias', 'bert.global_encoder.encoder.x_layers.0.lang_self_att.self.query.bias', 'bert.global_encoder.encoder.x_layers.0.lang_inter.dense.bias', 'bert.global_encoder.encoder.x_layers.1.lang_output.dense.bias']
- This IS expected if you are initializing GlocalTextPathNavCMT from the checkpoint of a model trained on another task or with another architecture (e.g. initializing a BertForSequenceClassification model from a BertForPreTraining model).
- This IS NOT expected if you are initializing GlocalTextPathNavCMT from the checkpoint of a model that you expect to be exactly identical (initializing a BertForSequenceClassification model from a BertForSequenceClassification model).
2026-09-14 23:34:26,123 Loaded weights from checkpoint: data/logs/checkpoints/release_r2r/ckpt.iter12000.pth, iteration: 12000
2026-09-14 23:34:26,125 Agent parameters: 299.14 MB. Trainable: 140.79 MB.
2026-09-14 23:34:26,125 Finished setting up policy.
local rank: 0 | dataset length: 1

Initalizing the ETP model ...
  0%|          | 0/1 [00:00<?, ?it/s]2026-09-14 23:34:30,238 Video created: data/logs/video/spatial_zsNo4HB9uLZ_9/zsNo4HB9uLZ-9-SPL0.83.mp4
  0%|          | 0/26 [00:00<?, ?it/s]IMAGEIO FFMPEG_WRITER WARNING: input image is not divisible by macro_block_size=16, resizing from (825, 256) to (832, 256) to ensure video compatibility with most codecs and players. To prevent resizing, make your input image divisible by the macro_block_size or set the macro_block_size to 1 (risking incompatibility).
[swscaler @ 0x567051120f00] Warning: data is not aligned! This can lead to a speed loss
100%|██████████| 26/26 [00:00<00:00, 492.54it/s]100%|██████████| 1/1 [00:04<00:00,  4.24s/it]I0914 23:34:30.378547 14284 PhysicsManager.cpp:33] Deconstructing PhysicsManager
I0914 23:34:30.378571 14284 SemanticScene.h:41] Deconstructing SemanticScene
I0914 23:34:30.380138 14284 SceneManager.h:25] Deconstructing SceneManager
I0914 23:34:30.380155 14284 SceneGraph.h:26] Deconstructing SceneGraph
I0914 23:34:30.380420 14284 Sensor.h:87] Deconstructing Sensor
I0914 23:34:30.380582 14284 Sensor.h:87] Deconstructing Sensor
I0914 23:34:30.380677 14284 Sensor.h:87] Deconstructing Sensor
I0914 23:34:30.380761 14284 Sensor.h:87] Deconstructing Sensor
I0914 23:34:30.380848 14284 Sensor.h:87] Deconstructing Sensor
I0914 23:34:30.380939 14284 Sensor.h:87] Deconstructing Sensor
I0914 23:34:30.381031 14284 Sensor.h:87] Deconstructing Sensor
I0914 23:34:30.381121 14284 Sensor.h:87] Deconstructing Sensor
I0914 23:34:30.381214 14284 Sensor.h:87] Deconstructing Sensor
I0914 23:34:30.381304 14284 Sensor.h:87] Deconstructing Sensor
I0914 23:34:30.381389 14284 Sensor.h:87] Deconstructing Sensor
I0914 23:34:30.381474 14284 Sensor.h:87] Deconstructing Sensor
I0914 23:34:30.381557 14284 Sensor.h:87] Deconstructing Sensor
I0914 23:34:30.381668 14284 Sensor.h:87] Deconstructing Sensor
I0914 23:34:30.381774 14284 Sensor.h:87] Deconstructing Sensor
I0914 23:34:30.381881 14284 Sensor.h:87] Deconstructing Sensor
I0914 23:34:30.381994 14284 Sensor.h:87] Deconstructing Sensor
I0914 23:34:30.382107 14284 Sensor.h:87] Deconstructing Sensor
I0914 23:34:30.382225 14284 Sensor.h:87] Deconstructing Sensor
I0914 23:34:30.382330 14284 Sensor.h:87] Deconstructing Sensor
I0914 23:34:30.382452 14284 Sensor.h:87] Deconstructing Sensor
I0914 23:34:30.382586 14284 Sensor.h:87] Deconstructing Sensor
I0914 23:34:30.382700 14284 Sensor.h:87] Deconstructing Sensor
I0914 23:34:30.382817 14284 Sensor.h:87] Deconstructing Sensor
I0914 23:34:30.382915 14284 Sensor.h:87] Deconstructing Sensor
I0914 23:34:30.383020 14284 Sensor.h:87] Deconstructing Sensor
I0914 23:34:30.383128 14284 Sensor.h:87] Deconstructing Sensor
I0914 23:34:30.383231 14284 Sensor.h:87] Deconstructing Sensor
I0914 23:34:30.383353 14284 Sensor.h:87] Deconstructing Sensor
I0914 23:34:30.383365 14284 Sensor.h:87] Deconstructing Sensor
I0914 23:34:30.385933 14284 Renderer.cpp:34] Deconstructing Renderer
I0914 23:34:30.385949 14284 WindowlessContext.h:17] Deconstructing WindowlessContext
I0914 23:34:30.391913 14284 Simulator.cpp:49] Deconstructing Simulator

2026-09-14 23:34:30,393 Episodes evaluated: 1
2026-09-14 23:34:30,393 Average episode steps_taken: 25.000000
2026-09-14 23:34:30,393 Average episode distance_to_goal: 1.020330
2026-09-14 23:34:30,393 Average episode success: 1.000000
2026-09-14 23:34:30,393 Average episode oracle_success: 1.000000
2026-09-14 23:34:30,393 Average episode path_length: 4.999998
2026-09-14 23:34:30,393 Average episode collisions: 0.000000
2026-09-14 23:34:30,393 Average episode spl: 0.830589
2026-09-14 23:34:30,393 Average episode ndtw: 0.027943
2026-09-14 23:34:30,393 Average episode sdtw: 0.027943
2026-09-14 23:34:30,394 Average episode ghost_cnt: 14.000000
100%|██████████| 1/1 [00:04<00:00,  4.26s/it]
2026-09-14 23:34:33,141 checkpoint_path: data/logs/checkpoints/release_r2r/ckpt.iter12000.pth
2026-09-14 23:34:33,142 Initializing dataset VLN-CE-v1
2026-09-14 23:34:33,163 SPLTI: custom, NUMBER OF SCENES: 1
2026-09-14 23:34:34,628 Initializing dataset VLN-CE-v1
2026-09-14 23:34:34,649 initializing sim Sim-v1
WARNING: Logging before InitGoogleLogging() is written to STDERR
I0914 23:34:34.655016 14555 ManagedContainerBase.cpp:19] ManagedContainerBase::convertFilenameToJSON : Filename : default changed to proposed JSON configuration filename : default.scene_dataset_config.json
I0914 23:34:34.655056 14555 AttributesManagerBase.h:283] AttributesManager<T>::createFromJsonOrDefaultInternal  (Dataset) : Proposing JSON name : default.scene_dataset_config.json from original name : default | This file  does not exist.
I0914 23:34:34.655131 14555 AssetAttributesManager.cpp:117] Asset attributes (capsule3DSolid : capsule3DSolid_hemiRings_4_cylRings_1_segments_12_halfLen_0.75_useTexCoords_false_useTangents_false) created and registered.
I0914 23:34:34.655170 14555 AssetAttributesManager.cpp:117] Asset attributes (capsule3DWireframe : capsule3DWireframe_hemiRings_8_cylRings_1_segments_16_halfLen_1) created and registered.
I0914 23:34:34.655191 14555 AssetAttributesManager.cpp:117] Asset attributes (coneSolid : coneSolid_segments_12_halfLen_1.25_rings_1_useTexCoords_false_useTangents_false_capEnd_true) created and registered.
I0914 23:34:34.655202 14555 AssetAttributesManager.cpp:117] Asset attributes (coneWireframe : coneWireframe_segments_32_halfLen_1.25) created and registered.
I0914 23:34:34.655207 14555 AssetAttributesManager.cpp:117] Asset attributes (cubeSolid : cubeSolid) created and registered.
I0914 23:34:34.655212 14555 AssetAttributesManager.cpp:117] Asset attributes (cubeWireframe : cubeWireframe) created and registered.
I0914 23:34:34.655225 14555 AssetAttributesManager.cpp:117] Asset attributes (cylinderSolid : cylinderSolid_rings_1_segments_12_halfLen_1_useTexCoords_false_useTangents_false_capEnds_true) created and registered.
I0914 23:34:34.655236 14555 AssetAttributesManager.cpp:117] Asset attributes (cylinderWireframe : cylinderWireframe_rings_1_segments_32_halfLen_1) created and registered.
I0914 23:34:34.655242 14555 AssetAttributesManager.cpp:117] Asset attributes (icosphereSolid : icosphereSolid_subdivs_1) created and registered.
I0914 23:34:34.655247 14555 AssetAttributesManager.cpp:117] Asset attributes (icosphereWireframe : icosphereWireframe_subdivs_1) created and registered.
I0914 23:34:34.655256 14555 AssetAttributesManager.cpp:117] Asset attributes (uvSphereSolid : uvSphereSolid_rings_8_segments_16_useTexCoords_false_useTangents_false) created and registered.
I0914 23:34:34.655264 14555 AssetAttributesManager.cpp:117] Asset attributes (uvSphereWireframe : uvSphereWireframe_rings_16_segments_32) created and registered.
I0914 23:34:34.655267 14555 AssetAttributesManager.cpp:105] AssetAttributesManager::buildCtorFuncPtrMaps : Built default primitive asset templates : 12
I0914 23:34:34.655522 14555 SceneDatasetAttributesManager.cpp:23] File (default) not found, so new default dataset attributes created and registered.
I0914 23:34:34.655524 14555 MetadataMediator.cpp:47] MetadataMediator::createDataset : Dataset default successfully created.
I0914 23:34:34.657548 14555 AttributesManagerBase.h:283] AttributesManager<T>::createFromJsonOrDefaultInternal  (Physics Manager) : Proposing JSON name : ./data/default.physics_config.json from original name : ./data/default.physics_config.json | This file  does not exist.
I0914 23:34:34.657558 14555 PhysicsAttributesManager.cpp:27] File (./data/default.physics_config.json) not found, so new default physics manager attributes created and registered.
I0914 23:34:34.657562 14555 AbstractObjectAttributesManagerBase.h:175] AbstractObjectAttributesManager<T>::createObject  (Stage) : Making attributes with handle : data/scene_datasets/mp3d/zsNo4HB9uLZ/zsNo4HB9uLZ.glb
I0914 23:34:34.657563 14555 ManagedContainerBase.cpp:19] ManagedContainerBase::convertFilenameToJSON : Filename : data/scene_datasets/mp3d/zsNo4HB9uLZ/zsNo4HB9uLZ.glb changed to proposed JSON configuration filename : data/scene_datasets/mp3d/zsNo4HB9uLZ/zsNo4HB9uLZ.stage_config.json
I0914 23:34:34.657568 14555 AttributesManagerBase.h:283] AttributesManager<T>::createFromJsonOrDefaultInternal  (Stage) : Proposing JSON name : data/scene_datasets/mp3d/zsNo4HB9uLZ/zsNo4HB9uLZ.stage_config.json from original name : data/scene_datasets/mp3d/zsNo4HB9uLZ/zsNo4HB9uLZ.glb | This file  does not exist.
I0914 23:34:34.657599 14555 AbstractObjectAttributesManagerBase.h:181] AbstractObjectAttributesManager<T>::createObject  (Stage) : Done making attributes with handle : data/scene_datasets/mp3d/zsNo4HB9uLZ/zsNo4HB9uLZ.glb
I0914 23:34:34.657603 14555 AbstractObjectAttributesManagerBase.h:188] File (data/scene_datasets/mp3d/zsNo4HB9uLZ/zsNo4HB9uLZ.glb) exists but is not a recognized config filename extension, so new default Stage attributes created and registered.
I0914 23:34:34.657605 14555 Simulator.cpp:156] Loading navmesh from data/scene_datasets/mp3d/zsNo4HB9uLZ/zsNo4HB9uLZ.navmesh
I0914 23:34:34.657660 14555 Simulator.cpp:158] Loaded.
I0914 23:34:34.657667 14555 SceneGraph.h:93] Created DrawableGroup: 
Renderer: NVIDIA T1000 8GB/PCIe/SSE2 by NVIDIA Corporation
OpenGL version: 4.6.0 NVIDIA 590.48.01
Using optional features:
    GL_ARB_ES2_compatibility
    GL_ARB_direct_state_access
    GL_ARB_get_texture_sub_image
    GL_ARB_invalidate_subdata
    GL_ARB_multi_bind
    GL_ARB_robustness
    GL_ARB_separate_shader_objects
    GL_ARB_texture_filter_anisotropic
    GL_ARB_texture_storage
    GL_ARB_texture_storage_multisample
    GL_ARB_vertex_array_object
    GL_KHR_debug
Using driver workarounds:
    no-forward-compatible-core-context
    nv-egl-incorrect-gl11-function-pointers
    no-layout-qualifiers-on-old-glsl
    nv-zero-context-profile-mask
    nv-implementation-color-read-format-dsa-broken
    nv-cubemap-inconsistent-compressed-image-size
    nv-cubemap-broken-full-compressed-image-query
    nv-compressed-block-size-in-bits
I0914 23:34:34.746227 14555 ResourceManager.cpp:234] ResourceManager::loadStage : Not loading semantic mesh
I0914 23:34:34.746236 14555 ResourceManager.cpp:262] ResourceManager::loadStage : start load render asset data/scene_datasets/mp3d/zsNo4HB9uLZ/zsNo4HB9uLZ.glb.
I0914 23:34:34.746237 14555 ResourceManager.cpp:569] ResourceManager::loadStageInternal : Attempting to load stage data/scene_datasets/mp3d/zsNo4HB9uLZ/zsNo4HB9uLZ.glb 
I0914 23:34:34.746249 14555 ResourceManager.cpp:1119] Importing Basis files as BC7 for zsNo4HB9uLZ.glb
W0914 23:34:35.615904 14555 Simulator.cpp:248] :
---
 The active scene does not contain semantic annotations. 
---
I0914 23:34:35.654864 14555 simulator.py:213] Loaded navmesh data/scene_datasets/mp3d/zsNo4HB9uLZ/zsNo4HB9uLZ.navmesh
2026-09-14 23:34:35,659 Initializing task VLN-v0
You are using a model of type bert to instantiate a model of type . This is not supported for all configurations of models and can yield errors.
Some weights of the model checkpoint at None were not used when initializing GlocalTextPathNavCMT: ['mlm_head.predictions.transform.dense.weight', 'bert.global_encoder.encoder.x_layers.2.lang_self_att.output.LayerNorm.bias', 'bert.global_encoder.encoder.x_layers.1.lang_self_att.self.query.weight', 'mlm_head.predictions.transform.LayerNorm.weight', 'bert.global_encoder.encoder.x_layers.3.lang_output.LayerNorm.bias', 'bert.global_encoder.encoder.x_layers.3.lang_self_att.self.query.bias', 'bert.global_encoder.encoder.x_layers.3.lang_self_att.self.value.weight', 'bert.global_encoder.encoder.x_layers.0.lang_self_att.output.LayerNorm.bias', 'bert.global_encoder.encoder.x_layers.0.lang_self_att.self.key.bias', 'bert.global_encoder.encoder.x_layers.0.lang_output.LayerNorm.bias', 'bert.global_encoder.encoder.x_layers.0.lang_output.dense.weight', 'bert.global_encoder.encoder.x_layers.3.lang_self_att.output.dense.bias', 'bert.global_encoder.encoder.x_layers.2.lang_output.LayerNorm.weight', 'bert.global_encoder.encoder.x_layers.0.lang_output.LayerNorm.weight', 'bert.global_encoder.encoder.x_layers.3.lang_output.dense.bias', 'bert.global_encoder.encoder.x_layers.1.lang_output.dense.bias', 'bert.global_encoder.encoder.x_layers.3.lang_self_att.self.query.weight', 'bert.global_encoder.encoder.x_layers.0.lang_self_att.self.key.weight', 'bert.global_encoder.encoder.x_layers.2.lang_self_att.self.query.weight', 'bert.global_encoder.encoder.x_layers.0.lang_self_att.self.value.weight', 'bert.global_encoder.encoder.x_layers.1.lang_self_att.output.LayerNorm.weight', 'bert.global_encoder.encoder.x_layers.0.lang_self_att.output.dense.weight', 'bert.global_encoder.encoder.x_layers.2.lang_self_att.output.LayerNorm.weight', 'bert.global_encoder.encoder.x_layers.2.lang_self_att.self.key.bias', 'bert.global_encoder.encoder.x_layers.3.lang_output.dense.weight', 'bert.global_encoder.encoder.x_layers.2.lang_output.dense.bias', 'bert.global_encoder.encoder.x_layers.3.lang_output.LayerNorm.weight', 'bert.global_encoder.encoder.x_layers.0.lang_output.dense.bias', 'bert.global_encoder.encoder.x_layers.3.lang_self_att.output.dense.weight', 'bert.global_encoder.encoder.x_layers.3.lang_inter.dense.weight', 'bert.global_encoder.encoder.x_layers.2.lang_self_att.output.dense.bias', 'bert.global_encoder.encoder.x_layers.0.lang_inter.dense.bias', 'bert.global_encoder.encoder.x_layers.2.lang_self_att.self.value.weight', 'bert.global_encoder.encoder.x_layers.2.lang_self_att.self.key.weight', 'mlm_head.predictions.decoder.weight', 'bert.global_encoder.encoder.x_layers.1.lang_self_att.self.value.weight', 'bert.global_encoder.encoder.x_layers.0.lang_self_att.output.LayerNorm.weight', 'bert.global_encoder.encoder.x_layers.2.lang_inter.dense.weight', 'bert.global_encoder.encoder.x_layers.1.lang_output.LayerNorm.bias', 'bert.global_encoder.encoder.x_layers.3.lang_self_att.self.key.bias', 'bert.global_encoder.encoder.x_layers.3.lang_self_att.self.key.weight', 'bert.global_encoder.encoder.x_layers.0.lang_self_att.self.value.bias', 'bert.global_encoder.encoder.x_layers.1.lang_inter.dense.bias', 'bert.global_encoder.encoder.x_layers.1.lang_self_att.self.query.bias', 'bert.global_encoder.encoder.x_layers.2.lang_self_att.self.query.bias', 'bert.global_encoder.encoder.x_layers.2.lang_self_att.output.dense.weight', 'bert.global_encoder.encoder.x_layers.1.lang_inter.dense.weight', 'bert.global_encoder.encoder.x_layers.1.lang_self_att.self.key.weight', 'bert.global_encoder.encoder.x_layers.3.lang_self_att.self.value.bias', 'bert.global_encoder.encoder.x_layers.1.lang_self_att.output.dense.bias', 'bert.global_encoder.encoder.x_layers.1.lang_output.dense.weight', 'bert.global_encoder.encoder.x_layers.1.lang_self_att.output.LayerNorm.bias', 'bert.global_encoder.encoder.x_layers.1.lang_output.LayerNorm.weight', 'bert.global_encoder.encoder.x_layers.2.lang_output.dense.weight', 'bert.global_encoder.encoder.x_layers.1.lang_self_att.self.value.bias', 'bert.global_encoder.encoder.x_layers.3.lang_self_att.output.LayerNorm.weight', 'bert.global_encoder.encoder.x_layers.0.lang_self_att.self.query.weight', 'mlm_head.predictions.bias', 'bert.global_encoder.encoder.x_layers.1.lang_self_att.output.dense.weight', 'bert.global_encoder.encoder.x_layers.0.lang_self_att.output.dense.bias', 'bert.global_encoder.encoder.x_layers.3.lang_self_att.output.LayerNorm.bias', 'mlm_head.predictions.transform.LayerNorm.bias', 'bert.global_encoder.encoder.x_layers.3.lang_inter.dense.bias', 'mlm_head.predictions.transform.dense.bias', 'bert.global_encoder.encoder.x_layers.1.lang_self_att.self.key.bias', 'bert.global_encoder.encoder.x_layers.0.lang_self_att.self.query.bias', 'bert.global_encoder.encoder.x_layers.0.lang_inter.dense.weight', 'bert.global_encoder.encoder.x_layers.2.lang_self_att.self.value.bias', 'bert.global_encoder.encoder.x_layers.2.lang_output.LayerNorm.bias', 'bert.global_encoder.encoder.x_layers.2.lang_inter.dense.bias']
- This IS expected if you are initializing GlocalTextPathNavCMT from the checkpoint of a model trained on another task or with another architecture (e.g. initializing a BertForSequenceClassification model from a BertForPreTraining model).
- This IS NOT expected if you are initializing GlocalTextPathNavCMT from the checkpoint of a model that you expect to be exactly identical (initializing a BertForSequenceClassification model from a BertForSequenceClassification model).
2026-09-14 23:34:41,354 Loaded weights from checkpoint: data/logs/checkpoints/release_r2r/ckpt.iter12000.pth, iteration: 12000
2026-09-14 23:34:41,359 Agent parameters: 299.14 MB. Trainable: 140.79 MB.
2026-09-14 23:34:41,359 Finished setting up policy.
local rank: 0 | dataset length: 1

Initalizing the ETP model ...
  0%|          | 0/1 [00:00<?, ?it/s]2026-09-14 23:34:47,266 Video created: data/logs/video/spatial_zsNo4HB9uLZ_10/zsNo4HB9uLZ-10-SPL1.00.mp4
  0%|          | 0/35 [00:00<?, ?it/s]IMAGEIO FFMPEG_WRITER WARNING: input image is not divisible by macro_block_size=16, resizing from (825, 256) to (832, 256) to ensure video compatibility with most codecs and players. To prevent resizing, make your input image divisible by the macro_block_size or set the macro_block_size to 1 (risking incompatibility).
[swscaler @ 0x58a2d4da9fc0] Warning: data is not aligned! This can lead to a speed loss
100%|██████████| 35/35 [00:00<00:00, 576.30it/s]100%|██████████| 1/1 [00:06<00:00,  6.07s/it]I0914 23:34:47.439684 14555 PhysicsManager.cpp:33] Deconstructing PhysicsManager
I0914 23:34:47.439708 14555 SemanticScene.h:41] Deconstructing SemanticScene
I0914 23:34:47.441258 14555 SceneManager.h:25] Deconstructing SceneManager
I0914 23:34:47.441269 14555 SceneGraph.h:26] Deconstructing SceneGraph
I0914 23:34:47.441536 14555 Sensor.h:87] Deconstructing Sensor
I0914 23:34:47.441697 14555 Sensor.h:87] Deconstructing Sensor
I0914 23:34:47.441797 14555 Sensor.h:87] Deconstructing Sensor
I0914 23:34:47.441885 14555 Sensor.h:87] Deconstructing Sensor
I0914 23:34:47.441980 14555 Sensor.h:87] Deconstructing Sensor
I0914 23:34:47.442076 14555 Sensor.h:87] Deconstructing Sensor
I0914 23:34:47.442175 14555 Sensor.h:87] Deconstructing Sensor
I0914 23:34:47.442267 14555 Sensor.h:87] Deconstructing Sensor
I0914 23:34:47.442354 14555 Sensor.h:87] Deconstructing Sensor
I0914 23:34:47.442441 14555 Sensor.h:87] Deconstructing Sensor
I0914 23:34:47.442528 14555 Sensor.h:87] Deconstructing Sensor
I0914 23:34:47.442613 14555 Sensor.h:87] Deconstructing Sensor
I0914 23:34:47.442701 14555 Sensor.h:87] Deconstructing Sensor
I0914 23:34:47.442814 14555 Sensor.h:87] Deconstructing Sensor
I0914 23:34:47.442924 14555 Sensor.h:87] Deconstructing Sensor
I0914 23:34:47.443092 14555 Sensor.h:87] Deconstructing Sensor
I0914 23:34:47.443228 14555 Sensor.h:87] Deconstructing Sensor
I0914 23:34:47.443354 14555 Sensor.h:87] Deconstructing Sensor
I0914 23:34:47.443470 14555 Sensor.h:87] Deconstructing Sensor
I0914 23:34:47.443581 14555 Sensor.h:87] Deconstructing Sensor
I0914 23:34:47.443688 14555 Sensor.h:87] Deconstructing Sensor
I0914 23:34:47.443799 14555 Sensor.h:87] Deconstructing Sensor
I0914 23:34:47.443907 14555 Sensor.h:87] Deconstructing Sensor
I0914 23:34:47.444006 14555 Sensor.h:87] Deconstructing Sensor
I0914 23:34:47.444097 14555 Sensor.h:87] Deconstructing Sensor
I0914 23:34:47.444190 14555 Sensor.h:87] Deconstructing Sensor
I0914 23:34:47.444280 14555 Sensor.h:87] Deconstructing Sensor
I0914 23:34:47.444368 14555 Sensor.h:87] Deconstructing Sensor
I0914 23:34:47.444448 14555 Sensor.h:87] Deconstructing Sensor
I0914 23:34:47.444456 14555 Sensor.h:87] Deconstructing Sensor
I0914 23:34:47.446389 14555 Renderer.cpp:34] Deconstructing Renderer
I0914 23:34:47.446398 14555 WindowlessContext.h:17] Deconstructing WindowlessContext
I0914 23:34:47.452771 14555 Simulator.cpp:49] Deconstructing Simulator

2026-09-14 23:34:47,453 Episodes evaluated: 1
2026-09-14 23:34:47,454 Average episode steps_taken: 34.000000
2026-09-14 23:34:47,454 Average episode distance_to_goal: 2.292363
2026-09-14 23:34:47,454 Average episode success: 1.000000
2026-09-14 23:34:47,454 Average episode oracle_success: 1.000000
2026-09-14 23:34:47,454 Average episode path_length: 5.750001
2026-09-14 23:34:47,454 Average episode collisions: 0.000000
2026-09-14 23:34:47,454 Average episode spl: 1.000000
2026-09-14 23:34:47,454 Average episode ndtw: 0.002050
2026-09-14 23:34:47,454 Average episode sdtw: 0.002050
2026-09-14 23:34:47,454 Average episode ghost_cnt: 13.000000
100%|██████████| 1/1 [00:06<00:00,  6.09s/it]
2026-09-14 23:34:50,021 checkpoint_path: data/logs/checkpoints/release_r2r/ckpt.iter12000.pth
2026-09-14 23:34:50,022 Initializing dataset VLN-CE-v1
2026-09-14 23:34:50,042 SPLTI: custom, NUMBER OF SCENES: 1
2026-09-14 23:34:51,514 Initializing dataset VLN-CE-v1
2026-09-14 23:34:51,535 initializing sim Sim-v1
WARNING: Logging before InitGoogleLogging() is written to STDERR
I0914 23:34:51.542012 14810 ManagedContainerBase.cpp:19] ManagedContainerBase::convertFilenameToJSON : Filename : default changed to proposed JSON configuration filename : default.scene_dataset_config.json
I0914 23:34:51.542043 14810 AttributesManagerBase.h:283] AttributesManager<T>::createFromJsonOrDefaultInternal  (Dataset) : Proposing JSON name : default.scene_dataset_config.json from original name : default | This file  does not exist.
I0914 23:34:51.542084 14810 AssetAttributesManager.cpp:117] Asset attributes (capsule3DSolid : capsule3DSolid_hemiRings_4_cylRings_1_segments_12_halfLen_0.75_useTexCoords_false_useTangents_false) created and registered.
I0914 23:34:51.542101 14810 AssetAttributesManager.cpp:117] Asset attributes (capsule3DWireframe : capsule3DWireframe_hemiRings_8_cylRings_1_segments_16_halfLen_1) created and registered.
I0914 23:34:51.542120 14810 AssetAttributesManager.cpp:117] Asset attributes (coneSolid : coneSolid_segments_12_halfLen_1.25_rings_1_useTexCoords_false_useTangents_false_capEnd_true) created and registered.
I0914 23:34:51.542128 14810 AssetAttributesManager.cpp:117] Asset attributes (coneWireframe : coneWireframe_segments_32_halfLen_1.25) created and registered.
I0914 23:34:51.542135 14810 AssetAttributesManager.cpp:117] Asset attributes (cubeSolid : cubeSolid) created and registered.
I0914 23:34:51.542138 14810 AssetAttributesManager.cpp:117] Asset attributes (cubeWireframe : cubeWireframe) created and registered.
I0914 23:34:51.542160 14810 AssetAttributesManager.cpp:117] Asset attributes (cylinderSolid : cylinderSolid_rings_1_segments_12_halfLen_1_useTexCoords_false_useTangents_false_capEnds_true) created and registered.
I0914 23:34:51.542171 14810 AssetAttributesManager.cpp:117] Asset attributes (cylinderWireframe : cylinderWireframe_rings_1_segments_32_halfLen_1) created and registered.
I0914 23:34:51.542176 14810 AssetAttributesManager.cpp:117] Asset attributes (icosphereSolid : icosphereSolid_subdivs_1) created and registered.
I0914 23:34:51.542182 14810 AssetAttributesManager.cpp:117] Asset attributes (icosphereWireframe : icosphereWireframe_subdivs_1) created and registered.
I0914 23:34:51.542191 14810 AssetAttributesManager.cpp:117] Asset attributes (uvSphereSolid : uvSphereSolid_rings_8_segments_16_useTexCoords_false_useTangents_false) created and registered.
I0914 23:34:51.542197 14810 AssetAttributesManager.cpp:117] Asset attributes (uvSphereWireframe : uvSphereWireframe_rings_16_segments_32) created and registered.
I0914 23:34:51.542200 14810 AssetAttributesManager.cpp:105] AssetAttributesManager::buildCtorFuncPtrMaps : Built default primitive asset templates : 12
I0914 23:34:51.542454 14810 SceneDatasetAttributesManager.cpp:23] File (default) not found, so new default dataset attributes created and registered.
I0914 23:34:51.542454 14810 MetadataMediator.cpp:47] MetadataMediator::createDataset : Dataset default successfully created.
I0914 23:34:51.544431 14810 AttributesManagerBase.h:283] AttributesManager<T>::createFromJsonOrDefaultInternal  (Physics Manager) : Proposing JSON name : ./data/default.physics_config.json from original name : ./data/default.physics_config.json | This file  does not exist.
I0914 23:34:51.544440 14810 PhysicsAttributesManager.cpp:27] File (./data/default.physics_config.json) not found, so new default physics manager attributes created and registered.
I0914 23:34:51.544443 14810 AbstractObjectAttributesManagerBase.h:175] AbstractObjectAttributesManager<T>::createObject  (Stage) : Making attributes with handle : data/scene_datasets/mp3d/zsNo4HB9uLZ/zsNo4HB9uLZ.glb
I0914 23:34:51.544445 14810 ManagedContainerBase.cpp:19] ManagedContainerBase::convertFilenameToJSON : Filename : data/scene_datasets/mp3d/zsNo4HB9uLZ/zsNo4HB9uLZ.glb changed to proposed JSON configuration filename : data/scene_datasets/mp3d/zsNo4HB9uLZ/zsNo4HB9uLZ.stage_config.json
I0914 23:34:51.544450 14810 AttributesManagerBase.h:283] AttributesManager<T>::createFromJsonOrDefaultInternal  (Stage) : Proposing JSON name : data/scene_datasets/mp3d/zsNo4HB9uLZ/zsNo4HB9uLZ.stage_config.json from original name : data/scene_datasets/mp3d/zsNo4HB9uLZ/zsNo4HB9uLZ.glb | This file  does not exist.
I0914 23:34:51.544485 14810 AbstractObjectAttributesManagerBase.h:181] AbstractObjectAttributesManager<T>::createObject  (Stage) : Done making attributes with handle : data/scene_datasets/mp3d/zsNo4HB9uLZ/zsNo4HB9uLZ.glb
I0914 23:34:51.544486 14810 AbstractObjectAttributesManagerBase.h:188] File (data/scene_datasets/mp3d/zsNo4HB9uLZ/zsNo4HB9uLZ.glb) exists but is not a recognized config filename extension, so new default Stage attributes created and registered.
I0914 23:34:51.544489 14810 Simulator.cpp:156] Loading navmesh from data/scene_datasets/mp3d/zsNo4HB9uLZ/zsNo4HB9uLZ.navmesh
I0914 23:34:51.544544 14810 Simulator.cpp:158] Loaded.
I0914 23:34:51.544551 14810 SceneGraph.h:93] Created DrawableGroup: 
Renderer: NVIDIA T1000 8GB/PCIe/SSE2 by NVIDIA Corporation
OpenGL version: 4.6.0 NVIDIA 590.48.01
Using optional features:
    GL_ARB_ES2_compatibility
    GL_ARB_direct_state_access
    GL_ARB_get_texture_sub_image
    GL_ARB_invalidate_subdata
    GL_ARB_multi_bind
    GL_ARB_robustness
    GL_ARB_separate_shader_objects
    GL_ARB_texture_filter_anisotropic
    GL_ARB_texture_storage
    GL_ARB_texture_storage_multisample
    GL_ARB_vertex_array_object
    GL_KHR_debug
Using driver workarounds:
    no-forward-compatible-core-context
    nv-egl-incorrect-gl11-function-pointers
    no-layout-qualifiers-on-old-glsl
    nv-zero-context-profile-mask
    nv-implementation-color-read-format-dsa-broken
    nv-cubemap-inconsistent-compressed-image-size
    nv-cubemap-broken-full-compressed-image-query
    nv-compressed-block-size-in-bits
I0914 23:34:51.635533 14810 ResourceManager.cpp:234] ResourceManager::loadStage : Not loading semantic mesh
I0914 23:34:51.635541 14810 ResourceManager.cpp:262] ResourceManager::loadStage : start load render asset data/scene_datasets/mp3d/zsNo4HB9uLZ/zsNo4HB9uLZ.glb.
I0914 23:34:51.635543 14810 ResourceManager.cpp:569] ResourceManager::loadStageInternal : Attempting to load stage data/scene_datasets/mp3d/zsNo4HB9uLZ/zsNo4HB9uLZ.glb 
I0914 23:34:51.635555 14810 ResourceManager.cpp:1119] Importing Basis files as BC7 for zsNo4HB9uLZ.glb
W0914 23:34:52.495754 14810 Simulator.cpp:248] :
---
 The active scene does not contain semantic annotations. 
---
I0914 23:34:52.535062 14810 simulator.py:213] Loaded navmesh data/scene_datasets/mp3d/zsNo4HB9uLZ/zsNo4HB9uLZ.navmesh
2026-09-14 23:34:52,540 Initializing task VLN-v0
You are using a model of type bert to instantiate a model of type . This is not supported for all configurations of models and can yield errors.
Some weights of the model checkpoint at None were not used when initializing GlocalTextPathNavCMT: ['bert.global_encoder.encoder.x_layers.2.lang_inter.dense.bias', 'bert.global_encoder.encoder.x_layers.2.lang_self_att.output.dense.bias', 'bert.global_encoder.encoder.x_layers.3.lang_output.dense.bias', 'bert.global_encoder.encoder.x_layers.0.lang_self_att.self.query.bias', 'bert.global_encoder.encoder.x_layers.3.lang_self_att.self.value.bias', 'mlm_head.predictions.transform.dense.bias', 'bert.global_encoder.encoder.x_layers.0.lang_self_att.self.query.weight', 'bert.global_encoder.encoder.x_layers.2.lang_output.LayerNorm.weight', 'bert.global_encoder.encoder.x_layers.0.lang_output.dense.weight', 'bert.global_encoder.encoder.x_layers.0.lang_inter.dense.bias', 'bert.global_encoder.encoder.x_layers.2.lang_self_att.self.value.weight', 'bert.global_encoder.encoder.x_layers.3.lang_self_att.self.key.weight', 'mlm_head.predictions.decoder.weight', 'bert.global_encoder.encoder.x_layers.1.lang_self_att.self.key.bias', 'bert.global_encoder.encoder.x_layers.0.lang_self_att.self.key.weight', 'bert.global_encoder.encoder.x_layers.2.lang_self_att.self.key.weight', 'bert.global_encoder.encoder.x_layers.0.lang_output.LayerNorm.weight', 'mlm_head.predictions.transform.LayerNorm.bias', 'bert.global_encoder.encoder.x_layers.3.lang_self_att.output.LayerNorm.weight', 'bert.global_encoder.encoder.x_layers.0.lang_output.dense.bias', 'bert.global_encoder.encoder.x_layers.3.lang_output.LayerNorm.weight', 'bert.global_encoder.encoder.x_layers.3.lang_self_att.self.value.weight', 'bert.global_encoder.encoder.x_layers.0.lang_self_att.self.key.bias', 'bert.global_encoder.encoder.x_layers.0.lang_self_att.output.LayerNorm.bias', 'bert.global_encoder.encoder.x_layers.0.lang_output.LayerNorm.bias', 'bert.global_encoder.encoder.x_layers.0.lang_self_att.self.value.weight', 'mlm_head.predictions.transform.LayerNorm.weight', 'bert.global_encoder.encoder.x_layers.0.lang_inter.dense.weight', 'mlm_head.predictions.transform.dense.weight', 'bert.global_encoder.encoder.x_layers.2.lang_inter.dense.weight', 'bert.global_encoder.encoder.x_layers.2.lang_self_att.self.query.weight', 'bert.global_encoder.encoder.x_layers.2.lang_self_att.output.dense.weight', 'bert.global_encoder.encoder.x_layers.1.lang_self_att.output.dense.bias', 'bert.global_encoder.encoder.x_layers.0.lang_self_att.output.dense.bias', 'bert.global_encoder.encoder.x_layers.1.lang_self_att.output.LayerNorm.bias', 'bert.global_encoder.encoder.x_layers.1.lang_inter.dense.weight', 'bert.global_encoder.encoder.x_layers.1.lang_self_att.self.query.weight', 'bert.global_encoder.encoder.x_layers.3.lang_self_att.self.query.weight', 'bert.global_encoder.encoder.x_layers.0.lang_self_att.output.dense.weight', 'bert.global_encoder.encoder.x_layers.3.lang_self_att.output.LayerNorm.bias', 'bert.global_encoder.encoder.x_layers.1.lang_output.dense.bias', 'bert.global_encoder.encoder.x_layers.3.lang_output.dense.weight', 'bert.global_encoder.encoder.x_layers.3.lang_inter.dense.weight', 'bert.global_encoder.encoder.x_layers.1.lang_self_att.self.value.weight', 'bert.global_encoder.encoder.x_layers.2.lang_output.dense.bias', 'bert.global_encoder.encoder.x_layers.0.lang_self_att.output.LayerNorm.weight', 'bert.global_encoder.encoder.x_layers.0.lang_self_att.self.value.bias', 'bert.global_encoder.encoder.x_layers.1.lang_self_att.output.dense.weight', 'bert.global_encoder.encoder.x_layers.1.lang_self_att.self.value.bias', 'bert.global_encoder.encoder.x_layers.1.lang_self_att.self.key.weight', 'bert.global_encoder.encoder.x_layers.3.lang_self_att.output.dense.weight', 'bert.global_encoder.encoder.x_layers.1.lang_output.LayerNorm.bias', 'mlm_head.predictions.bias', 'bert.global_encoder.encoder.x_layers.3.lang_self_att.self.query.bias', 'bert.global_encoder.encoder.x_layers.2.lang_self_att.self.value.bias', 'bert.global_encoder.encoder.x_layers.2.lang_output.LayerNorm.bias', 'bert.global_encoder.encoder.x_layers.1.lang_inter.dense.bias', 'bert.global_encoder.encoder.x_layers.1.lang_self_att.output.LayerNorm.weight', 'bert.global_encoder.encoder.x_layers.2.lang_self_att.self.query.bias', 'bert.global_encoder.encoder.x_layers.3.lang_self_att.self.key.bias', 'bert.global_encoder.encoder.x_layers.2.lang_self_att.output.LayerNorm.weight', 'bert.global_encoder.encoder.x_layers.3.lang_self_att.output.dense.bias', 'bert.global_encoder.encoder.x_layers.1.lang_output.dense.weight', 'bert.global_encoder.encoder.x_layers.2.lang_output.dense.weight', 'bert.global_encoder.encoder.x_layers.1.lang_output.LayerNorm.weight', 'bert.global_encoder.encoder.x_layers.3.lang_inter.dense.bias', 'bert.global_encoder.encoder.x_layers.1.lang_self_att.self.query.bias', 'bert.global_encoder.encoder.x_layers.2.lang_self_att.self.key.bias', 'bert.global_encoder.encoder.x_layers.3.lang_output.LayerNorm.bias', 'bert.global_encoder.encoder.x_layers.2.lang_self_att.output.LayerNorm.bias']
- This IS expected if you are initializing GlocalTextPathNavCMT from the checkpoint of a model trained on another task or with another architecture (e.g. initializing a BertForSequenceClassification model from a BertForPreTraining model).
- This IS NOT expected if you are initializing GlocalTextPathNavCMT from the checkpoint of a model that you expect to be exactly identical (initializing a BertForSequenceClassification model from a BertForSequenceClassification model).
2026-09-14 23:34:58,353 Loaded weights from checkpoint: data/logs/checkpoints/release_r2r/ckpt.iter12000.pth, iteration: 12000
2026-09-14 23:34:58,355 Agent parameters: 299.14 MB. Trainable: 140.79 MB.
2026-09-14 23:34:58,355 Finished setting up policy.
local rank: 0 | dataset length: 1

Initalizing the ETP model ...
  0%|          | 0/1 [00:00<?, ?it/s]2026-09-14 23:35:04,177 Video created: data/logs/video/spatial_zsNo4HB9uLZ_11/zsNo4HB9uLZ-11-SPL0.00.mp4
  0%|          | 0/33 [00:00<?, ?it/s]IMAGEIO FFMPEG_WRITER WARNING: input image is not divisible by macro_block_size=16, resizing from (825, 256) to (832, 256) to ensure video compatibility with most codecs and players. To prevent resizing, make your input image divisible by the macro_block_size or set the macro_block_size to 1 (risking incompatibility).
[swscaler @ 0x5f5ff2707fc0] Warning: data is not aligned! This can lead to a speed loss
100%|██████████| 33/33 [00:00<00:00, 585.53it/s]100%|██████████| 1/1 [00:05<00:00,  5.95s/it]I0914 23:35:04.337378 14810 PhysicsManager.cpp:33] Deconstructing PhysicsManager
I0914 23:35:04.337406 14810 SemanticScene.h:41] Deconstructing SemanticScene
I0914 23:35:04.338943 14810 SceneManager.h:25] Deconstructing SceneManager
I0914 23:35:04.338950 14810 SceneGraph.h:26] Deconstructing SceneGraph
I0914 23:35:04.339234 14810 Sensor.h:87] Deconstructing Sensor
I0914 23:35:04.339399 14810 Sensor.h:87] Deconstructing Sensor
I0914 23:35:04.339496 14810 Sensor.h:87] Deconstructing Sensor
I0914 23:35:04.339586 14810 Sensor.h:87] Deconstructing Sensor
I0914 23:35:04.339674 14810 Sensor.h:87] Deconstructing Sensor
I0914 23:35:04.339766 14810 Sensor.h:87] Deconstructing Sensor
I0914 23:35:04.339854 14810 Sensor.h:87] Deconstructing Sensor
I0914 23:35:04.339941 14810 Sensor.h:87] Deconstructing Sensor
I0914 23:35:04.340030 14810 Sensor.h:87] Deconstructing Sensor
I0914 23:35:04.340117 14810 Sensor.h:87] Deconstructing Sensor
I0914 23:35:04.340212 14810 Sensor.h:87] Deconstructing Sensor
I0914 23:35:04.340296 14810 Sensor.h:87] Deconstructing Sensor
I0914 23:35:04.340382 14810 Sensor.h:87] Deconstructing Sensor
I0914 23:35:04.340495 14810 Sensor.h:87] Deconstructing Sensor
I0914 23:35:04.340605 14810 Sensor.h:87] Deconstructing Sensor
I0914 23:35:04.340711 14810 Sensor.h:87] Deconstructing Sensor
I0914 23:35:04.340819 14810 Sensor.h:87] Deconstructing Sensor
I0914 23:35:04.340930 14810 Sensor.h:87] Deconstructing Sensor
I0914 23:35:04.341041 14810 Sensor.h:87] Deconstructing Sensor
I0914 23:35:04.341159 14810 Sensor.h:87] Deconstructing Sensor
I0914 23:35:04.341265 14810 Sensor.h:87] Deconstructing Sensor
I0914 23:35:04.341372 14810 Sensor.h:87] Deconstructing Sensor
I0914 23:35:04.341480 14810 Sensor.h:87] Deconstructing Sensor
I0914 23:35:04.341578 14810 Sensor.h:87] Deconstructing Sensor
I0914 23:35:04.341666 14810 Sensor.h:87] Deconstructing Sensor
I0914 23:35:04.341753 14810 Sensor.h:87] Deconstructing Sensor
I0914 23:35:04.341840 14810 Sensor.h:87] Deconstructing Sensor
I0914 23:35:04.341920 14810 Sensor.h:87] Deconstructing Sensor
I0914 23:35:04.342007 14810 Sensor.h:87] Deconstructing Sensor
I0914 23:35:04.342015 14810 Sensor.h:87] Deconstructing Sensor
I0914 23:35:04.343942 14810 Renderer.cpp:34] Deconstructing Renderer
I0914 23:35:04.343952 14810 WindowlessContext.h:17] Deconstructing WindowlessContext
I0914 23:35:04.350390 14810 Simulator.cpp:49] Deconstructing Simulator

2026-09-14 23:35:04,351 Episodes evaluated: 1
2026-09-14 23:35:04,351 Average episode steps_taken: 32.000000
2026-09-14 23:35:04,351 Average episode distance_to_goal: 3.858521
2026-09-14 23:35:04,351 Average episode success: 0.000000
2026-09-14 23:35:04,351 Average episode oracle_success: 0.000000
2026-09-14 23:35:04,351 Average episode path_length: 5.750001
2026-09-14 23:35:04,351 Average episode collisions: 0.000000
2026-09-14 23:35:04,351 Average episode spl: 0.000000
2026-09-14 23:35:04,352 Average episode ndtw: 0.000068
2026-09-14 23:35:04,352 Average episode sdtw: 0.000000
2026-09-14 23:35:04,352 Average episode ghost_cnt: 14.000000
100%|██████████| 1/1 [00:05<00:00,  5.97s/it]
2026-09-14 23:35:06,963 checkpoint_path: data/logs/checkpoints/release_r2r/ckpt.iter12000.pth
2026-09-14 23:35:06,963 Initializing dataset VLN-CE-v1
2026-09-14 23:35:06,985 SPLTI: custom, NUMBER OF SCENES: 1
2026-09-14 23:35:08,567 Initializing dataset VLN-CE-v1
2026-09-14 23:35:08,588 initializing sim Sim-v1
WARNING: Logging before InitGoogleLogging() is written to STDERR
I0914 23:35:08.594090 15052 ManagedContainerBase.cpp:19] ManagedContainerBase::convertFilenameToJSON : Filename : default changed to proposed JSON configuration filename : default.scene_dataset_config.json
I0914 23:35:08.594115 15052 AttributesManagerBase.h:283] AttributesManager<T>::createFromJsonOrDefaultInternal  (Dataset) : Proposing JSON name : default.scene_dataset_config.json from original name : default | This file  does not exist.
I0914 23:35:08.594163 15052 AssetAttributesManager.cpp:117] Asset attributes (capsule3DSolid : capsule3DSolid_hemiRings_4_cylRings_1_segments_12_halfLen_0.75_useTexCoords_false_useTangents_false) created and registered.
I0914 23:35:08.594179 15052 AssetAttributesManager.cpp:117] Asset attributes (capsule3DWireframe : capsule3DWireframe_hemiRings_8_cylRings_1_segments_16_halfLen_1) created and registered.
I0914 23:35:08.594195 15052 AssetAttributesManager.cpp:117] Asset attributes (coneSolid : coneSolid_segments_12_halfLen_1.25_rings_1_useTexCoords_false_useTangents_false_capEnd_true) created and registered.
I0914 23:35:08.594204 15052 AssetAttributesManager.cpp:117] Asset attributes (coneWireframe : coneWireframe_segments_32_halfLen_1.25) created and registered.
I0914 23:35:08.594209 15052 AssetAttributesManager.cpp:117] Asset attributes (cubeSolid : cubeSolid) created and registered.
I0914 23:35:08.594214 15052 AssetAttributesManager.cpp:117] Asset attributes (cubeWireframe : cubeWireframe) created and registered.
I0914 23:35:08.594228 15052 AssetAttributesManager.cpp:117] Asset attributes (cylinderSolid : cylinderSolid_rings_1_segments_12_halfLen_1_useTexCoords_false_useTangents_false_capEnds_true) created and registered.
I0914 23:35:08.594238 15052 AssetAttributesManager.cpp:117] Asset attributes (cylinderWireframe : cylinderWireframe_rings_1_segments_32_halfLen_1) created and registered.
I0914 23:35:08.594245 15052 AssetAttributesManager.cpp:117] Asset attributes (icosphereSolid : icosphereSolid_subdivs_1) created and registered.
I0914 23:35:08.594250 15052 AssetAttributesManager.cpp:117] Asset attributes (icosphereWireframe : icosphereWireframe_subdivs_1) created and registered.
I0914 23:35:08.594259 15052 AssetAttributesManager.cpp:117] Asset attributes (uvSphereSolid : uvSphereSolid_rings_8_segments_16_useTexCoords_false_useTangents_false) created and registered.
I0914 23:35:08.594266 15052 AssetAttributesManager.cpp:117] Asset attributes (uvSphereWireframe : uvSphereWireframe_rings_16_segments_32) created and registered.
I0914 23:35:08.594270 15052 AssetAttributesManager.cpp:105] AssetAttributesManager::buildCtorFuncPtrMaps : Built default primitive asset templates : 12
I0914 23:35:08.594525 15052 SceneDatasetAttributesManager.cpp:23] File (default) not found, so new default dataset attributes created and registered.
I0914 23:35:08.594527 15052 MetadataMediator.cpp:47] MetadataMediator::createDataset : Dataset default successfully created.
I0914 23:35:08.596505 15052 AttributesManagerBase.h:283] AttributesManager<T>::createFromJsonOrDefaultInternal  (Physics Manager) : Proposing JSON name : ./data/default.physics_config.json from original name : ./data/default.physics_config.json | This file  does not exist.
I0914 23:35:08.596515 15052 PhysicsAttributesManager.cpp:27] File (./data/default.physics_config.json) not found, so new default physics manager attributes created and registered.
I0914 23:35:08.596518 15052 AbstractObjectAttributesManagerBase.h:175] AbstractObjectAttributesManager<T>::createObject  (Stage) : Making attributes with handle : data/scene_datasets/mp3d/zsNo4HB9uLZ/zsNo4HB9uLZ.glb
I0914 23:35:08.596520 15052 ManagedContainerBase.cpp:19] ManagedContainerBase::convertFilenameToJSON : Filename : data/scene_datasets/mp3d/zsNo4HB9uLZ/zsNo4HB9uLZ.glb changed to proposed JSON configuration filename : data/scene_datasets/mp3d/zsNo4HB9uLZ/zsNo4HB9uLZ.stage_config.json
I0914 23:35:08.596554 15052 AttributesManagerBase.h:283] AttributesManager<T>::createFromJsonOrDefaultInternal  (Stage) : Proposing JSON name : data/scene_datasets/mp3d/zsNo4HB9uLZ/zsNo4HB9uLZ.stage_config.json from original name : data/scene_datasets/mp3d/zsNo4HB9uLZ/zsNo4HB9uLZ.glb | This file  does not exist.
I0914 23:35:08.596585 15052 AbstractObjectAttributesManagerBase.h:181] AbstractObjectAttributesManager<T>::createObject  (Stage) : Done making attributes with handle : data/scene_datasets/mp3d/zsNo4HB9uLZ/zsNo4HB9uLZ.glb
I0914 23:35:08.596586 15052 AbstractObjectAttributesManagerBase.h:188] File (data/scene_datasets/mp3d/zsNo4HB9uLZ/zsNo4HB9uLZ.glb) exists but is not a recognized config filename extension, so new default Stage attributes created and registered.
I0914 23:35:08.596589 15052 Simulator.cpp:156] Loading navmesh from data/scene_datasets/mp3d/zsNo4HB9uLZ/zsNo4HB9uLZ.navmesh
I0914 23:35:08.596642 15052 Simulator.cpp:158] Loaded.
I0914 23:35:08.596649 15052 SceneGraph.h:93] Created DrawableGroup: 
Renderer: NVIDIA T1000 8GB/PCIe/SSE2 by NVIDIA Corporation
OpenGL version: 4.6.0 NVIDIA 590.48.01
Using optional features:
    GL_ARB_ES2_compatibility
    GL_ARB_direct_state_access
    GL_ARB_get_texture_sub_image
    GL_ARB_invalidate_subdata
    GL_ARB_multi_bind
    GL_ARB_robustness
    GL_ARB_separate_shader_objects
    GL_ARB_texture_filter_anisotropic
    GL_ARB_texture_storage
    GL_ARB_texture_storage_multisample
    GL_ARB_vertex_array_object
    GL_KHR_debug
Using driver workarounds:
    no-forward-compatible-core-context
    nv-egl-incorrect-gl11-function-pointers
    no-layout-qualifiers-on-old-glsl
    nv-zero-context-profile-mask
    nv-implementation-color-read-format-dsa-broken
    nv-cubemap-inconsistent-compressed-image-size
    nv-cubemap-broken-full-compressed-image-query
    nv-compressed-block-size-in-bits
I0914 23:35:08.699272 15052 ResourceManager.cpp:234] ResourceManager::loadStage : Not loading semantic mesh
I0914 23:35:08.699281 15052 ResourceManager.cpp:262] ResourceManager::loadStage : start load render asset data/scene_datasets/mp3d/zsNo4HB9uLZ/zsNo4HB9uLZ.glb.
I0914 23:35:08.699282 15052 ResourceManager.cpp:569] ResourceManager::loadStageInternal : Attempting to load stage data/scene_datasets/mp3d/zsNo4HB9uLZ/zsNo4HB9uLZ.glb 
I0914 23:35:08.699294 15052 ResourceManager.cpp:1119] Importing Basis files as BC7 for zsNo4HB9uLZ.glb
W0914 23:35:09.566550 15052 Simulator.cpp:248] :
---
 The active scene does not contain semantic annotations. 
---
I0914 23:35:09.605415 15052 simulator.py:213] Loaded navmesh data/scene_datasets/mp3d/zsNo4HB9uLZ/zsNo4HB9uLZ.navmesh
2026-09-14 23:35:09,610 Initializing task VLN-v0
You are using a model of type bert to instantiate a model of type . This is not supported for all configurations of models and can yield errors.
Some weights of the model checkpoint at None were not used when initializing GlocalTextPathNavCMT: ['bert.global_encoder.encoder.x_layers.2.lang_self_att.self.value.weight', 'bert.global_encoder.encoder.x_layers.1.lang_inter.dense.weight', 'mlm_head.predictions.transform.dense.bias', 'bert.global_encoder.encoder.x_layers.1.lang_self_att.output.dense.bias', 'bert.global_encoder.encoder.x_layers.0.lang_self_att.output.dense.weight', 'mlm_head.predictions.transform.dense.weight', 'bert.global_encoder.encoder.x_layers.0.lang_output.LayerNorm.weight', 'bert.global_encoder.encoder.x_layers.3.lang_self_att.output.dense.bias', 'bert.global_encoder.encoder.x_layers.3.lang_self_att.self.value.weight', 'bert.global_encoder.encoder.x_layers.3.lang_self_att.self.key.bias', 'bert.global_encoder.encoder.x_layers.0.lang_self_att.self.key.weight', 'bert.global_encoder.encoder.x_layers.0.lang_self_att.self.query.weight', 'bert.global_encoder.encoder.x_layers.1.lang_self_att.self.value.weight', 'bert.global_encoder.encoder.x_layers.3.lang_self_att.output.LayerNorm.weight', 'bert.global_encoder.encoder.x_layers.0.lang_self_att.output.dense.bias', 'bert.global_encoder.encoder.x_layers.1.lang_self_att.self.query.weight', 'bert.global_encoder.encoder.x_layers.0.lang_self_att.self.query.bias', 'bert.global_encoder.encoder.x_layers.1.lang_self_att.output.LayerNorm.bias', 'bert.global_encoder.encoder.x_layers.1.lang_inter.dense.bias', 'bert.global_encoder.encoder.x_layers.3.lang_inter.dense.bias', 'bert.global_encoder.encoder.x_layers.2.lang_self_att.output.dense.weight', 'bert.global_encoder.encoder.x_layers.0.lang_output.dense.bias', 'bert.global_encoder.encoder.x_layers.0.lang_self_att.output.LayerNorm.bias', 'bert.global_encoder.encoder.x_layers.3.lang_self_att.self.key.weight', 'bert.global_encoder.encoder.x_layers.1.lang_output.dense.weight', 'bert.global_encoder.encoder.x_layers.1.lang_output.LayerNorm.weight', 'bert.global_encoder.encoder.x_layers.3.lang_output.dense.weight', 'bert.global_encoder.encoder.x_layers.3.lang_self_att.self.query.weight', 'bert.global_encoder.encoder.x_layers.2.lang_self_att.output.dense.bias', 'bert.global_encoder.encoder.x_layers.1.lang_self_att.self.key.bias', 'bert.global_encoder.encoder.x_layers.2.lang_self_att.self.value.bias', 'bert.global_encoder.encoder.x_layers.0.lang_output.LayerNorm.bias', 'bert.global_encoder.encoder.x_layers.2.lang_self_att.self.query.bias', 'bert.global_encoder.encoder.x_layers.3.lang_self_att.self.value.bias', 'bert.global_encoder.encoder.x_layers.2.lang_self_att.self.query.weight', 'bert.global_encoder.encoder.x_layers.2.lang_inter.dense.weight', 'bert.global_encoder.encoder.x_layers.0.lang_self_att.output.LayerNorm.weight', 'bert.global_encoder.encoder.x_layers.3.lang_self_att.output.dense.weight', 'bert.global_encoder.encoder.x_layers.3.lang_inter.dense.weight', 'bert.global_encoder.encoder.x_layers.3.lang_output.dense.bias', 'bert.global_encoder.encoder.x_layers.2.lang_output.dense.weight', 'bert.global_encoder.encoder.x_layers.0.lang_inter.dense.bias', 'bert.global_encoder.encoder.x_layers.2.lang_output.LayerNorm.weight', 'bert.global_encoder.encoder.x_layers.1.lang_self_att.self.value.bias', 'mlm_head.predictions.bias', 'bert.global_encoder.encoder.x_layers.1.lang_self_att.self.key.weight', 'bert.global_encoder.encoder.x_layers.0.lang_self_att.self.key.bias', 'bert.global_encoder.encoder.x_layers.2.lang_inter.dense.bias', 'bert.global_encoder.encoder.x_layers.1.lang_self_att.output.LayerNorm.weight', 'bert.global_encoder.encoder.x_layers.2.lang_self_att.output.LayerNorm.bias', 'bert.global_encoder.encoder.x_layers.2.lang_output.LayerNorm.bias', 'bert.global_encoder.encoder.x_layers.1.lang_self_att.self.query.bias', 'bert.global_encoder.encoder.x_layers.1.lang_output.dense.bias', 'bert.global_encoder.encoder.x_layers.2.lang_self_att.output.LayerNorm.weight', 'bert.global_encoder.encoder.x_layers.2.lang_self_att.self.key.bias', 'bert.global_encoder.encoder.x_layers.1.lang_output.LayerNorm.bias', 'mlm_head.predictions.transform.LayerNorm.weight', 'bert.global_encoder.encoder.x_layers.1.lang_self_att.output.dense.weight', 'mlm_head.predictions.decoder.weight', 'bert.global_encoder.encoder.x_layers.2.lang_self_att.self.key.weight', 'bert.global_encoder.encoder.x_layers.0.lang_self_att.self.value.bias', 'bert.global_encoder.encoder.x_layers.3.lang_output.LayerNorm.weight', 'bert.global_encoder.encoder.x_layers.3.lang_output.LayerNorm.bias', 'bert.global_encoder.encoder.x_layers.0.lang_inter.dense.weight', 'bert.global_encoder.encoder.x_layers.0.lang_self_att.self.value.weight', 'bert.global_encoder.encoder.x_layers.3.lang_self_att.self.query.bias', 'bert.global_encoder.encoder.x_layers.2.lang_output.dense.bias', 'mlm_head.predictions.transform.LayerNorm.bias', 'bert.global_encoder.encoder.x_layers.0.lang_output.dense.weight', 'bert.global_encoder.encoder.x_layers.3.lang_self_att.output.LayerNorm.bias']
- This IS expected if you are initializing GlocalTextPathNavCMT from the checkpoint of a model trained on another task or with another architecture (e.g. initializing a BertForSequenceClassification model from a BertForPreTraining model).
- This IS NOT expected if you are initializing GlocalTextPathNavCMT from the checkpoint of a model that you expect to be exactly identical (initializing a BertForSequenceClassification model from a BertForSequenceClassification model).
2026-09-14 23:35:15,295 Loaded weights from checkpoint: data/logs/checkpoints/release_r2r/ckpt.iter12000.pth, iteration: 12000
2026-09-14 23:35:15,297 Agent parameters: 299.14 MB. Trainable: 140.79 MB.
2026-09-14 23:35:15,297 Finished setting up policy.
local rank: 0 | dataset length: 1

Initalizing the ETP model ...
  0%|          | 0/1 [00:00<?, ?it/s]2026-09-14 23:35:21,559 Video created: data/logs/video/spatial_zsNo4HB9uLZ_12/zsNo4HB9uLZ-12-SPL0.00.mp4
  0%|          | 0/53 [00:00<?, ?it/s]IMAGEIO FFMPEG_WRITER WARNING: input image is not divisible by macro_block_size=16, resizing from (825, 256) to (832, 256) to ensure video compatibility with most codecs and players. To prevent resizing, make your input image divisible by the macro_block_size or set the macro_block_size to 1 (risking incompatibility).
[swscaler @ 0x5fa54218efc0] Warning: data is not aligned! This can lead to a speed loss
100%|██████████| 53/53 [00:00<00:00, 566.73it/s]100%|██████████| 1/1 [00:06<00:00,  6.43s/it]I0914 23:35:21.757208 15052 PhysicsManager.cpp:33] Deconstructing PhysicsManager
I0914 23:35:21.757236 15052 SemanticScene.h:41] Deconstructing SemanticScene
I0914 23:35:21.758570 15052 SceneManager.h:25] Deconstructing SceneManager
I0914 23:35:21.758579 15052 SceneGraph.h:26] Deconstructing SceneGraph
I0914 23:35:21.758844 15052 Sensor.h:87] Deconstructing Sensor
I0914 23:35:21.759007 15052 Sensor.h:87] Deconstructing Sensor
I0914 23:35:21.759105 15052 Sensor.h:87] Deconstructing Sensor
I0914 23:35:21.759202 15052 Sensor.h:87] Deconstructing Sensor
I0914 23:35:21.759292 15052 Sensor.h:87] Deconstructing Sensor
I0914 23:35:21.759387 15052 Sensor.h:87] Deconstructing Sensor
I0914 23:35:21.759477 15052 Sensor.h:87] Deconstructing Sensor
I0914 23:35:21.759564 15052 Sensor.h:87] Deconstructing Sensor
I0914 23:35:21.759652 15052 Sensor.h:87] Deconstructing Sensor
I0914 23:35:21.759740 15052 Sensor.h:87] Deconstructing Sensor
I0914 23:35:21.759828 15052 Sensor.h:87] Deconstructing Sensor
I0914 23:35:21.759912 15052 Sensor.h:87] Deconstructing Sensor
I0914 23:35:21.760003 15052 Sensor.h:87] Deconstructing Sensor
I0914 23:35:21.760120 15052 Sensor.h:87] Deconstructing Sensor
I0914 23:35:21.760236 15052 Sensor.h:87] Deconstructing Sensor
I0914 23:35:21.760347 15052 Sensor.h:87] Deconstructing Sensor
I0914 23:35:21.760455 15052 Sensor.h:87] Deconstructing Sensor
I0914 23:35:21.760569 15052 Sensor.h:87] Deconstructing Sensor
I0914 23:35:21.760681 15052 Sensor.h:87] Deconstructing Sensor
I0914 23:35:21.760792 15052 Sensor.h:87] Deconstructing Sensor
I0914 23:35:21.760900 15052 Sensor.h:87] Deconstructing Sensor
I0914 23:35:21.761013 15052 Sensor.h:87] Deconstructing Sensor
I0914 23:35:21.761122 15052 Sensor.h:87] Deconstructing Sensor
I0914 23:35:21.761226 15052 Sensor.h:87] Deconstructing Sensor
I0914 23:35:21.761320 15052 Sensor.h:87] Deconstructing Sensor
I0914 23:35:21.761407 15052 Sensor.h:87] Deconstructing Sensor
I0914 23:35:21.761493 15052 Sensor.h:87] Deconstructing Sensor
I0914 23:35:21.761577 15052 Sensor.h:87] Deconstructing Sensor
I0914 23:35:21.761659 15052 Sensor.h:87] Deconstructing Sensor
I0914 23:35:21.761667 15052 Sensor.h:87] Deconstructing Sensor
I0914 23:35:21.763717 15052 Renderer.cpp:34] Deconstructing Renderer
I0914 23:35:21.763728 15052 WindowlessContext.h:17] Deconstructing WindowlessContext
I0914 23:35:21.770218 15052 Simulator.cpp:49] Deconstructing Simulator

2026-09-14 23:35:21,772 Episodes evaluated: 1
2026-09-14 23:35:21,772 Average episode steps_taken: 52.000000
2026-09-14 23:35:21,772 Average episode distance_to_goal: 11.518582
2026-09-14 23:35:21,772 Average episode success: 0.000000
2026-09-14 23:35:21,772 Average episode oracle_success: 0.000000
2026-09-14 23:35:21,772 Average episode path_length: 6.508790
2026-09-14 23:35:21,772 Average episode collisions: 0.037037
2026-09-14 23:35:21,772 Average episode spl: 0.000000
2026-09-14 23:35:21,772 Average episode ndtw: 0.000000
2026-09-14 23:35:21,773 Average episode sdtw: 0.000000
2026-09-14 23:35:21,773 Average episode ghost_cnt: 18.000000
100%|██████████| 1/1 [00:06<00:00,  6.45s/it]
2026-09-14 23:35:24,341 checkpoint_path: data/logs/checkpoints/release_r2r/ckpt.iter12000.pth
2026-09-14 23:35:24,342 Initializing dataset VLN-CE-v1
2026-09-14 23:35:24,363 SPLTI: custom, NUMBER OF SCENES: 1
2026-09-14 23:35:25,797 Initializing dataset VLN-CE-v1
2026-09-14 23:35:25,817 initializing sim Sim-v1
WARNING: Logging before InitGoogleLogging() is written to STDERR
I0914 23:35:25.822873 15317 ManagedContainerBase.cpp:19] ManagedContainerBase::convertFilenameToJSON : Filename : default changed to proposed JSON configuration filename : default.scene_dataset_config.json
I0914 23:35:25.822896 15317 AttributesManagerBase.h:283] AttributesManager<T>::createFromJsonOrDefaultInternal  (Dataset) : Proposing JSON name : default.scene_dataset_config.json from original name : default | This file  does not exist.
I0914 23:35:25.822937 15317 AssetAttributesManager.cpp:117] Asset attributes (capsule3DSolid : capsule3DSolid_hemiRings_4_cylRings_1_segments_12_halfLen_0.75_useTexCoords_false_useTangents_false) created and registered.
I0914 23:35:25.822952 15317 AssetAttributesManager.cpp:117] Asset attributes (capsule3DWireframe : capsule3DWireframe_hemiRings_8_cylRings_1_segments_16_halfLen_1) created and registered.
I0914 23:35:25.822965 15317 AssetAttributesManager.cpp:117] Asset attributes (coneSolid : coneSolid_segments_12_halfLen_1.25_rings_1_useTexCoords_false_useTangents_false_capEnd_true) created and registered.
I0914 23:35:25.822974 15317 AssetAttributesManager.cpp:117] Asset attributes (coneWireframe : coneWireframe_segments_32_halfLen_1.25) created and registered.
I0914 23:35:25.822979 15317 AssetAttributesManager.cpp:117] Asset attributes (cubeSolid : cubeSolid) created and registered.
I0914 23:35:25.822983 15317 AssetAttributesManager.cpp:117] Asset attributes (cubeWireframe : cubeWireframe) created and registered.
I0914 23:35:25.823002 15317 AssetAttributesManager.cpp:117] Asset attributes (cylinderSolid : cylinderSolid_rings_1_segments_12_halfLen_1_useTexCoords_false_useTangents_false_capEnds_true) created and registered.
I0914 23:35:25.823014 15317 AssetAttributesManager.cpp:117] Asset attributes (cylinderWireframe : cylinderWireframe_rings_1_segments_32_halfLen_1) created and registered.
I0914 23:35:25.823024 15317 AssetAttributesManager.cpp:117] Asset attributes (icosphereSolid : icosphereSolid_subdivs_1) created and registered.
I0914 23:35:25.823029 15317 AssetAttributesManager.cpp:117] Asset attributes (icosphereWireframe : icosphereWireframe_subdivs_1) created and registered.
I0914 23:35:25.823037 15317 AssetAttributesManager.cpp:117] Asset attributes (uvSphereSolid : uvSphereSolid_rings_8_segments_16_useTexCoords_false_useTangents_false) created and registered.
I0914 23:35:25.823045 15317 AssetAttributesManager.cpp:117] Asset attributes (uvSphereWireframe : uvSphereWireframe_rings_16_segments_32) created and registered.
I0914 23:35:25.823047 15317 AssetAttributesManager.cpp:105] AssetAttributesManager::buildCtorFuncPtrMaps : Built default primitive asset templates : 12
I0914 23:35:25.823345 15317 SceneDatasetAttributesManager.cpp:23] File (default) not found, so new default dataset attributes created and registered.
I0914 23:35:25.823348 15317 MetadataMediator.cpp:47] MetadataMediator::createDataset : Dataset default successfully created.
I0914 23:35:25.825357 15317 AttributesManagerBase.h:283] AttributesManager<T>::createFromJsonOrDefaultInternal  (Physics Manager) : Proposing JSON name : ./data/default.physics_config.json from original name : ./data/default.physics_config.json | This file  does not exist.
I0914 23:35:25.825376 15317 PhysicsAttributesManager.cpp:27] File (./data/default.physics_config.json) not found, so new default physics manager attributes created and registered.
I0914 23:35:25.825378 15317 AbstractObjectAttributesManagerBase.h:175] AbstractObjectAttributesManager<T>::createObject  (Stage) : Making attributes with handle : data/scene_datasets/mp3d/zsNo4HB9uLZ/zsNo4HB9uLZ.glb
I0914 23:35:25.825387 15317 ManagedContainerBase.cpp:19] ManagedContainerBase::convertFilenameToJSON : Filename : data/scene_datasets/mp3d/zsNo4HB9uLZ/zsNo4HB9uLZ.glb changed to proposed JSON configuration filename : data/scene_datasets/mp3d/zsNo4HB9uLZ/zsNo4HB9uLZ.stage_config.json
I0914 23:35:25.825392 15317 AttributesManagerBase.h:283] AttributesManager<T>::createFromJsonOrDefaultInternal  (Stage) : Proposing JSON name : data/scene_datasets/mp3d/zsNo4HB9uLZ/zsNo4HB9uLZ.stage_config.json from original name : data/scene_datasets/mp3d/zsNo4HB9uLZ/zsNo4HB9uLZ.glb | This file  does not exist.
I0914 23:35:25.825428 15317 AbstractObjectAttributesManagerBase.h:181] AbstractObjectAttributesManager<T>::createObject  (Stage) : Done making attributes with handle : data/scene_datasets/mp3d/zsNo4HB9uLZ/zsNo4HB9uLZ.glb
I0914 23:35:25.825429 15317 AbstractObjectAttributesManagerBase.h:188] File (data/scene_datasets/mp3d/zsNo4HB9uLZ/zsNo4HB9uLZ.glb) exists but is not a recognized config filename extension, so new default Stage attributes created and registered.
I0914 23:35:25.825433 15317 Simulator.cpp:156] Loading navmesh from data/scene_datasets/mp3d/zsNo4HB9uLZ/zsNo4HB9uLZ.navmesh
I0914 23:35:25.825490 15317 Simulator.cpp:158] Loaded.
I0914 23:35:25.825497 15317 SceneGraph.h:93] Created DrawableGroup: 
Renderer: NVIDIA T1000 8GB/PCIe/SSE2 by NVIDIA Corporation
OpenGL version: 4.6.0 NVIDIA 590.48.01
Using optional features:
    GL_ARB_ES2_compatibility
    GL_ARB_direct_state_access
    GL_ARB_get_texture_sub_image
    GL_ARB_invalidate_subdata
    GL_ARB_multi_bind
    GL_ARB_robustness
    GL_ARB_separate_shader_objects
    GL_ARB_texture_filter_anisotropic
    GL_ARB_texture_storage
    GL_ARB_texture_storage_multisample
    GL_ARB_vertex_array_object
    GL_KHR_debug
Using driver workarounds:
    no-forward-compatible-core-context
    nv-egl-incorrect-gl11-function-pointers
    no-layout-qualifiers-on-old-glsl
    nv-zero-context-profile-mask
    nv-implementation-color-read-format-dsa-broken
    nv-cubemap-inconsistent-compressed-image-size
    nv-cubemap-broken-full-compressed-image-query
    nv-compressed-block-size-in-bits
I0914 23:35:25.910399 15317 ResourceManager.cpp:234] ResourceManager::loadStage : Not loading semantic mesh
I0914 23:35:25.910408 15317 ResourceManager.cpp:262] ResourceManager::loadStage : start load render asset data/scene_datasets/mp3d/zsNo4HB9uLZ/zsNo4HB9uLZ.glb.
I0914 23:35:25.910408 15317 ResourceManager.cpp:569] ResourceManager::loadStageInternal : Attempting to load stage data/scene_datasets/mp3d/zsNo4HB9uLZ/zsNo4HB9uLZ.glb 
I0914 23:35:25.910420 15317 ResourceManager.cpp:1119] Importing Basis files as BC7 for zsNo4HB9uLZ.glb
W0914 23:35:26.774837 15317 Simulator.cpp:248] :
---
 The active scene does not contain semantic annotations. 
---
I0914 23:35:26.813346 15317 simulator.py:213] Loaded navmesh data/scene_datasets/mp3d/zsNo4HB9uLZ/zsNo4HB9uLZ.navmesh
2026-09-14 23:35:26,817 Initializing task VLN-v0
You are using a model of type bert to instantiate a model of type . This is not supported for all configurations of models and can yield errors.
Some weights of the model checkpoint at None were not used when initializing GlocalTextPathNavCMT: ['mlm_head.predictions.decoder.weight', 'bert.global_encoder.encoder.x_layers.0.lang_self_att.self.query.bias', 'bert.global_encoder.encoder.x_layers.3.lang_output.dense.bias', 'bert.global_encoder.encoder.x_layers.1.lang_self_att.self.query.bias', 'bert.global_encoder.encoder.x_layers.1.lang_self_att.self.value.weight', 'bert.global_encoder.encoder.x_layers.0.lang_self_att.output.LayerNorm.bias', 'bert.global_encoder.encoder.x_layers.3.lang_output.LayerNorm.weight', 'bert.global_encoder.encoder.x_layers.0.lang_inter.dense.bias', 'bert.global_encoder.encoder.x_layers.2.lang_self_att.output.LayerNorm.weight', 'bert.global_encoder.encoder.x_layers.1.lang_self_att.self.query.weight', 'bert.global_encoder.encoder.x_layers.0.lang_self_att.self.query.weight', 'mlm_head.predictions.transform.LayerNorm.weight', 'bert.global_encoder.encoder.x_layers.3.lang_self_att.output.LayerNorm.weight', 'mlm_head.predictions.transform.LayerNorm.bias', 'mlm_head.predictions.transform.dense.weight', 'bert.global_encoder.encoder.x_layers.0.lang_output.LayerNorm.bias', 'bert.global_encoder.encoder.x_layers.3.lang_inter.dense.bias', 'bert.global_encoder.encoder.x_layers.3.lang_self_att.output.dense.weight', 'bert.global_encoder.encoder.x_layers.3.lang_self_att.self.key.bias', 'bert.global_encoder.encoder.x_layers.0.lang_output.dense.bias', 'bert.global_encoder.encoder.x_layers.2.lang_inter.dense.weight', 'bert.global_encoder.encoder.x_layers.1.lang_output.LayerNorm.weight', 'bert.global_encoder.encoder.x_layers.1.lang_self_att.self.key.bias', 'bert.global_encoder.encoder.x_layers.3.lang_output.LayerNorm.bias', 'bert.global_encoder.encoder.x_layers.0.lang_output.LayerNorm.weight', 'bert.global_encoder.encoder.x_layers.0.lang_output.dense.weight', 'bert.global_encoder.encoder.x_layers.3.lang_self_att.self.value.bias', 'bert.global_encoder.encoder.x_layers.3.lang_inter.dense.weight', 'bert.global_encoder.encoder.x_layers.1.lang_self_att.output.LayerNorm.weight', 'mlm_head.predictions.bias', 'mlm_head.predictions.transform.dense.bias', 'bert.global_encoder.encoder.x_layers.2.lang_self_att.self.key.weight', 'bert.global_encoder.encoder.x_layers.1.lang_output.dense.bias', 'bert.global_encoder.encoder.x_layers.2.lang_self_att.self.value.bias', 'bert.global_encoder.encoder.x_layers.1.lang_self_att.output.dense.bias', 'bert.global_encoder.encoder.x_layers.1.lang_inter.dense.weight', 'bert.global_encoder.encoder.x_layers.1.lang_output.dense.weight', 'bert.global_encoder.encoder.x_layers.0.lang_inter.dense.weight', 'bert.global_encoder.encoder.x_layers.0.lang_self_att.output.dense.bias', 'bert.global_encoder.encoder.x_layers.2.lang_self_att.output.LayerNorm.bias', 'bert.global_encoder.encoder.x_layers.0.lang_self_att.output.LayerNorm.weight', 'bert.global_encoder.encoder.x_layers.2.lang_output.dense.weight', 'bert.global_encoder.encoder.x_layers.1.lang_self_att.self.value.bias', 'bert.global_encoder.encoder.x_layers.0.lang_self_att.self.key.bias', 'bert.global_encoder.encoder.x_layers.2.lang_self_att.self.query.weight', 'bert.global_encoder.encoder.x_layers.2.lang_self_att.output.dense.weight', 'bert.global_encoder.encoder.x_layers.1.lang_self_att.self.key.weight', 'bert.global_encoder.encoder.x_layers.2.lang_self_att.self.value.weight', 'bert.global_encoder.encoder.x_layers.2.lang_self_att.self.query.bias', 'bert.global_encoder.encoder.x_layers.3.lang_self_att.self.value.weight', 'bert.global_encoder.encoder.x_layers.2.lang_output.LayerNorm.bias', 'bert.global_encoder.encoder.x_layers.1.lang_self_att.output.dense.weight', 'bert.global_encoder.encoder.x_layers.3.lang_self_att.self.key.weight', 'bert.global_encoder.encoder.x_layers.3.lang_self_att.output.dense.bias', 'bert.global_encoder.encoder.x_layers.2.lang_self_att.output.dense.bias', 'bert.global_encoder.encoder.x_layers.2.lang_output.LayerNorm.weight', 'bert.global_encoder.encoder.x_layers.1.lang_self_att.output.LayerNorm.bias', 'bert.global_encoder.encoder.x_layers.0.lang_self_att.self.value.bias', 'bert.global_encoder.encoder.x_layers.1.lang_inter.dense.bias', 'bert.global_encoder.encoder.x_layers.2.lang_output.dense.bias', 'bert.global_encoder.encoder.x_layers.0.lang_self_att.self.value.weight', 'bert.global_encoder.encoder.x_layers.0.lang_self_att.self.key.weight', 'bert.global_encoder.encoder.x_layers.2.lang_inter.dense.bias', 'bert.global_encoder.encoder.x_layers.3.lang_self_att.self.query.bias', 'bert.global_encoder.encoder.x_layers.3.lang_output.dense.weight', 'bert.global_encoder.encoder.x_layers.2.lang_self_att.self.key.bias', 'bert.global_encoder.encoder.x_layers.3.lang_self_att.output.LayerNorm.bias', 'bert.global_encoder.encoder.x_layers.0.lang_self_att.output.dense.weight', 'bert.global_encoder.encoder.x_layers.1.lang_output.LayerNorm.bias', 'bert.global_encoder.encoder.x_layers.3.lang_self_att.self.query.weight']
- This IS expected if you are initializing GlocalTextPathNavCMT from the checkpoint of a model trained on another task or with another architecture (e.g. initializing a BertForSequenceClassification model from a BertForPreTraining model).
- This IS NOT expected if you are initializing GlocalTextPathNavCMT from the checkpoint of a model that you expect to be exactly identical (initializing a BertForSequenceClassification model from a BertForSequenceClassification model).
2026-09-14 23:35:32,716 Loaded weights from checkpoint: data/logs/checkpoints/release_r2r/ckpt.iter12000.pth, iteration: 12000
2026-09-14 23:35:32,718 Agent parameters: 299.14 MB. Trainable: 140.79 MB.
2026-09-14 23:35:32,718 Finished setting up policy.
local rank: 0 | dataset length: 1

Initalizing the ETP model ...
  0%|          | 0/1 [00:00<?, ?it/s]2026-09-14 23:35:43,045 Video created: data/logs/video/spatial_zsNo4HB9uLZ_13/zsNo4HB9uLZ-13-SPL0.00.mp4
  0%|          | 0/102 [00:00<?, ?it/s]IMAGEIO FFMPEG_WRITER WARNING: input image is not divisible by macro_block_size=16, resizing from (825, 256) to (832, 256) to ensure video compatibility with most codecs and players. To prevent resizing, make your input image divisible by the macro_block_size or set the macro_block_size to 1 (risking incompatibility).
[swscaler @ 0x5b044942bfc0] Warning: data is not aligned! This can lead to a speed loss
 60%|█████▉    | 61/102 [00:00<00:00, 608.67it/s]100%|██████████| 102/102 [00:00<00:00, 671.72it/s]100%|██████████| 1/1 [00:10<00:00, 10.58s/it]I0914 23:35:43.302110 15317 PhysicsManager.cpp:33] Deconstructing PhysicsManager
I0914 23:35:43.302138 15317 SemanticScene.h:41] Deconstructing SemanticScene
I0914 23:35:43.303668 15317 SceneManager.h:25] Deconstructing SceneManager
I0914 23:35:43.303678 15317 SceneGraph.h:26] Deconstructing SceneGraph
I0914 23:35:43.303947 15317 Sensor.h:87] Deconstructing Sensor
I0914 23:35:43.304113 15317 Sensor.h:87] Deconstructing Sensor
I0914 23:35:43.304217 15317 Sensor.h:87] Deconstructing Sensor
I0914 23:35:43.304306 15317 Sensor.h:87] Deconstructing Sensor
I0914 23:35:43.304394 15317 Sensor.h:87] Deconstructing Sensor
I0914 23:35:43.304483 15317 Sensor.h:87] Deconstructing Sensor
I0914 23:35:43.304569 15317 Sensor.h:87] Deconstructing Sensor
I0914 23:35:43.304657 15317 Sensor.h:87] Deconstructing Sensor
I0914 23:35:43.304742 15317 Sensor.h:87] Deconstructing Sensor
I0914 23:35:43.304826 15317 Sensor.h:87] Deconstructing Sensor
I0914 23:35:43.304913 15317 Sensor.h:87] Deconstructing Sensor
I0914 23:35:43.305001 15317 Sensor.h:87] Deconstructing Sensor
I0914 23:35:43.305087 15317 Sensor.h:87] Deconstructing Sensor
I0914 23:35:43.305204 15317 Sensor.h:87] Deconstructing Sensor
I0914 23:35:43.305311 15317 Sensor.h:87] Deconstructing Sensor
I0914 23:35:43.305418 15317 Sensor.h:87] Deconstructing Sensor
I0914 23:35:43.305522 15317 Sensor.h:87] Deconstructing Sensor
I0914 23:35:43.305634 15317 Sensor.h:87] Deconstructing Sensor
I0914 23:35:43.305744 15317 Sensor.h:87] Deconstructing Sensor
I0914 23:35:43.305850 15317 Sensor.h:87] Deconstructing Sensor
I0914 23:35:43.305955 15317 Sensor.h:87] Deconstructing Sensor
I0914 23:35:43.306064 15317 Sensor.h:87] Deconstructing Sensor
I0914 23:35:43.306176 15317 Sensor.h:87] Deconstructing Sensor
I0914 23:35:43.306273 15317 Sensor.h:87] Deconstructing Sensor
I0914 23:35:43.306360 15317 Sensor.h:87] Deconstructing Sensor
I0914 23:35:43.306444 15317 Sensor.h:87] Deconstructing Sensor
I0914 23:35:43.306528 15317 Sensor.h:87] Deconstructing Sensor
I0914 23:35:43.306612 15317 Sensor.h:87] Deconstructing Sensor
I0914 23:35:43.306692 15317 Sensor.h:87] Deconstructing Sensor
I0914 23:35:43.306699 15317 Sensor.h:87] Deconstructing Sensor
I0914 23:35:43.308619 15317 Renderer.cpp:34] Deconstructing Renderer
I0914 23:35:43.308629 15317 WindowlessContext.h:17] Deconstructing WindowlessContext
I0914 23:35:43.315160 15317 Simulator.cpp:49] Deconstructing Simulator

2026-09-14 23:35:43,316 Episodes evaluated: 1
2026-09-14 23:35:43,316 Average episode steps_taken: 101.000000
2026-09-14 23:35:43,316 Average episode distance_to_goal: 13.061659
2026-09-14 23:35:43,317 Average episode success: 0.000000
2026-09-14 23:35:43,317 Average episode oracle_success: 0.000000
2026-09-14 23:35:43,317 Average episode path_length: 13.228619
2026-09-14 23:35:43,317 Average episode collisions: 0.037037
2026-09-14 23:35:43,317 Average episode spl: 0.000000
2026-09-14 23:35:43,317 Average episode ndtw: 0.000000
2026-09-14 23:35:43,317 Average episode sdtw: 0.000000
2026-09-14 23:35:43,317 Average episode ghost_cnt: 27.000000
100%|██████████| 1/1 [00:10<00:00, 10.59s/it]
2026-09-14 23:35:45,893 checkpoint_path: data/logs/checkpoints/release_r2r/ckpt.iter12000.pth
2026-09-14 23:35:45,893 Initializing dataset VLN-CE-v1
2026-09-14 23:35:45,914 SPLTI: custom, NUMBER OF SCENES: 1
2026-09-14 23:35:47,420 Initializing dataset VLN-CE-v1
2026-09-14 23:35:47,440 initializing sim Sim-v1
WARNING: Logging before InitGoogleLogging() is written to STDERR
I0914 23:35:47.446331 15576 ManagedContainerBase.cpp:19] ManagedContainerBase::convertFilenameToJSON : Filename : default changed to proposed JSON configuration filename : default.scene_dataset_config.json
I0914 23:35:47.446354 15576 AttributesManagerBase.h:283] AttributesManager<T>::createFromJsonOrDefaultInternal  (Dataset) : Proposing JSON name : default.scene_dataset_config.json from original name : default | This file  does not exist.
I0914 23:35:47.446398 15576 AssetAttributesManager.cpp:117] Asset attributes (capsule3DSolid : capsule3DSolid_hemiRings_4_cylRings_1_segments_12_halfLen_0.75_useTexCoords_false_useTangents_false) created and registered.
I0914 23:35:47.446419 15576 AssetAttributesManager.cpp:117] Asset attributes (capsule3DWireframe : capsule3DWireframe_hemiRings_8_cylRings_1_segments_16_halfLen_1) created and registered.
I0914 23:35:47.446434 15576 AssetAttributesManager.cpp:117] Asset attributes (coneSolid : coneSolid_segments_12_halfLen_1.25_rings_1_useTexCoords_false_useTangents_false_capEnd_true) created and registered.
I0914 23:35:47.446444 15576 AssetAttributesManager.cpp:117] Asset attributes (coneWireframe : coneWireframe_segments_32_halfLen_1.25) created and registered.
I0914 23:35:47.446449 15576 AssetAttributesManager.cpp:117] Asset attributes (cubeSolid : cubeSolid) created and registered.
I0914 23:35:47.446453 15576 AssetAttributesManager.cpp:117] Asset attributes (cubeWireframe : cubeWireframe) created and registered.
I0914 23:35:47.446466 15576 AssetAttributesManager.cpp:117] Asset attributes (cylinderSolid : cylinderSolid_rings_1_segments_12_halfLen_1_useTexCoords_false_useTangents_false_capEnds_true) created and registered.
I0914 23:35:47.446475 15576 AssetAttributesManager.cpp:117] Asset attributes (cylinderWireframe : cylinderWireframe_rings_1_segments_32_halfLen_1) created and registered.
I0914 23:35:47.446481 15576 AssetAttributesManager.cpp:117] Asset attributes (icosphereSolid : icosphereSolid_subdivs_1) created and registered.
I0914 23:35:47.446487 15576 AssetAttributesManager.cpp:117] Asset attributes (icosphereWireframe : icosphereWireframe_subdivs_1) created and registered.
I0914 23:35:47.446496 15576 AssetAttributesManager.cpp:117] Asset attributes (uvSphereSolid : uvSphereSolid_rings_8_segments_16_useTexCoords_false_useTangents_false) created and registered.
I0914 23:35:47.446503 15576 AssetAttributesManager.cpp:117] Asset attributes (uvSphereWireframe : uvSphereWireframe_rings_16_segments_32) created and registered.
I0914 23:35:47.446506 15576 AssetAttributesManager.cpp:105] AssetAttributesManager::buildCtorFuncPtrMaps : Built default primitive asset templates : 12
I0914 23:35:47.446763 15576 SceneDatasetAttributesManager.cpp:23] File (default) not found, so new default dataset attributes created and registered.
I0914 23:35:47.446765 15576 MetadataMediator.cpp:47] MetadataMediator::createDataset : Dataset default successfully created.
I0914 23:35:47.448768 15576 AttributesManagerBase.h:283] AttributesManager<T>::createFromJsonOrDefaultInternal  (Physics Manager) : Proposing JSON name : ./data/default.physics_config.json from original name : ./data/default.physics_config.json | This file  does not exist.
I0914 23:35:47.448783 15576 PhysicsAttributesManager.cpp:27] File (./data/default.physics_config.json) not found, so new default physics manager attributes created and registered.
I0914 23:35:47.448786 15576 AbstractObjectAttributesManagerBase.h:175] AbstractObjectAttributesManager<T>::createObject  (Stage) : Making attributes with handle : data/scene_datasets/mp3d/zsNo4HB9uLZ/zsNo4HB9uLZ.glb
I0914 23:35:47.448788 15576 ManagedContainerBase.cpp:19] ManagedContainerBase::convertFilenameToJSON : Filename : data/scene_datasets/mp3d/zsNo4HB9uLZ/zsNo4HB9uLZ.glb changed to proposed JSON configuration filename : data/scene_datasets/mp3d/zsNo4HB9uLZ/zsNo4HB9uLZ.stage_config.json
I0914 23:35:47.448793 15576 AttributesManagerBase.h:283] AttributesManager<T>::createFromJsonOrDefaultInternal  (Stage) : Proposing JSON name : data/scene_datasets/mp3d/zsNo4HB9uLZ/zsNo4HB9uLZ.stage_config.json from original name : data/scene_datasets/mp3d/zsNo4HB9uLZ/zsNo4HB9uLZ.glb | This file  does not exist.
I0914 23:35:47.448822 15576 AbstractObjectAttributesManagerBase.h:181] AbstractObjectAttributesManager<T>::createObject  (Stage) : Done making attributes with handle : data/scene_datasets/mp3d/zsNo4HB9uLZ/zsNo4HB9uLZ.glb
I0914 23:35:47.448823 15576 AbstractObjectAttributesManagerBase.h:188] File (data/scene_datasets/mp3d/zsNo4HB9uLZ/zsNo4HB9uLZ.glb) exists but is not a recognized config filename extension, so new default Stage attributes created and registered.
I0914 23:35:47.448827 15576 Simulator.cpp:156] Loading navmesh from data/scene_datasets/mp3d/zsNo4HB9uLZ/zsNo4HB9uLZ.navmesh
I0914 23:35:47.448879 15576 Simulator.cpp:158] Loaded.
I0914 23:35:47.448885 15576 SceneGraph.h:93] Created DrawableGroup: 
Renderer: NVIDIA T1000 8GB/PCIe/SSE2 by NVIDIA Corporation
OpenGL version: 4.6.0 NVIDIA 590.48.01
Using optional features:
    GL_ARB_ES2_compatibility
    GL_ARB_direct_state_access
    GL_ARB_get_texture_sub_image
    GL_ARB_invalidate_subdata
    GL_ARB_multi_bind
    GL_ARB_robustness
    GL_ARB_separate_shader_objects
    GL_ARB_texture_filter_anisotropic
    GL_ARB_texture_storage
    GL_ARB_texture_storage_multisample
    GL_ARB_vertex_array_object
    GL_KHR_debug
Using driver workarounds:
    no-forward-compatible-core-context
    nv-egl-incorrect-gl11-function-pointers
    no-layout-qualifiers-on-old-glsl
    nv-zero-context-profile-mask
    nv-implementation-color-read-format-dsa-broken
    nv-cubemap-inconsistent-compressed-image-size
    nv-cubemap-broken-full-compressed-image-query
    nv-compressed-block-size-in-bits
I0914 23:35:47.533025 15576 ResourceManager.cpp:234] ResourceManager::loadStage : Not loading semantic mesh
I0914 23:35:47.533033 15576 ResourceManager.cpp:262] ResourceManager::loadStage : start load render asset data/scene_datasets/mp3d/zsNo4HB9uLZ/zsNo4HB9uLZ.glb.
I0914 23:35:47.533035 15576 ResourceManager.cpp:569] ResourceManager::loadStageInternal : Attempting to load stage data/scene_datasets/mp3d/zsNo4HB9uLZ/zsNo4HB9uLZ.glb 
I0914 23:35:47.533047 15576 ResourceManager.cpp:1119] Importing Basis files as BC7 for zsNo4HB9uLZ.glb
W0914 23:35:48.399305 15576 Simulator.cpp:248] :
---
 The active scene does not contain semantic annotations. 
---
I0914 23:35:48.438614 15576 simulator.py:213] Loaded navmesh data/scene_datasets/mp3d/zsNo4HB9uLZ/zsNo4HB9uLZ.navmesh
2026-09-14 23:35:48,443 Initializing task VLN-v0
You are using a model of type bert to instantiate a model of type . This is not supported for all configurations of models and can yield errors.
Some weights of the model checkpoint at None were not used when initializing GlocalTextPathNavCMT: ['bert.global_encoder.encoder.x_layers.2.lang_inter.dense.bias', 'bert.global_encoder.encoder.x_layers.1.lang_output.dense.weight', 'bert.global_encoder.encoder.x_layers.3.lang_inter.dense.weight', 'bert.global_encoder.encoder.x_layers.3.lang_self_att.self.query.weight', 'bert.global_encoder.encoder.x_layers.0.lang_self_att.self.key.weight', 'bert.global_encoder.encoder.x_layers.0.lang_output.dense.weight', 'mlm_head.predictions.decoder.weight', 'bert.global_encoder.encoder.x_layers.3.lang_self_att.output.dense.weight', 'bert.global_encoder.encoder.x_layers.1.lang_self_att.self.query.bias', 'bert.global_encoder.encoder.x_layers.3.lang_self_att.output.dense.bias', 'bert.global_encoder.encoder.x_layers.0.lang_self_att.output.dense.bias', 'bert.global_encoder.encoder.x_layers.1.lang_self_att.self.value.bias', 'bert.global_encoder.encoder.x_layers.2.lang_self_att.self.key.weight', 'bert.global_encoder.encoder.x_layers.2.lang_self_att.output.dense.weight', 'bert.global_encoder.encoder.x_layers.2.lang_self_att.output.LayerNorm.weight', 'bert.global_encoder.encoder.x_layers.0.lang_self_att.output.dense.weight', 'bert.global_encoder.encoder.x_layers.0.lang_self_att.output.LayerNorm.bias', 'bert.global_encoder.encoder.x_layers.0.lang_inter.dense.bias', 'bert.global_encoder.encoder.x_layers.0.lang_output.dense.bias', 'bert.global_encoder.encoder.x_layers.2.lang_self_att.self.query.weight', 'bert.global_encoder.encoder.x_layers.3.lang_output.LayerNorm.bias', 'bert.global_encoder.encoder.x_layers.1.lang_self_att.output.dense.bias', 'bert.global_encoder.encoder.x_layers.0.lang_output.LayerNorm.weight', 'bert.global_encoder.encoder.x_layers.0.lang_output.LayerNorm.bias', 'bert.global_encoder.encoder.x_layers.3.lang_self_att.self.value.weight', 'bert.global_encoder.encoder.x_layers.3.lang_output.dense.weight', 'bert.global_encoder.encoder.x_layers.1.lang_inter.dense.bias', 'bert.global_encoder.encoder.x_layers.1.lang_self_att.self.value.weight', 'bert.global_encoder.encoder.x_layers.2.lang_output.dense.bias', 'mlm_head.predictions.transform.LayerNorm.weight', 'bert.global_encoder.encoder.x_layers.1.lang_self_att.self.query.weight', 'bert.global_encoder.encoder.x_layers.2.lang_self_att.self.value.bias', 'bert.global_encoder.encoder.x_layers.1.lang_self_att.output.dense.weight', 'bert.global_encoder.encoder.x_layers.0.lang_inter.dense.weight', 'bert.global_encoder.encoder.x_layers.2.lang_self_att.self.value.weight', 'bert.global_encoder.encoder.x_layers.1.lang_self_att.output.LayerNorm.bias', 'mlm_head.predictions.transform.LayerNorm.bias', 'bert.global_encoder.encoder.x_layers.1.lang_output.LayerNorm.bias', 'bert.global_encoder.encoder.x_layers.3.lang_self_att.output.LayerNorm.bias', 'bert.global_encoder.encoder.x_layers.1.lang_self_att.self.key.weight', 'bert.global_encoder.encoder.x_layers.3.lang_self_att.self.value.bias', 'bert.global_encoder.encoder.x_layers.1.lang_self_att.self.key.bias', 'bert.global_encoder.encoder.x_layers.3.lang_self_att.self.query.bias', 'bert.global_encoder.encoder.x_layers.0.lang_self_att.self.value.bias', 'bert.global_encoder.encoder.x_layers.3.lang_self_att.self.key.weight', 'bert.global_encoder.encoder.x_layers.2.lang_output.dense.weight', 'bert.global_encoder.encoder.x_layers.3.lang_self_att.output.LayerNorm.weight', 'mlm_head.predictions.transform.dense.bias', 'bert.global_encoder.encoder.x_layers.1.lang_inter.dense.weight', 'bert.global_encoder.encoder.x_layers.0.lang_self_att.output.LayerNorm.weight', 'mlm_head.predictions.transform.dense.weight', 'mlm_head.predictions.bias', 'bert.global_encoder.encoder.x_layers.3.lang_output.LayerNorm.weight', 'bert.global_encoder.encoder.x_layers.0.lang_self_att.self.value.weight', 'bert.global_encoder.encoder.x_layers.3.lang_self_att.self.key.bias', 'bert.global_encoder.encoder.x_layers.2.lang_inter.dense.weight', 'bert.global_encoder.encoder.x_layers.0.lang_self_att.self.query.weight', 'bert.global_encoder.encoder.x_layers.1.lang_self_att.output.LayerNorm.weight', 'bert.global_encoder.encoder.x_layers.2.lang_self_att.self.key.bias', 'bert.global_encoder.encoder.x_layers.2.lang_self_att.self.query.bias', 'bert.global_encoder.encoder.x_layers.2.lang_self_att.output.dense.bias', 'bert.global_encoder.encoder.x_layers.1.lang_output.LayerNorm.weight', 'bert.global_encoder.encoder.x_layers.2.lang_output.LayerNorm.bias', 'bert.global_encoder.encoder.x_layers.2.lang_self_att.output.LayerNorm.bias', 'bert.global_encoder.encoder.x_layers.3.lang_inter.dense.bias', 'bert.global_encoder.encoder.x_layers.2.lang_output.LayerNorm.weight', 'bert.global_encoder.encoder.x_layers.3.lang_output.dense.bias', 'bert.global_encoder.encoder.x_layers.0.lang_self_att.self.key.bias', 'bert.global_encoder.encoder.x_layers.0.lang_self_att.self.query.bias', 'bert.global_encoder.encoder.x_layers.1.lang_output.dense.bias']
- This IS expected if you are initializing GlocalTextPathNavCMT from the checkpoint of a model trained on another task or with another architecture (e.g. initializing a BertForSequenceClassification model from a BertForPreTraining model).
- This IS NOT expected if you are initializing GlocalTextPathNavCMT from the checkpoint of a model that you expect to be exactly identical (initializing a BertForSequenceClassification model from a BertForSequenceClassification model).
2026-09-14 23:35:54,317 Loaded weights from checkpoint: data/logs/checkpoints/release_r2r/ckpt.iter12000.pth, iteration: 12000
2026-09-14 23:35:54,319 Agent parameters: 299.14 MB. Trainable: 140.79 MB.
2026-09-14 23:35:54,319 Finished setting up policy.
local rank: 0 | dataset length: 1

Initalizing the ETP model ...
  0%|          | 0/1 [00:00<?, ?it/s]2026-09-14 23:35:59,742 Video created: data/logs/video/spatial_zsNo4HB9uLZ_14/zsNo4HB9uLZ-14-SPL0.00.mp4
  0%|          | 0/51 [00:00<?, ?it/s]IMAGEIO FFMPEG_WRITER WARNING: input image is not divisible by macro_block_size=16, resizing from (825, 256) to (832, 256) to ensure video compatibility with most codecs and players. To prevent resizing, make your input image divisible by the macro_block_size or set the macro_block_size to 1 (risking incompatibility).
[swscaler @ 0x5de0c0a45fc0] Warning: data is not aligned! This can lead to a speed loss
100%|██████████| 51/51 [00:00<00:00, 561.54it/s]100%|██████████| 1/1 [00:05<00:00,  5.60s/it]I0914 23:35:59.932804 15576 PhysicsManager.cpp:33] Deconstructing PhysicsManager
I0914 23:35:59.932830 15576 SemanticScene.h:41] Deconstructing SemanticScene
I0914 23:35:59.934394 15576 SceneManager.h:25] Deconstructing SceneManager
I0914 23:35:59.934404 15576 SceneGraph.h:26] Deconstructing SceneGraph
I0914 23:35:59.934681 15576 Sensor.h:87] Deconstructing Sensor
I0914 23:35:59.934849 15576 Sensor.h:87] Deconstructing Sensor
I0914 23:35:59.934949 15576 Sensor.h:87] Deconstructing Sensor
I0914 23:35:59.935046 15576 Sensor.h:87] Deconstructing Sensor
I0914 23:35:59.935138 15576 Sensor.h:87] Deconstructing Sensor
I0914 23:35:59.935245 15576 Sensor.h:87] Deconstructing Sensor
I0914 23:35:59.935336 15576 Sensor.h:87] Deconstructing Sensor
I0914 23:35:59.935426 15576 Sensor.h:87] Deconstructing Sensor
I0914 23:35:59.935513 15576 Sensor.h:87] Deconstructing Sensor
I0914 23:35:59.935604 15576 Sensor.h:87] Deconstructing Sensor
I0914 23:35:59.935691 15576 Sensor.h:87] Deconstructing Sensor
I0914 23:35:59.935776 15576 Sensor.h:87] Deconstructing Sensor
I0914 23:35:59.935865 15576 Sensor.h:87] Deconstructing Sensor
I0914 23:35:59.935977 15576 Sensor.h:87] Deconstructing Sensor
I0914 23:35:59.936091 15576 Sensor.h:87] Deconstructing Sensor
I0914 23:35:59.936206 15576 Sensor.h:87] Deconstructing Sensor
I0914 23:35:59.936318 15576 Sensor.h:87] Deconstructing Sensor
I0914 23:35:59.936434 15576 Sensor.h:87] Deconstructing Sensor
I0914 23:35:59.936545 15576 Sensor.h:87] Deconstructing Sensor
I0914 23:35:59.936654 15576 Sensor.h:87] Deconstructing Sensor
I0914 23:35:59.936762 15576 Sensor.h:87] Deconstructing Sensor
I0914 23:35:59.936872 15576 Sensor.h:87] Deconstructing Sensor
I0914 23:35:59.936976 15576 Sensor.h:87] Deconstructing Sensor
I0914 23:35:59.937077 15576 Sensor.h:87] Deconstructing Sensor
I0914 23:35:59.937173 15576 Sensor.h:87] Deconstructing Sensor
I0914 23:35:59.937263 15576 Sensor.h:87] Deconstructing Sensor
I0914 23:35:59.937350 15576 Sensor.h:87] Deconstructing Sensor
I0914 23:35:59.937433 15576 Sensor.h:87] Deconstructing Sensor
I0914 23:35:59.937515 15576 Sensor.h:87] Deconstructing Sensor
I0914 23:35:59.937528 15576 Sensor.h:87] Deconstructing Sensor
I0914 23:35:59.939373 15576 Renderer.cpp:34] Deconstructing Renderer
I0914 23:35:59.939383 15576 WindowlessContext.h:17] Deconstructing WindowlessContext
I0914 23:35:59.945940 15576 Simulator.cpp:49] Deconstructing Simulator

2026-09-14 23:35:59,947 Episodes evaluated: 1
2026-09-14 23:35:59,947 Average episode steps_taken: 50.000000
2026-09-14 23:35:59,947 Average episode distance_to_goal: 8.718442
2026-09-14 23:35:59,947 Average episode success: 0.000000
2026-09-14 23:35:59,947 Average episode oracle_success: 0.000000
2026-09-14 23:35:59,947 Average episode path_length: 6.000782
2026-09-14 23:35:59,947 Average episode collisions: 0.080000
2026-09-14 23:35:59,947 Average episode spl: 0.000000
2026-09-14 23:35:59,947 Average episode ndtw: 0.000018
2026-09-14 23:35:59,947 Average episode sdtw: 0.000000
2026-09-14 23:35:59,947 Average episode ghost_cnt: 17.000000
100%|██████████| 1/1 [00:05<00:00,  5.62s/it]
2026-09-14 23:36:02,714 checkpoint_path: data/logs/checkpoints/release_r2r/ckpt.iter12000.pth
2026-09-14 23:36:02,714 Initializing dataset VLN-CE-v1
2026-09-14 23:36:02,735 SPLTI: custom, NUMBER OF SCENES: 1
2026-09-14 23:36:04,381 Initializing dataset VLN-CE-v1
2026-09-14 23:36:04,401 initializing sim Sim-v1
WARNING: Logging before InitGoogleLogging() is written to STDERR
I0914 23:36:04.407506 15836 ManagedContainerBase.cpp:19] ManagedContainerBase::convertFilenameToJSON : Filename : default changed to proposed JSON configuration filename : default.scene_dataset_config.json
I0914 23:36:04.407531 15836 AttributesManagerBase.h:283] AttributesManager<T>::createFromJsonOrDefaultInternal  (Dataset) : Proposing JSON name : default.scene_dataset_config.json from original name : default | This file  does not exist.
I0914 23:36:04.407573 15836 AssetAttributesManager.cpp:117] Asset attributes (capsule3DSolid : capsule3DSolid_hemiRings_4_cylRings_1_segments_12_halfLen_0.75_useTexCoords_false_useTangents_false) created and registered.
I0914 23:36:04.407588 15836 AssetAttributesManager.cpp:117] Asset attributes (capsule3DWireframe : capsule3DWireframe_hemiRings_8_cylRings_1_segments_16_halfLen_1) created and registered.
I0914 23:36:04.407604 15836 AssetAttributesManager.cpp:117] Asset attributes (coneSolid : coneSolid_segments_12_halfLen_1.25_rings_1_useTexCoords_false_useTangents_false_capEnd_true) created and registered.
I0914 23:36:04.407613 15836 AssetAttributesManager.cpp:117] Asset attributes (coneWireframe : coneWireframe_segments_32_halfLen_1.25) created and registered.
I0914 23:36:04.407619 15836 AssetAttributesManager.cpp:117] Asset attributes (cubeSolid : cubeSolid) created and registered.
I0914 23:36:04.407624 15836 AssetAttributesManager.cpp:117] Asset attributes (cubeWireframe : cubeWireframe) created and registered.
I0914 23:36:04.407636 15836 AssetAttributesManager.cpp:117] Asset attributes (cylinderSolid : cylinderSolid_rings_1_segments_12_halfLen_1_useTexCoords_false_useTangents_false_capEnds_true) created and registered.
I0914 23:36:04.407646 15836 AssetAttributesManager.cpp:117] Asset attributes (cylinderWireframe : cylinderWireframe_rings_1_segments_32_halfLen_1) created and registered.
I0914 23:36:04.407652 15836 AssetAttributesManager.cpp:117] Asset attributes (icosphereSolid : icosphereSolid_subdivs_1) created and registered.
I0914 23:36:04.407657 15836 AssetAttributesManager.cpp:117] Asset attributes (icosphereWireframe : icosphereWireframe_subdivs_1) created and registered.
I0914 23:36:04.407671 15836 AssetAttributesManager.cpp:117] Asset attributes (uvSphereSolid : uvSphereSolid_rings_8_segments_16_useTexCoords_false_useTangents_false) created and registered.
I0914 23:36:04.407680 15836 AssetAttributesManager.cpp:117] Asset attributes (uvSphereWireframe : uvSphereWireframe_rings_16_segments_32) created and registered.
I0914 23:36:04.407681 15836 AssetAttributesManager.cpp:105] AssetAttributesManager::buildCtorFuncPtrMaps : Built default primitive asset templates : 12
I0914 23:36:04.407953 15836 SceneDatasetAttributesManager.cpp:23] File (default) not found, so new default dataset attributes created and registered.
I0914 23:36:04.407959 15836 MetadataMediator.cpp:47] MetadataMediator::createDataset : Dataset default successfully created.
I0914 23:36:04.409999 15836 AttributesManagerBase.h:283] AttributesManager<T>::createFromJsonOrDefaultInternal  (Physics Manager) : Proposing JSON name : ./data/default.physics_config.json from original name : ./data/default.physics_config.json | This file  does not exist.
I0914 23:36:04.410009 15836 PhysicsAttributesManager.cpp:27] File (./data/default.physics_config.json) not found, so new default physics manager attributes created and registered.
I0914 23:36:04.410012 15836 AbstractObjectAttributesManagerBase.h:175] AbstractObjectAttributesManager<T>::createObject  (Stage) : Making attributes with handle : data/scene_datasets/mp3d/zsNo4HB9uLZ/zsNo4HB9uLZ.glb
I0914 23:36:04.410014 15836 ManagedContainerBase.cpp:19] ManagedContainerBase::convertFilenameToJSON : Filename : data/scene_datasets/mp3d/zsNo4HB9uLZ/zsNo4HB9uLZ.glb changed to proposed JSON configuration filename : data/scene_datasets/mp3d/zsNo4HB9uLZ/zsNo4HB9uLZ.stage_config.json
I0914 23:36:04.410019 15836 AttributesManagerBase.h:283] AttributesManager<T>::createFromJsonOrDefaultInternal  (Stage) : Proposing JSON name : data/scene_datasets/mp3d/zsNo4HB9uLZ/zsNo4HB9uLZ.stage_config.json from original name : data/scene_datasets/mp3d/zsNo4HB9uLZ/zsNo4HB9uLZ.glb | This file  does not exist.
I0914 23:36:04.410049 15836 AbstractObjectAttributesManagerBase.h:181] AbstractObjectAttributesManager<T>::createObject  (Stage) : Done making attributes with handle : data/scene_datasets/mp3d/zsNo4HB9uLZ/zsNo4HB9uLZ.glb
I0914 23:36:04.410050 15836 AbstractObjectAttributesManagerBase.h:188] File (data/scene_datasets/mp3d/zsNo4HB9uLZ/zsNo4HB9uLZ.glb) exists but is not a recognized config filename extension, so new default Stage attributes created and registered.
I0914 23:36:04.410054 15836 Simulator.cpp:156] Loading navmesh from data/scene_datasets/mp3d/zsNo4HB9uLZ/zsNo4HB9uLZ.navmesh
I0914 23:36:04.410107 15836 Simulator.cpp:158] Loaded.
I0914 23:36:04.410113 15836 SceneGraph.h:93] Created DrawableGroup: 
Renderer: NVIDIA T1000 8GB/PCIe/SSE2 by NVIDIA Corporation
OpenGL version: 4.6.0 NVIDIA 590.48.01
Using optional features:
    GL_ARB_ES2_compatibility
    GL_ARB_direct_state_access
    GL_ARB_get_texture_sub_image
    GL_ARB_invalidate_subdata
    GL_ARB_multi_bind
    GL_ARB_robustness
    GL_ARB_separate_shader_objects
    GL_ARB_texture_filter_anisotropic
    GL_ARB_texture_storage
    GL_ARB_texture_storage_multisample
    GL_ARB_vertex_array_object
    GL_KHR_debug
Using driver workarounds:
    no-forward-compatible-core-context
    nv-egl-incorrect-gl11-function-pointers
    no-layout-qualifiers-on-old-glsl
    nv-zero-context-profile-mask
    nv-implementation-color-read-format-dsa-broken
    nv-cubemap-inconsistent-compressed-image-size
    nv-cubemap-broken-full-compressed-image-query
    nv-compressed-block-size-in-bits
I0914 23:36:04.508575 15836 ResourceManager.cpp:234] ResourceManager::loadStage : Not loading semantic mesh
I0914 23:36:04.508584 15836 ResourceManager.cpp:262] ResourceManager::loadStage : start load render asset data/scene_datasets/mp3d/zsNo4HB9uLZ/zsNo4HB9uLZ.glb.
I0914 23:36:04.508585 15836 ResourceManager.cpp:569] ResourceManager::loadStageInternal : Attempting to load stage data/scene_datasets/mp3d/zsNo4HB9uLZ/zsNo4HB9uLZ.glb 
I0914 23:36:04.508598 15836 ResourceManager.cpp:1119] Importing Basis files as BC7 for zsNo4HB9uLZ.glb
W0914 23:36:05.375005 15836 Simulator.cpp:248] :
---
 The active scene does not contain semantic annotations. 
---
I0914 23:36:05.414035 15836 simulator.py:213] Loaded navmesh data/scene_datasets/mp3d/zsNo4HB9uLZ/zsNo4HB9uLZ.navmesh
2026-09-14 23:36:05,418 Initializing task VLN-v0
You are using a model of type bert to instantiate a model of type . This is not supported for all configurations of models and can yield errors.
Some weights of the model checkpoint at None were not used when initializing GlocalTextPathNavCMT: ['mlm_head.predictions.transform.LayerNorm.bias', 'bert.global_encoder.encoder.x_layers.1.lang_output.LayerNorm.weight', 'mlm_head.predictions.transform.dense.bias', 'bert.global_encoder.encoder.x_layers.1.lang_self_att.self.value.weight', 'bert.global_encoder.encoder.x_layers.0.lang_self_att.self.query.weight', 'bert.global_encoder.encoder.x_layers.0.lang_self_att.self.key.bias', 'bert.global_encoder.encoder.x_layers.2.lang_output.LayerNorm.weight', 'bert.global_encoder.encoder.x_layers.3.lang_inter.dense.bias', 'bert.global_encoder.encoder.x_layers.0.lang_output.dense.bias', 'bert.global_encoder.encoder.x_layers.1.lang_inter.dense.bias', 'bert.global_encoder.encoder.x_layers.2.lang_self_att.output.LayerNorm.bias', 'bert.global_encoder.encoder.x_layers.2.lang_inter.dense.bias', 'bert.global_encoder.encoder.x_layers.3.lang_self_att.output.LayerNorm.weight', 'bert.global_encoder.encoder.x_layers.0.lang_self_att.output.dense.weight', 'bert.global_encoder.encoder.x_layers.2.lang_self_att.output.dense.bias', 'bert.global_encoder.encoder.x_layers.2.lang_self_att.self.query.weight', 'bert.global_encoder.encoder.x_layers.2.lang_self_att.output.LayerNorm.weight', 'bert.global_encoder.encoder.x_layers.1.lang_self_att.self.query.weight', 'bert.global_encoder.encoder.x_layers.0.lang_self_att.output.LayerNorm.weight', 'bert.global_encoder.encoder.x_layers.0.lang_self_att.self.value.weight', 'bert.global_encoder.encoder.x_layers.3.lang_self_att.self.query.weight', 'bert.global_encoder.encoder.x_layers.3.lang_self_att.self.key.weight', 'bert.global_encoder.encoder.x_layers.0.lang_self_att.self.query.bias', 'bert.global_encoder.encoder.x_layers.3.lang_self_att.output.dense.weight', 'bert.global_encoder.encoder.x_layers.2.lang_output.LayerNorm.bias', 'bert.global_encoder.encoder.x_layers.1.lang_self_att.output.dense.bias', 'bert.global_encoder.encoder.x_layers.3.lang_self_att.self.value.bias', 'bert.global_encoder.encoder.x_layers.3.lang_self_att.output.LayerNorm.bias', 'bert.global_encoder.encoder.x_layers.1.lang_self_att.output.LayerNorm.weight', 'mlm_head.predictions.decoder.weight', 'bert.global_encoder.encoder.x_layers.0.lang_self_att.self.value.bias', 'bert.global_encoder.encoder.x_layers.1.lang_output.LayerNorm.bias', 'bert.global_encoder.encoder.x_layers.1.lang_output.dense.weight', 'bert.global_encoder.encoder.x_layers.0.lang_self_att.self.key.weight', 'bert.global_encoder.encoder.x_layers.0.lang_output.dense.weight', 'bert.global_encoder.encoder.x_layers.3.lang_output.dense.bias', 'bert.global_encoder.encoder.x_layers.2.lang_self_att.self.key.weight', 'bert.global_encoder.encoder.x_layers.1.lang_self_att.self.key.weight', 'bert.global_encoder.encoder.x_layers.1.lang_self_att.output.LayerNorm.bias', 'bert.global_encoder.encoder.x_layers.1.lang_self_att.self.value.bias', 'bert.global_encoder.encoder.x_layers.3.lang_self_att.self.key.bias', 'bert.global_encoder.encoder.x_layers.3.lang_self_att.self.value.weight', 'bert.global_encoder.encoder.x_layers.1.lang_self_att.self.query.bias', 'mlm_head.predictions.bias', 'bert.global_encoder.encoder.x_layers.0.lang_self_att.output.dense.bias', 'mlm_head.predictions.transform.LayerNorm.weight', 'bert.global_encoder.encoder.x_layers.1.lang_self_att.output.dense.weight', 'bert.global_encoder.encoder.x_layers.2.lang_self_att.self.query.bias', 'bert.global_encoder.encoder.x_layers.0.lang_inter.dense.weight', 'bert.global_encoder.encoder.x_layers.1.lang_self_att.self.key.bias', 'bert.global_encoder.encoder.x_layers.2.lang_self_att.self.value.bias', 'bert.global_encoder.encoder.x_layers.0.lang_output.LayerNorm.bias', 'bert.global_encoder.encoder.x_layers.0.lang_inter.dense.bias', 'bert.global_encoder.encoder.x_layers.3.lang_output.LayerNorm.bias', 'bert.global_encoder.encoder.x_layers.3.lang_self_att.self.query.bias', 'bert.global_encoder.encoder.x_layers.1.lang_inter.dense.weight', 'bert.global_encoder.encoder.x_layers.2.lang_self_att.self.value.weight', 'bert.global_encoder.encoder.x_layers.2.lang_self_att.output.dense.weight', 'bert.global_encoder.encoder.x_layers.2.lang_output.dense.bias', 'bert.global_encoder.encoder.x_layers.3.lang_self_att.output.dense.bias', 'bert.global_encoder.encoder.x_layers.3.lang_output.dense.weight', 'mlm_head.predictions.transform.dense.weight', 'bert.global_encoder.encoder.x_layers.0.lang_self_att.output.LayerNorm.bias', 'bert.global_encoder.encoder.x_layers.2.lang_inter.dense.weight', 'bert.global_encoder.encoder.x_layers.0.lang_output.LayerNorm.weight', 'bert.global_encoder.encoder.x_layers.3.lang_inter.dense.weight', 'bert.global_encoder.encoder.x_layers.1.lang_output.dense.bias', 'bert.global_encoder.encoder.x_layers.3.lang_output.LayerNorm.weight', 'bert.global_encoder.encoder.x_layers.2.lang_output.dense.weight', 'bert.global_encoder.encoder.x_layers.2.lang_self_att.self.key.bias']
- This IS expected if you are initializing GlocalTextPathNavCMT from the checkpoint of a model trained on another task or with another architecture (e.g. initializing a BertForSequenceClassification model from a BertForPreTraining model).
- This IS NOT expected if you are initializing GlocalTextPathNavCMT from the checkpoint of a model that you expect to be exactly identical (initializing a BertForSequenceClassification model from a BertForSequenceClassification model).
2026-09-14 23:36:11,223 Loaded weights from checkpoint: data/logs/checkpoints/release_r2r/ckpt.iter12000.pth, iteration: 12000
2026-09-14 23:36:11,227 Agent parameters: 299.14 MB. Trainable: 140.79 MB.
2026-09-14 23:36:11,227 Finished setting up policy.
local rank: 0 | dataset length: 1

Initalizing the ETP model ...
  0%|          | 0/1 [00:00<?, ?it/s]2026-09-14 23:36:16,624 Video created: data/logs/video/spatial_zsNo4HB9uLZ_15/zsNo4HB9uLZ-15-SPL0.00.mp4
  0%|          | 0/51 [00:00<?, ?it/s]IMAGEIO FFMPEG_WRITER WARNING: input image is not divisible by macro_block_size=16, resizing from (825, 256) to (832, 256) to ensure video compatibility with most codecs and players. To prevent resizing, make your input image divisible by the macro_block_size or set the macro_block_size to 1 (risking incompatibility).
[swscaler @ 0x5fb4aec28fc0] Warning: data is not aligned! This can lead to a speed loss
100%|██████████| 51/51 [00:00<00:00, 583.34it/s]100%|██████████| 1/1 [00:05<00:00,  5.57s/it]I0914 23:36:16.810832 15836 PhysicsManager.cpp:33] Deconstructing PhysicsManager
I0914 23:36:16.810859 15836 SemanticScene.h:41] Deconstructing SemanticScene
I0914 23:36:16.812412 15836 SceneManager.h:25] Deconstructing SceneManager
I0914 23:36:16.812422 15836 SceneGraph.h:26] Deconstructing SceneGraph
I0914 23:36:16.812685 15836 Sensor.h:87] Deconstructing Sensor
I0914 23:36:16.812842 15836 Sensor.h:87] Deconstructing Sensor
I0914 23:36:16.812933 15836 Sensor.h:87] Deconstructing Sensor
I0914 23:36:16.813023 15836 Sensor.h:87] Deconstructing Sensor
I0914 23:36:16.813108 15836 Sensor.h:87] Deconstructing Sensor
I0914 23:36:16.813207 15836 Sensor.h:87] Deconstructing Sensor
I0914 23:36:16.813292 15836 Sensor.h:87] Deconstructing Sensor
I0914 23:36:16.813380 15836 Sensor.h:87] Deconstructing Sensor
I0914 23:36:16.813465 15836 Sensor.h:87] Deconstructing Sensor
I0914 23:36:16.813551 15836 Sensor.h:87] Deconstructing Sensor
I0914 23:36:16.813637 15836 Sensor.h:87] Deconstructing Sensor
I0914 23:36:16.813721 15836 Sensor.h:87] Deconstructing Sensor
I0914 23:36:16.813807 15836 Sensor.h:87] Deconstructing Sensor
I0914 23:36:16.813917 15836 Sensor.h:87] Deconstructing Sensor
I0914 23:36:16.814028 15836 Sensor.h:87] Deconstructing Sensor
I0914 23:36:16.814138 15836 Sensor.h:87] Deconstructing Sensor
I0914 23:36:16.814249 15836 Sensor.h:87] Deconstructing Sensor
I0914 23:36:16.814363 15836 Sensor.h:87] Deconstructing Sensor
I0914 23:36:16.814473 15836 Sensor.h:87] Deconstructing Sensor
I0914 23:36:16.814581 15836 Sensor.h:87] Deconstructing Sensor
I0914 23:36:16.814687 15836 Sensor.h:87] Deconstructing Sensor
I0914 23:36:16.814792 15836 Sensor.h:87] Deconstructing Sensor
I0914 23:36:16.814898 15836 Sensor.h:87] Deconstructing Sensor
I0914 23:36:16.814999 15836 Sensor.h:87] Deconstructing Sensor
I0914 23:36:16.815099 15836 Sensor.h:87] Deconstructing Sensor
I0914 23:36:16.815189 15836 Sensor.h:87] Deconstructing Sensor
I0914 23:36:16.815276 15836 Sensor.h:87] Deconstructing Sensor
I0914 23:36:16.815361 15836 Sensor.h:87] Deconstructing Sensor
I0914 23:36:16.815440 15836 Sensor.h:87] Deconstructing Sensor
I0914 23:36:16.815447 15836 Sensor.h:87] Deconstructing Sensor
I0914 23:36:16.817355 15836 Renderer.cpp:34] Deconstructing Renderer
I0914 23:36:16.817369 15836 WindowlessContext.h:17] Deconstructing WindowlessContext
I0914 23:36:16.823324 15836 Simulator.cpp:49] Deconstructing Simulator

2026-09-14 23:36:16,824 Episodes evaluated: 1
2026-09-14 23:36:16,824 Average episode steps_taken: 50.000000
2026-09-14 23:36:16,825 Average episode distance_to_goal: 8.691839
2026-09-14 23:36:16,825 Average episode success: 0.000000
2026-09-14 23:36:16,825 Average episode oracle_success: 0.000000
2026-09-14 23:36:16,825 Average episode path_length: 6.000782
2026-09-14 23:36:16,825 Average episode collisions: 0.080000
2026-09-14 23:36:16,825 Average episode spl: 0.000000
2026-09-14 23:36:16,825 Average episode ndtw: 0.000018
2026-09-14 23:36:16,825 Average episode sdtw: 0.000000
2026-09-14 23:36:16,825 Average episode ghost_cnt: 17.000000
100%|██████████| 1/1 [00:05<00:00,  5.59s/it]
[1/25] 'Move to the left of the bed.' (landmark=bed #0)
instruction: 'Move to the left of the bed.'
tokens (8 words -> padded to 80): ['move', 'to', 'the', 'left', 'of', 'the', 'bed', '.']
scene: mp3d/zsNo4HB9uLZ/zsNo4HB9uLZ.glb
start_position: [17.440399169921875, 0.17162801325321198, -3.8527698516845703]
wrote dataset -> data/datasets/R2R_VLNCE_v1-2_preprocessed_BERTidx/custom/custom_bertidx.json.gz
wrote gt       -> data/datasets/R2R_VLNCE_v1-2_preprocessed/custom/custom_gt.json.gz
[2/25] 'Move to the right of the bed.' (landmark=bed #1)
instruction: 'Move to the right of the bed.'
tokens (8 words -> padded to 80): ['move', 'to', 'the', 'right', 'of', 'the', 'bed', '.']
scene: mp3d/zsNo4HB9uLZ/zsNo4HB9uLZ.glb
start_position: [17.440399169921875, 0.17162801325321198, -3.8527698516845703]
wrote dataset -> data/datasets/R2R_VLNCE_v1-2_preprocessed_BERTidx/custom/custom_bertidx.json.gz
wrote gt       -> data/datasets/R2R_VLNCE_v1-2_preprocessed/custom/custom_gt.json.gz
[3/25] 'Stand next to the bed.' (landmark=bed #2)
instruction: 'Stand next to the bed.'
tokens (6 words -> padded to 80): ['stand', 'next', 'to', 'the', 'bed', '.']
scene: mp3d/zsNo4HB9uLZ/zsNo4HB9uLZ.glb
start_position: [17.440399169921875, 0.17162801325321198, -3.8527698516845703]
wrote dataset -> data/datasets/R2R_VLNCE_v1-2_preprocessed_BERTidx/custom/custom_bertidx.json.gz
wrote gt       -> data/datasets/R2R_VLNCE_v1-2_preprocessed/custom/custom_gt.json.gz
[4/25] 'Move to the left of the dresser.' (landmark=chest_of_drawers #3)
instruction: 'Move to the left of the dresser.'
tokens (8 words -> padded to 80): ['move', 'to', 'the', 'left', 'of', 'the', 'dresser', '.']
scene: mp3d/zsNo4HB9uLZ/zsNo4HB9uLZ.glb
start_position: [19.015472412109375, 0.17162801325321198, -7.580921649932861]
wrote dataset -> data/datasets/R2R_VLNCE_v1-2_preprocessed_BERTidx/custom/custom_bertidx.json.gz
wrote gt       -> data/datasets/R2R_VLNCE_v1-2_preprocessed/custom/custom_gt.json.gz
[5/25] 'Go behind the dresser.' (landmark=chest_of_drawers #4)
instruction: 'Go behind the dresser.'
tokens (5 words -> padded to 80): ['go', 'behind', 'the', 'dresser', '.']
scene: mp3d/zsNo4HB9uLZ/zsNo4HB9uLZ.glb
start_position: [19.015472412109375, 0.17162801325321198, -7.580921649932861]
wrote dataset -> data/datasets/R2R_VLNCE_v1-2_preprocessed_BERTidx/custom/custom_bertidx.json.gz
wrote gt       -> data/datasets/R2R_VLNCE_v1-2_preprocessed/custom/custom_gt.json.gz
[6/25] 'Stand next to the dresser.' (landmark=chest_of_drawers #5)
instruction: 'Stand next to the dresser.'
tokens (6 words -> padded to 80): ['stand', 'next', 'to', 'the', 'dresser', '.']
scene: mp3d/zsNo4HB9uLZ/zsNo4HB9uLZ.glb
start_position: [19.015472412109375, 0.17162801325321198, -7.580921649932861]
wrote dataset -> data/datasets/R2R_VLNCE_v1-2_preprocessed_BERTidx/custom/custom_bertidx.json.gz
wrote gt       -> data/datasets/R2R_VLNCE_v1-2_preprocessed/custom/custom_gt.json.gz
[7/25] 'Move to the left of the counter.' (landmark=counter #6)
instruction: 'Move to the left of the counter.'
tokens (8 words -> padded to 80): ['move', 'to', 'the', 'left', 'of', 'the', 'counter', '.']
scene: mp3d/zsNo4HB9uLZ/zsNo4HB9uLZ.glb
start_position: [14.071969985961914, 0.17162801325321198, -1.2721099853515625]
wrote dataset -> data/datasets/R2R_VLNCE_v1-2_preprocessed_BERTidx/custom/custom_bertidx.json.gz
wrote gt       -> data/datasets/R2R_VLNCE_v1-2_preprocessed/custom/custom_gt.json.gz
[8/25] 'Move to the right of the counter.' (landmark=counter #7)
instruction: 'Move to the right of the counter.'
tokens (8 words -> padded to 80): ['move', 'to', 'the', 'right', 'of', 'the', 'counter', '.']
scene: mp3d/zsNo4HB9uLZ/zsNo4HB9uLZ.glb
start_position: [14.071969985961914, 0.17162801325321198, -1.2721099853515625]
wrote dataset -> data/datasets/R2R_VLNCE_v1-2_preprocessed_BERTidx/custom/custom_bertidx.json.gz
wrote gt       -> data/datasets/R2R_VLNCE_v1-2_preprocessed/custom/custom_gt.json.gz
[9/25] 'Go behind the counter.' (landmark=counter #8)
instruction: 'Go behind the counter.'
tokens (5 words -> padded to 80): ['go', 'behind', 'the', 'counter', '.']
scene: mp3d/zsNo4HB9uLZ/zsNo4HB9uLZ.glb
start_position: [14.071969985961914, 0.17162801325321198, -1.2721099853515625]
wrote dataset -> data/datasets/R2R_VLNCE_v1-2_preprocessed_BERTidx/custom/custom_bertidx.json.gz
wrote gt       -> data/datasets/R2R_VLNCE_v1-2_preprocessed/custom/custom_gt.json.gz
[10/25] 'Stand next to the counter.' (landmark=counter #9)
instruction: 'Stand next to the counter.'
tokens (6 words -> padded to 80): ['stand', 'next', 'to', 'the', 'counter', '.']
scene: mp3d/zsNo4HB9uLZ/zsNo4HB9uLZ.glb
start_position: [14.071969985961914, 0.17162801325321198, -1.2721099853515625]
wrote dataset -> data/datasets/R2R_VLNCE_v1-2_preprocessed_BERTidx/custom/custom_bertidx.json.gz
wrote gt       -> data/datasets/R2R_VLNCE_v1-2_preprocessed/custom/custom_gt.json.gz
[11/25] 'Move to the left of the bookshelf.' (landmark=shelving #10)
instruction: 'Move to the left of the bookshelf.'
tokens (10 words -> padded to 80): ['move', 'to', 'the', 'left', 'of', 'the', 'books', '##hel', '##f', '.']
scene: mp3d/zsNo4HB9uLZ/zsNo4HB9uLZ.glb
start_position: [9.386150360107422, 0.17162801325321198, -2.8027701377868652]
wrote dataset -> data/datasets/R2R_VLNCE_v1-2_preprocessed_BERTidx/custom/custom_bertidx.json.gz
wrote gt       -> data/datasets/R2R_VLNCE_v1-2_preprocessed/custom/custom_gt.json.gz
[12/25] 'Move to the right of the bookshelf.' (landmark=shelving #11)
instruction: 'Move to the right of the bookshelf.'
tokens (10 words -> padded to 80): ['move', 'to', 'the', 'right', 'of', 'the', 'books', '##hel', '##f', '.']
scene: mp3d/zsNo4HB9uLZ/zsNo4HB9uLZ.glb
start_position: [9.386150360107422, 0.17162801325321198, -2.8027701377868652]
wrote dataset -> data/datasets/R2R_VLNCE_v1-2_preprocessed_BERTidx/custom/custom_bertidx.json.gz
wrote gt       -> data/datasets/R2R_VLNCE_v1-2_preprocessed/custom/custom_gt.json.gz
[13/25] 'Go behind the bookshelf.' (landmark=shelving #12)
instruction: 'Go behind the bookshelf.'
tokens (7 words -> padded to 80): ['go', 'behind', 'the', 'books', '##hel', '##f', '.']
scene: mp3d/zsNo4HB9uLZ/zsNo4HB9uLZ.glb
start_position: [9.386150360107422, 0.17162801325321198, -2.8027701377868652]
wrote dataset -> data/datasets/R2R_VLNCE_v1-2_preprocessed_BERTidx/custom/custom_bertidx.json.gz
wrote gt       -> data/datasets/R2R_VLNCE_v1-2_preprocessed/custom/custom_gt.json.gz
[14/25] 'Stand next to the bookshelf.' (landmark=shelving #13)
instruction: 'Stand next to the bookshelf.'
tokens (8 words -> padded to 80): ['stand', 'next', 'to', 'the', 'books', '##hel', '##f', '.']
scene: mp3d/zsNo4HB9uLZ/zsNo4HB9uLZ.glb
start_position: [9.386150360107422, 0.17162801325321198, -2.8027701377868652]
wrote dataset -> data/datasets/R2R_VLNCE_v1-2_preprocessed_BERTidx/custom/custom_bertidx.json.gz
wrote gt       -> data/datasets/R2R_VLNCE_v1-2_preprocessed/custom/custom_gt.json.gz
[15/25] 'Move to the right of the sofa.' (landmark=sofa #14)
instruction: 'Move to the right of the sofa.'
tokens (8 words -> padded to 80): ['move', 'to', 'the', 'right', 'of', 'the', 'sofa', '.']
scene: mp3d/zsNo4HB9uLZ/zsNo4HB9uLZ.glb
start_position: [10.09335994720459, 0.26567015051841736, 2.3310203552246094]
wrote dataset -> data/datasets/R2R_VLNCE_v1-2_preprocessed_BERTidx/custom/custom_bertidx.json.gz
wrote gt       -> data/datasets/R2R_VLNCE_v1-2_preprocessed/custom/custom_gt.json.gz
[16/25] 'Stand next to the sofa.' (landmark=sofa #15)
instruction: 'Stand next to the sofa.'
tokens (6 words -> padded to 80): ['stand', 'next', 'to', 'the', 'sofa', '.']
scene: mp3d/zsNo4HB9uLZ/zsNo4HB9uLZ.glb
start_position: [10.09335994720459, 0.26567015051841736, 2.3310203552246094]
wrote dataset -> data/datasets/R2R_VLNCE_v1-2_preprocessed_BERTidx/custom/custom_bertidx.json.gz
wrote gt       -> data/datasets/R2R_VLNCE_v1-2_preprocessed/custom/custom_gt.json.gz
[17/25] 'Move to the left of the bed.' (landmark=bed #16)
instruction: 'Move to the left of the bed.'
tokens (8 words -> padded to 80): ['move', 'to', 'the', 'left', 'of', 'the', 'bed', '.']
scene: mp3d/zsNo4HB9uLZ/zsNo4HB9uLZ.glb
start_position: [2.151970148086548, 0.17162801325321198, -2.257469892501831]2026-09-14 23:36:19,362 checkpoint_path: data/logs/checkpoints/release_r2r/ckpt.iter12000.pth
2026-09-14 23:36:19,363 Initializing dataset VLN-CE-v1
2026-09-14 23:36:19,384 SPLTI: custom, NUMBER OF SCENES: 1
2026-09-14 23:36:20,980 Initializing dataset VLN-CE-v1
2026-09-14 23:36:21,001 initializing sim Sim-v1
WARNING: Logging before InitGoogleLogging() is written to STDERR
I0914 23:36:21.007021 16085 ManagedContainerBase.cpp:19] ManagedContainerBase::convertFilenameToJSON : Filename : default changed to proposed JSON configuration filename : default.scene_dataset_config.json
I0914 23:36:21.007045 16085 AttributesManagerBase.h:283] AttributesManager<T>::createFromJsonOrDefaultInternal  (Dataset) : Proposing JSON name : default.scene_dataset_config.json from original name : default | This file  does not exist.
I0914 23:36:21.007084 16085 AssetAttributesManager.cpp:117] Asset attributes (capsule3DSolid : capsule3DSolid_hemiRings_4_cylRings_1_segments_12_halfLen_0.75_useTexCoords_false_useTangents_false) created and registered.
I0914 23:36:21.007102 16085 AssetAttributesManager.cpp:117] Asset attributes (capsule3DWireframe : capsule3DWireframe_hemiRings_8_cylRings_1_segments_16_halfLen_1) created and registered.
I0914 23:36:21.007117 16085 AssetAttributesManager.cpp:117] Asset attributes (coneSolid : coneSolid_segments_12_halfLen_1.25_rings_1_useTexCoords_false_useTangents_false_capEnd_true) created and registered.
I0914 23:36:21.007126 16085 AssetAttributesManager.cpp:117] Asset attributes (coneWireframe : coneWireframe_segments_32_halfLen_1.25) created and registered.
I0914 23:36:21.007131 16085 AssetAttributesManager.cpp:117] Asset attributes (cubeSolid : cubeSolid) created and registered.
I0914 23:36:21.007135 16085 AssetAttributesManager.cpp:117] Asset attributes (cubeWireframe : cubeWireframe) created and registered.
I0914 23:36:21.007155 16085 AssetAttributesManager.cpp:117] Asset attributes (cylinderSolid : cylinderSolid_rings_1_segments_12_halfLen_1_useTexCoords_false_useTangents_false_capEnds_true) created and registered.
I0914 23:36:21.007166 16085 AssetAttributesManager.cpp:117] Asset attributes (cylinderWireframe : cylinderWireframe_rings_1_segments_32_halfLen_1) created and registered.
I0914 23:36:21.007172 16085 AssetAttributesManager.cpp:117] Asset attributes (icosphereSolid : icosphereSolid_subdivs_1) created and registered.
I0914 23:36:21.007179 16085 AssetAttributesManager.cpp:117] Asset attributes (icosphereWireframe : icosphereWireframe_subdivs_1) created and registered.
I0914 23:36:21.007186 16085 AssetAttributesManager.cpp:117] Asset attributes (uvSphereSolid : uvSphereSolid_rings_8_segments_16_useTexCoords_false_useTangents_false) created and registered.
I0914 23:36:21.007193 16085 AssetAttributesManager.cpp:117] Asset attributes (uvSphereWireframe : uvSphereWireframe_rings_16_segments_32) created and registered.
I0914 23:36:21.007202 16085 AssetAttributesManager.cpp:105] AssetAttributesManager::buildCtorFuncPtrMaps : Built default primitive asset templates : 12
I0914 23:36:21.007457 16085 SceneDatasetAttributesManager.cpp:23] File (default) not found, so new default dataset attributes created and registered.
I0914 23:36:21.007457 16085 MetadataMediator.cpp:47] MetadataMediator::createDataset : Dataset default successfully created.
I0914 23:36:21.009446 16085 AttributesManagerBase.h:283] AttributesManager<T>::createFromJsonOrDefaultInternal  (Physics Manager) : Proposing JSON name : ./data/default.physics_config.json from original name : ./data/default.physics_config.json | This file  does not exist.
I0914 23:36:21.009457 16085 PhysicsAttributesManager.cpp:27] File (./data/default.physics_config.json) not found, so new default physics manager attributes created and registered.
I0914 23:36:21.009459 16085 AbstractObjectAttributesManagerBase.h:175] AbstractObjectAttributesManager<T>::createObject  (Stage) : Making attributes with handle : data/scene_datasets/mp3d/zsNo4HB9uLZ/zsNo4HB9uLZ.glb
I0914 23:36:21.009461 16085 ManagedContainerBase.cpp:19] ManagedContainerBase::convertFilenameToJSON : Filename : data/scene_datasets/mp3d/zsNo4HB9uLZ/zsNo4HB9uLZ.glb changed to proposed JSON configuration filename : data/scene_datasets/mp3d/zsNo4HB9uLZ/zsNo4HB9uLZ.stage_config.json
I0914 23:36:21.009467 16085 AttributesManagerBase.h:283] AttributesManager<T>::createFromJsonOrDefaultInternal  (Stage) : Proposing JSON name : data/scene_datasets/mp3d/zsNo4HB9uLZ/zsNo4HB9uLZ.stage_config.json from original name : data/scene_datasets/mp3d/zsNo4HB9uLZ/zsNo4HB9uLZ.glb | This file  does not exist.
I0914 23:36:21.009496 16085 AbstractObjectAttributesManagerBase.h:181] AbstractObjectAttributesManager<T>::createObject  (Stage) : Done making attributes with handle : data/scene_datasets/mp3d/zsNo4HB9uLZ/zsNo4HB9uLZ.glb
I0914 23:36:21.009497 16085 AbstractObjectAttributesManagerBase.h:188] File (data/scene_datasets/mp3d/zsNo4HB9uLZ/zsNo4HB9uLZ.glb) exists but is not a recognized config filename extension, so new default Stage attributes created and registered.
I0914 23:36:21.009501 16085 Simulator.cpp:156] Loading navmesh from data/scene_datasets/mp3d/zsNo4HB9uLZ/zsNo4HB9uLZ.navmesh
I0914 23:36:21.009555 16085 Simulator.cpp:158] Loaded.
I0914 23:36:21.009562 16085 SceneGraph.h:93] Created DrawableGroup: 
Renderer: NVIDIA T1000 8GB/PCIe/SSE2 by NVIDIA Corporation
OpenGL version: 4.6.0 NVIDIA 590.48.01
Using optional features:
    GL_ARB_ES2_compatibility
    GL_ARB_direct_state_access
    GL_ARB_get_texture_sub_image
    GL_ARB_invalidate_subdata
    GL_ARB_multi_bind
    GL_ARB_robustness
    GL_ARB_separate_shader_objects
    GL_ARB_texture_filter_anisotropic
    GL_ARB_texture_storage
    GL_ARB_texture_storage_multisample
    GL_ARB_vertex_array_object
    GL_KHR_debug
Using driver workarounds:
    no-forward-compatible-core-context
    nv-egl-incorrect-gl11-function-pointers
    no-layout-qualifiers-on-old-glsl
    nv-zero-context-profile-mask
    nv-implementation-color-read-format-dsa-broken
    nv-cubemap-inconsistent-compressed-image-size
    nv-cubemap-broken-full-compressed-image-query
    nv-compressed-block-size-in-bits
I0914 23:36:21.110577 16085 ResourceManager.cpp:234] ResourceManager::loadStage : Not loading semantic mesh
I0914 23:36:21.110585 16085 ResourceManager.cpp:262] ResourceManager::loadStage : start load render asset data/scene_datasets/mp3d/zsNo4HB9uLZ/zsNo4HB9uLZ.glb.
I0914 23:36:21.110587 16085 ResourceManager.cpp:569] ResourceManager::loadStageInternal : Attempting to load stage data/scene_datasets/mp3d/zsNo4HB9uLZ/zsNo4HB9uLZ.glb 
I0914 23:36:21.110599 16085 ResourceManager.cpp:1119] Importing Basis files as BC7 for zsNo4HB9uLZ.glb
W0914 23:36:21.995276 16085 Simulator.cpp:248] :
---
 The active scene does not contain semantic annotations. 
---
I0914 23:36:22.034040 16085 simulator.py:213] Loaded navmesh data/scene_datasets/mp3d/zsNo4HB9uLZ/zsNo4HB9uLZ.navmesh
2026-09-14 23:36:22,038 Initializing task VLN-v0
You are using a model of type bert to instantiate a model of type . This is not supported for all configurations of models and can yield errors.
Some weights of the model checkpoint at None were not used when initializing GlocalTextPathNavCMT: ['bert.global_encoder.encoder.x_layers.3.lang_self_att.output.LayerNorm.weight', 'bert.global_encoder.encoder.x_layers.1.lang_self_att.self.key.bias', 'bert.global_encoder.encoder.x_layers.2.lang_output.dense.weight', 'bert.global_encoder.encoder.x_layers.0.lang_self_att.output.dense.bias', 'bert.global_encoder.encoder.x_layers.2.lang_self_att.output.LayerNorm.bias', 'bert.global_encoder.encoder.x_layers.2.lang_output.LayerNorm.bias', 'bert.global_encoder.encoder.x_layers.3.lang_inter.dense.bias', 'bert.global_encoder.encoder.x_layers.2.lang_self_att.self.key.bias', 'bert.global_encoder.encoder.x_layers.1.lang_inter.dense.bias', 'bert.global_encoder.encoder.x_layers.0.lang_inter.dense.bias', 'bert.global_encoder.encoder.x_layers.0.lang_output.LayerNorm.weight', 'bert.global_encoder.encoder.x_layers.2.lang_self_att.output.dense.weight', 'mlm_head.predictions.transform.dense.weight', 'bert.global_encoder.encoder.x_layers.1.lang_self_att.self.value.weight', 'mlm_head.predictions.transform.LayerNorm.bias', 'bert.global_encoder.encoder.x_layers.2.lang_self_att.output.dense.bias', 'bert.global_encoder.encoder.x_layers.1.lang_output.dense.weight', 'bert.global_encoder.encoder.x_layers.0.lang_self_att.output.LayerNorm.weight', 'bert.global_encoder.encoder.x_layers.0.lang_output.LayerNorm.bias', 'bert.global_encoder.encoder.x_layers.1.lang_self_att.self.query.weight', 'bert.global_encoder.encoder.x_layers.1.lang_inter.dense.weight', 'bert.global_encoder.encoder.x_layers.3.lang_self_att.self.query.bias', 'bert.global_encoder.encoder.x_layers.3.lang_self_att.self.query.weight', 'bert.global_encoder.encoder.x_layers.3.lang_self_att.output.dense.bias', 'mlm_head.predictions.bias', 'bert.global_encoder.encoder.x_layers.2.lang_output.LayerNorm.weight', 'bert.global_encoder.encoder.x_layers.2.lang_inter.dense.weight', 'bert.global_encoder.encoder.x_layers.0.lang_self_att.output.dense.weight', 'bert.global_encoder.encoder.x_layers.0.lang_output.dense.bias', 'bert.global_encoder.encoder.x_layers.0.lang_self_att.self.value.bias', 'bert.global_encoder.encoder.x_layers.3.lang_output.LayerNorm.bias', 'bert.global_encoder.encoder.x_layers.3.lang_self_att.self.value.weight', 'bert.global_encoder.encoder.x_layers.3.lang_inter.dense.weight', 'bert.global_encoder.encoder.x_layers.0.lang_self_att.output.LayerNorm.bias', 'bert.global_encoder.encoder.x_layers.0.lang_self_att.self.key.bias', 'bert.global_encoder.encoder.x_layers.1.lang_self_att.output.dense.bias', 'bert.global_encoder.encoder.x_layers.1.lang_self_att.self.query.bias', 'bert.global_encoder.encoder.x_layers.2.lang_self_att.self.query.bias', 'bert.global_encoder.encoder.x_layers.0.lang_inter.dense.weight', 'bert.global_encoder.encoder.x_layers.3.lang_output.dense.bias', 'bert.global_encoder.encoder.x_layers.3.lang_self_att.self.key.bias', 'bert.global_encoder.encoder.x_layers.3.lang_self_att.self.key.weight', 'bert.global_encoder.encoder.x_layers.0.lang_self_att.self.query.bias', 'bert.global_encoder.encoder.x_layers.2.lang_output.dense.bias', 'bert.global_encoder.encoder.x_layers.1.lang_self_att.output.LayerNorm.bias', 'bert.global_encoder.encoder.x_layers.0.lang_output.dense.weight', 'bert.global_encoder.encoder.x_layers.3.lang_output.LayerNorm.weight', 'mlm_head.predictions.decoder.weight', 'bert.global_encoder.encoder.x_layers.0.lang_self_att.self.value.weight', 'bert.global_encoder.encoder.x_layers.2.lang_self_att.self.value.weight', 'bert.global_encoder.encoder.x_layers.3.lang_self_att.output.LayerNorm.bias', 'bert.global_encoder.encoder.x_layers.3.lang_self_att.self.value.bias', 'bert.global_encoder.encoder.x_layers.2.lang_self_att.self.query.weight', 'bert.global_encoder.encoder.x_layers.1.lang_self_att.self.value.bias', 'bert.global_encoder.encoder.x_layers.2.lang_self_att.output.LayerNorm.weight', 'bert.global_encoder.encoder.x_layers.1.lang_output.LayerNorm.bias', 'bert.global_encoder.encoder.x_layers.0.lang_self_att.self.query.weight', 'bert.global_encoder.encoder.x_layers.2.lang_self_att.self.value.bias', 'bert.global_encoder.encoder.x_layers.3.lang_self_att.output.dense.weight', 'mlm_head.predictions.transform.dense.bias', 'bert.global_encoder.encoder.x_layers.3.lang_output.dense.weight', 'bert.global_encoder.encoder.x_layers.2.lang_self_att.self.key.weight', 'bert.global_encoder.encoder.x_layers.0.lang_self_att.self.key.weight', 'bert.global_encoder.encoder.x_layers.1.lang_output.dense.bias', 'mlm_head.predictions.transform.LayerNorm.weight', 'bert.global_encoder.encoder.x_layers.1.lang_self_att.output.dense.weight', 'bert.global_encoder.encoder.x_layers.1.lang_output.LayerNorm.weight', 'bert.global_encoder.encoder.x_layers.1.lang_self_att.self.key.weight', 'bert.global_encoder.encoder.x_layers.1.lang_self_att.output.LayerNorm.weight', 'bert.global_encoder.encoder.x_layers.2.lang_inter.dense.bias']
- This IS expected if you are initializing GlocalTextPathNavCMT from the checkpoint of a model trained on another task or with another architecture (e.g. initializing a BertForSequenceClassification model from a BertForPreTraining model).
- This IS NOT expected if you are initializing GlocalTextPathNavCMT from the checkpoint of a model that you expect to be exactly identical (initializing a BertForSequenceClassification model from a BertForSequenceClassification model).
2026-09-14 23:36:27,490 Loaded weights from checkpoint: data/logs/checkpoints/release_r2r/ckpt.iter12000.pth, iteration: 12000
2026-09-14 23:36:27,492 Agent parameters: 299.14 MB. Trainable: 140.79 MB.
2026-09-14 23:36:27,492 Finished setting up policy.
local rank: 0 | dataset length: 1

Initalizing the ETP model ...
  0%|          | 0/1 [00:00<?, ?it/s]2026-09-14 23:36:32,734 Video created: data/logs/video/spatial_zsNo4HB9uLZ_16/zsNo4HB9uLZ-16-SPL0.00.mp4
  0%|          | 0/44 [00:00<?, ?it/s]IMAGEIO FFMPEG_WRITER WARNING: input image is not divisible by macro_block_size=16, resizing from (825, 256) to (832, 256) to ensure video compatibility with most codecs and players. To prevent resizing, make your input image divisible by the macro_block_size or set the macro_block_size to 1 (risking incompatibility).
[swscaler @ 0x62488f4c2fc0] Warning: data is not aligned! This can lead to a speed loss
100%|██████████| 44/44 [00:00<00:00, 703.44it/s]100%|██████████| 1/1 [00:05<00:00,  5.42s/it]I0914 23:36:32.918097 16085 PhysicsManager.cpp:33] Deconstructing PhysicsManager
I0914 23:36:32.918121 16085 SemanticScene.h:41] Deconstructing SemanticScene
I0914 23:36:32.919744 16085 SceneManager.h:25] Deconstructing SceneManager
I0914 23:36:32.919754 16085 SceneGraph.h:26] Deconstructing SceneGraph
I0914 23:36:32.920040 16085 Sensor.h:87] Deconstructing Sensor
I0914 23:36:32.920217 16085 Sensor.h:87] Deconstructing Sensor
I0914 23:36:32.920318 16085 Sensor.h:87] Deconstructing Sensor
I0914 23:36:32.920408 16085 Sensor.h:87] Deconstructing Sensor
I0914 23:36:32.920502 16085 Sensor.h:87] Deconstructing Sensor
I0914 23:36:32.920598 16085 Sensor.h:87] Deconstructing Sensor
I0914 23:36:32.920688 16085 Sensor.h:87] Deconstructing Sensor
I0914 23:36:32.920776 16085 Sensor.h:87] Deconstructing Sensor
I0914 23:36:32.920866 16085 Sensor.h:87] Deconstructing Sensor
I0914 23:36:32.920953 16085 Sensor.h:87] Deconstructing Sensor
I0914 23:36:32.921043 16085 Sensor.h:87] Deconstructing Sensor
I0914 23:36:32.921133 16085 Sensor.h:87] Deconstructing Sensor
I0914 23:36:32.921221 16085 Sensor.h:87] Deconstructing Sensor
I0914 23:36:32.921339 16085 Sensor.h:87] Deconstructing Sensor
I0914 23:36:32.921449 16085 Sensor.h:87] Deconstructing Sensor
I0914 23:36:32.921561 16085 Sensor.h:87] Deconstructing Sensor
I0914 23:36:32.921669 16085 Sensor.h:87] Deconstructing Sensor
I0914 23:36:32.921787 16085 Sensor.h:87] Deconstructing Sensor
I0914 23:36:32.921900 16085 Sensor.h:87] Deconstructing Sensor
I0914 23:36:32.922019 16085 Sensor.h:87] Deconstructing Sensor
I0914 23:36:32.922130 16085 Sensor.h:87] Deconstructing Sensor
I0914 23:36:32.922250 16085 Sensor.h:87] Deconstructing Sensor
I0914 23:36:32.922359 16085 Sensor.h:87] Deconstructing Sensor
I0914 23:36:32.922454 16085 Sensor.h:87] Deconstructing Sensor
I0914 23:36:32.922546 16085 Sensor.h:87] Deconstructing Sensor
I0914 23:36:32.922634 16085 Sensor.h:87] Deconstructing Sensor
I0914 23:36:32.922721 16085 Sensor.h:87] Deconstructing Sensor
I0914 23:36:32.922804 16085 Sensor.h:87] Deconstructing Sensor
I0914 23:36:32.922885 16085 Sensor.h:87] Deconstructing Sensor
I0914 23:36:32.922891 16085 Sensor.h:87] Deconstructing Sensor
I0914 23:36:32.925216 16085 Renderer.cpp:34] Deconstructing Renderer
I0914 23:36:32.925228 16085 WindowlessContext.h:17] Deconstructing WindowlessContext
I0914 23:36:32.931779 16085 Simulator.cpp:49] Deconstructing Simulator

2026-09-14 23:36:32,934 Episodes evaluated: 1
2026-09-14 23:36:32,934 Average episode steps_taken: 43.000000
2026-09-14 23:36:32,934 Average episode distance_to_goal: 7.542549
2026-09-14 23:36:32,934 Average episode success: 0.000000
2026-09-14 23:36:32,934 Average episode oracle_success: 0.000000
2026-09-14 23:36:32,934 Average episode path_length: 5.500000
2026-09-14 23:36:32,934 Average episode collisions: 0.000000
2026-09-14 23:36:32,934 Average episode spl: 0.000000
2026-09-14 23:36:32,934 Average episode ndtw: 0.000059
2026-09-14 23:36:32,934 Average episode sdtw: 0.000000
2026-09-14 23:36:32,934 Average episode ghost_cnt: 13.000000
100%|██████████| 1/1 [00:05<00:00,  5.44s/it]
2026-09-14 23:36:35,515 checkpoint_path: data/logs/checkpoints/release_r2r/ckpt.iter12000.pth
2026-09-14 23:36:35,515 Initializing dataset VLN-CE-v1
2026-09-14 23:36:35,536 SPLTI: custom, NUMBER OF SCENES: 1
2026-09-14 23:36:37,018 Initializing dataset VLN-CE-v1
2026-09-14 23:36:37,039 initializing sim Sim-v1
WARNING: Logging before InitGoogleLogging() is written to STDERR
I0914 23:36:37.045775 16343 ManagedContainerBase.cpp:19] ManagedContainerBase::convertFilenameToJSON : Filename : default changed to proposed JSON configuration filename : default.scene_dataset_config.json
I0914 23:36:37.045804 16343 AttributesManagerBase.h:283] AttributesManager<T>::createFromJsonOrDefaultInternal  (Dataset) : Proposing JSON name : default.scene_dataset_config.json from original name : default | This file  does not exist.
I0914 23:36:37.045843 16343 AssetAttributesManager.cpp:117] Asset attributes (capsule3DSolid : capsule3DSolid_hemiRings_4_cylRings_1_segments_12_halfLen_0.75_useTexCoords_false_useTangents_false) created and registered.
I0914 23:36:37.045861 16343 AssetAttributesManager.cpp:117] Asset attributes (capsule3DWireframe : capsule3DWireframe_hemiRings_8_cylRings_1_segments_16_halfLen_1) created and registered.
I0914 23:36:37.045876 16343 AssetAttributesManager.cpp:117] Asset attributes (coneSolid : coneSolid_segments_12_halfLen_1.25_rings_1_useTexCoords_false_useTangents_false_capEnd_true) created and registered.
I0914 23:36:37.045884 16343 AssetAttributesManager.cpp:117] Asset attributes (coneWireframe : coneWireframe_segments_32_halfLen_1.25) created and registered.
I0914 23:36:37.045890 16343 AssetAttributesManager.cpp:117] Asset attributes (cubeSolid : cubeSolid) created and registered.
I0914 23:36:37.045894 16343 AssetAttributesManager.cpp:117] Asset attributes (cubeWireframe : cubeWireframe) created and registered.
I0914 23:36:37.045907 16343 AssetAttributesManager.cpp:117] Asset attributes (cylinderSolid : cylinderSolid_rings_1_segments_12_halfLen_1_useTexCoords_false_useTangents_false_capEnds_true) created and registered.
I0914 23:36:37.045917 16343 AssetAttributesManager.cpp:117] Asset attributes (cylinderWireframe : cylinderWireframe_rings_1_segments_32_halfLen_1) created and registered.
I0914 23:36:37.045923 16343 AssetAttributesManager.cpp:117] Asset attributes (icosphereSolid : icosphereSolid_subdivs_1) created and registered.
I0914 23:36:37.045928 16343 AssetAttributesManager.cpp:117] Asset attributes (icosphereWireframe : icosphereWireframe_subdivs_1) created and registered.
I0914 23:36:37.045943 16343 AssetAttributesManager.cpp:117] Asset attributes (uvSphereSolid : uvSphereSolid_rings_8_segments_16_useTexCoords_false_useTangents_false) created and registered.
I0914 23:36:37.045950 16343 AssetAttributesManager.cpp:117] Asset attributes (uvSphereWireframe : uvSphereWireframe_rings_16_segments_32) created and registered.
I0914 23:36:37.045953 16343 AssetAttributesManager.cpp:105] AssetAttributesManager::buildCtorFuncPtrMaps : Built default primitive asset templates : 12
I0914 23:36:37.046223 16343 SceneDatasetAttributesManager.cpp:23] File (default) not found, so new default dataset attributes created and registered.
I0914 23:36:37.046226 16343 MetadataMediator.cpp:47] MetadataMediator::createDataset : Dataset default successfully created.
I0914 23:36:37.048187 16343 AttributesManagerBase.h:283] AttributesManager<T>::createFromJsonOrDefaultInternal  (Physics Manager) : Proposing JSON name : ./data/default.physics_config.json from original name : ./data/default.physics_config.json | This file  does not exist.
I0914 23:36:37.048195 16343 PhysicsAttributesManager.cpp:27] File (./data/default.physics_config.json) not found, so new default physics manager attributes created and registered.
I0914 23:36:37.048198 16343 AbstractObjectAttributesManagerBase.h:175] AbstractObjectAttributesManager<T>::createObject  (Stage) : Making attributes with handle : data/scene_datasets/mp3d/zsNo4HB9uLZ/zsNo4HB9uLZ.glb
I0914 23:36:37.048200 16343 ManagedContainerBase.cpp:19] ManagedContainerBase::convertFilenameToJSON : Filename : data/scene_datasets/mp3d/zsNo4HB9uLZ/zsNo4HB9uLZ.glb changed to proposed JSON configuration filename : data/scene_datasets/mp3d/zsNo4HB9uLZ/zsNo4HB9uLZ.stage_config.json
I0914 23:36:37.048206 16343 AttributesManagerBase.h:283] AttributesManager<T>::createFromJsonOrDefaultInternal  (Stage) : Proposing JSON name : data/scene_datasets/mp3d/zsNo4HB9uLZ/zsNo4HB9uLZ.stage_config.json from original name : data/scene_datasets/mp3d/zsNo4HB9uLZ/zsNo4HB9uLZ.glb | This file  does not exist.
I0914 23:36:37.048236 16343 AbstractObjectAttributesManagerBase.h:181] AbstractObjectAttributesManager<T>::createObject  (Stage) : Done making attributes with handle : data/scene_datasets/mp3d/zsNo4HB9uLZ/zsNo4HB9uLZ.glb
I0914 23:36:37.048237 16343 AbstractObjectAttributesManagerBase.h:188] File (data/scene_datasets/mp3d/zsNo4HB9uLZ/zsNo4HB9uLZ.glb) exists but is not a recognized config filename extension, so new default Stage attributes created and registered.
I0914 23:36:37.048241 16343 Simulator.cpp:156] Loading navmesh from data/scene_datasets/mp3d/zsNo4HB9uLZ/zsNo4HB9uLZ.navmesh
I0914 23:36:37.048295 16343 Simulator.cpp:158] Loaded.
I0914 23:36:37.048302 16343 SceneGraph.h:93] Created DrawableGroup: 
Renderer: NVIDIA T1000 8GB/PCIe/SSE2 by NVIDIA Corporation
OpenGL version: 4.6.0 NVIDIA 590.48.01
Using optional features:
    GL_ARB_ES2_compatibility
    GL_ARB_direct_state_access
    GL_ARB_get_texture_sub_image
    GL_ARB_invalidate_subdata
    GL_ARB_multi_bind
    GL_ARB_robustness
    GL_ARB_separate_shader_objects
    GL_ARB_texture_filter_anisotropic
    GL_ARB_texture_storage
    GL_ARB_texture_storage_multisample
    GL_ARB_vertex_array_object
    GL_KHR_debug
Using driver workarounds:
    no-forward-compatible-core-context
    nv-egl-incorrect-gl11-function-pointers
    no-layout-qualifiers-on-old-glsl
    nv-zero-context-profile-mask
    nv-implementation-color-read-format-dsa-broken
    nv-cubemap-inconsistent-compressed-image-size
    nv-cubemap-broken-full-compressed-image-query
    nv-compressed-block-size-in-bits
I0914 23:36:37.137065 16343 ResourceManager.cpp:234] ResourceManager::loadStage : Not loading semantic mesh
I0914 23:36:37.137073 16343 ResourceManager.cpp:262] ResourceManager::loadStage : start load render asset data/scene_datasets/mp3d/zsNo4HB9uLZ/zsNo4HB9uLZ.glb.
I0914 23:36:37.137075 16343 ResourceManager.cpp:569] ResourceManager::loadStageInternal : Attempting to load stage data/scene_datasets/mp3d/zsNo4HB9uLZ/zsNo4HB9uLZ.glb 
I0914 23:36:37.137091 16343 ResourceManager.cpp:1119] Importing Basis files as BC7 for zsNo4HB9uLZ.glb
W0914 23:36:38.003979 16343 Simulator.cpp:248] :
---
 The active scene does not contain semantic annotations. 
---
I0914 23:36:38.042235 16343 simulator.py:213] Loaded navmesh data/scene_datasets/mp3d/zsNo4HB9uLZ/zsNo4HB9uLZ.navmesh
2026-09-14 23:36:38,047 Initializing task VLN-v0
You are using a model of type bert to instantiate a model of type . This is not supported for all configurations of models and can yield errors.
Some weights of the model checkpoint at None were not used when initializing GlocalTextPathNavCMT: ['bert.global_encoder.encoder.x_layers.3.lang_self_att.self.query.bias', 'bert.global_encoder.encoder.x_layers.3.lang_self_att.output.LayerNorm.bias', 'bert.global_encoder.encoder.x_layers.1.lang_self_att.output.LayerNorm.weight', 'bert.global_encoder.encoder.x_layers.0.lang_self_att.self.query.bias', 'bert.global_encoder.encoder.x_layers.3.lang_self_att.self.key.bias', 'bert.global_encoder.encoder.x_layers.2.lang_output.LayerNorm.bias', 'bert.global_encoder.encoder.x_layers.2.lang_self_att.self.key.bias', 'bert.global_encoder.encoder.x_layers.0.lang_inter.dense.weight', 'bert.global_encoder.encoder.x_layers.0.lang_output.LayerNorm.bias', 'bert.global_encoder.encoder.x_layers.1.lang_self_att.self.query.bias', 'mlm_head.predictions.transform.LayerNorm.weight', 'bert.global_encoder.encoder.x_layers.3.lang_self_att.output.dense.bias', 'bert.global_encoder.encoder.x_layers.3.lang_self_att.self.key.weight', 'bert.global_encoder.encoder.x_layers.1.lang_self_att.output.dense.bias', 'bert.global_encoder.encoder.x_layers.2.lang_self_att.self.query.bias', 'bert.global_encoder.encoder.x_layers.3.lang_output.dense.bias', 'bert.global_encoder.encoder.x_layers.0.lang_self_att.output.LayerNorm.weight', 'bert.global_encoder.encoder.x_layers.2.lang_self_att.output.dense.weight', 'bert.global_encoder.encoder.x_layers.1.lang_self_att.output.LayerNorm.bias', 'bert.global_encoder.encoder.x_layers.3.lang_inter.dense.weight', 'bert.global_encoder.encoder.x_layers.2.lang_self_att.output.LayerNorm.weight', 'bert.global_encoder.encoder.x_layers.0.lang_self_att.output.dense.bias', 'bert.global_encoder.encoder.x_layers.2.lang_self_att.self.value.weight', 'bert.global_encoder.encoder.x_layers.0.lang_self_att.self.key.bias', 'bert.global_encoder.encoder.x_layers.1.lang_self_att.self.key.bias', 'bert.global_encoder.encoder.x_layers.1.lang_self_att.self.key.weight', 'bert.global_encoder.encoder.x_layers.1.lang_self_att.output.dense.weight', 'bert.global_encoder.encoder.x_layers.3.lang_self_att.self.value.bias', 'bert.global_encoder.encoder.x_layers.1.lang_self_att.self.value.bias', 'bert.global_encoder.encoder.x_layers.2.lang_inter.dense.weight', 'bert.global_encoder.encoder.x_layers.3.lang_inter.dense.bias', 'bert.global_encoder.encoder.x_layers.0.lang_self_att.self.query.weight', 'bert.global_encoder.encoder.x_layers.0.lang_self_att.output.LayerNorm.bias', 'bert.global_encoder.encoder.x_layers.2.lang_output.LayerNorm.weight', 'bert.global_encoder.encoder.x_layers.3.lang_self_att.self.value.weight', 'bert.global_encoder.encoder.x_layers.3.lang_self_att.self.query.weight', 'bert.global_encoder.encoder.x_layers.1.lang_output.LayerNorm.weight', 'bert.global_encoder.encoder.x_layers.0.lang_output.dense.weight', 'bert.global_encoder.encoder.x_layers.0.lang_inter.dense.bias', 'bert.global_encoder.encoder.x_layers.1.lang_self_att.self.query.weight', 'bert.global_encoder.encoder.x_layers.2.lang_self_att.self.key.weight', 'bert.global_encoder.encoder.x_layers.2.lang_output.dense.weight', 'bert.global_encoder.encoder.x_layers.1.lang_output.LayerNorm.bias', 'mlm_head.predictions.decoder.weight', 'bert.global_encoder.encoder.x_layers.1.lang_output.dense.bias', 'bert.global_encoder.encoder.x_layers.2.lang_self_att.output.dense.bias', 'bert.global_encoder.encoder.x_layers.2.lang_self_att.output.LayerNorm.bias', 'bert.global_encoder.encoder.x_layers.0.lang_self_att.self.key.weight', 'bert.global_encoder.encoder.x_layers.0.lang_self_att.self.value.weight', 'bert.global_encoder.encoder.x_layers.0.lang_output.LayerNorm.weight', 'bert.global_encoder.encoder.x_layers.2.lang_output.dense.bias', 'bert.global_encoder.encoder.x_layers.1.lang_inter.dense.weight', 'bert.global_encoder.encoder.x_layers.1.lang_output.dense.weight', 'bert.global_encoder.encoder.x_layers.2.lang_inter.dense.bias', 'bert.global_encoder.encoder.x_layers.3.lang_output.LayerNorm.bias', 'bert.global_encoder.encoder.x_layers.1.lang_inter.dense.bias', 'mlm_head.predictions.transform.dense.weight', 'bert.global_encoder.encoder.x_layers.3.lang_output.LayerNorm.weight', 'bert.global_encoder.encoder.x_layers.0.lang_self_att.output.dense.weight', 'bert.global_encoder.encoder.x_layers.2.lang_self_att.self.query.weight', 'mlm_head.predictions.transform.LayerNorm.bias', 'bert.global_encoder.encoder.x_layers.1.lang_self_att.self.value.weight', 'bert.global_encoder.encoder.x_layers.0.lang_self_att.self.value.bias', 'bert.global_encoder.encoder.x_layers.3.lang_output.dense.weight', 'bert.global_encoder.encoder.x_layers.3.lang_self_att.output.LayerNorm.weight', 'bert.global_encoder.encoder.x_layers.0.lang_output.dense.bias', 'bert.global_encoder.encoder.x_layers.2.lang_self_att.self.value.bias', 'mlm_head.predictions.bias', 'mlm_head.predictions.transform.dense.bias', 'bert.global_encoder.encoder.x_layers.3.lang_self_att.output.dense.weight']
- This IS expected if you are initializing GlocalTextPathNavCMT from the checkpoint of a model trained on another task or with another architecture (e.g. initializing a BertForSequenceClassification model from a BertForPreTraining model).
- This IS NOT expected if you are initializing GlocalTextPathNavCMT from the checkpoint of a model that you expect to be exactly identical (initializing a BertForSequenceClassification model from a BertForSequenceClassification model).
2026-09-14 23:36:43,843 Loaded weights from checkpoint: data/logs/checkpoints/release_r2r/ckpt.iter12000.pth, iteration: 12000
2026-09-14 23:36:43,847 Agent parameters: 299.14 MB. Trainable: 140.79 MB.
2026-09-14 23:36:43,847 Finished setting up policy.
local rank: 0 | dataset length: 1

Initalizing the ETP model ...
  0%|          | 0/1 [00:00<?, ?it/s]2026-09-14 23:36:49,030 Video created: data/logs/video/spatial_zsNo4HB9uLZ_17/zsNo4HB9uLZ-17-SPL0.00.mp4
  0%|          | 0/41 [00:00<?, ?it/s]IMAGEIO FFMPEG_WRITER WARNING: input image is not divisible by macro_block_size=16, resizing from (825, 256) to (832, 256) to ensure video compatibility with most codecs and players. To prevent resizing, make your input image divisible by the macro_block_size or set the macro_block_size to 1 (risking incompatibility).
[swscaler @ 0x61ebbfc7bfc0] Warning: data is not aligned! This can lead to a speed loss
100%|██████████| 41/41 [00:00<00:00, 604.00it/s]100%|██████████| 1/1 [00:05<00:00,  5.34s/it]I0914 23:36:49.217597 16343 PhysicsManager.cpp:33] Deconstructing PhysicsManager
I0914 23:36:49.217623 16343 SemanticScene.h:41] Deconstructing SemanticScene
I0914 23:36:49.219172 16343 SceneManager.h:25] Deconstructing SceneManager
I0914 23:36:49.219182 16343 SceneGraph.h:26] Deconstructing SceneGraph
I0914 23:36:49.219455 16343 Sensor.h:87] Deconstructing Sensor
I0914 23:36:49.219619 16343 Sensor.h:87] Deconstructing Sensor
I0914 23:36:49.219717 16343 Sensor.h:87] Deconstructing Sensor
I0914 23:36:49.219808 16343 Sensor.h:87] Deconstructing Sensor
I0914 23:36:49.219899 16343 Sensor.h:87] Deconstructing Sensor
I0914 23:36:49.219997 16343 Sensor.h:87] Deconstructing Sensor
I0914 23:36:49.220089 16343 Sensor.h:87] Deconstructing Sensor
I0914 23:36:49.220184 16343 Sensor.h:87] Deconstructing Sensor
I0914 23:36:49.220273 16343 Sensor.h:87] Deconstructing Sensor
I0914 23:36:49.220366 16343 Sensor.h:87] Deconstructing Sensor
I0914 23:36:49.220453 16343 Sensor.h:87] Deconstructing Sensor
I0914 23:36:49.220538 16343 Sensor.h:87] Deconstructing Sensor
I0914 23:36:49.220628 16343 Sensor.h:87] Deconstructing Sensor
I0914 23:36:49.220742 16343 Sensor.h:87] Deconstructing Sensor
I0914 23:36:49.220860 16343 Sensor.h:87] Deconstructing Sensor
I0914 23:36:49.220971 16343 Sensor.h:87] Deconstructing Sensor
I0914 23:36:49.221083 16343 Sensor.h:87] Deconstructing Sensor
I0914 23:36:49.221203 16343 Sensor.h:87] Deconstructing Sensor
I0914 23:36:49.221315 16343 Sensor.h:87] Deconstructing Sensor
I0914 23:36:49.221426 16343 Sensor.h:87] Deconstructing Sensor
I0914 23:36:49.221534 16343 Sensor.h:87] Deconstructing Sensor
I0914 23:36:49.221642 16343 Sensor.h:87] Deconstructing Sensor
I0914 23:36:49.221752 16343 Sensor.h:87] Deconstructing Sensor
I0914 23:36:49.221849 16343 Sensor.h:87] Deconstructing Sensor
I0914 23:36:49.221940 16343 Sensor.h:87] Deconstructing Sensor
I0914 23:36:49.222033 16343 Sensor.h:87] Deconstructing Sensor
I0914 23:36:49.222122 16343 Sensor.h:87] Deconstructing Sensor
I0914 23:36:49.222211 16343 Sensor.h:87] Deconstructing Sensor
I0914 23:36:49.222296 16343 Sensor.h:87] Deconstructing Sensor
I0914 23:36:49.222303 16343 Sensor.h:87] Deconstructing Sensor
I0914 23:36:49.224466 16343 Renderer.cpp:34] Deconstructing Renderer
I0914 23:36:49.224479 16343 WindowlessContext.h:17] Deconstructing WindowlessContext
I0914 23:36:49.230990 16343 Simulator.cpp:49] Deconstructing Simulator

2026-09-14 23:36:49,232 Episodes evaluated: 1
2026-09-14 23:36:49,232 Average episode steps_taken: 40.000000
2026-09-14 23:36:49,232 Average episode distance_to_goal: 9.844122
2026-09-14 23:36:49,232 Average episode success: 0.000000
2026-09-14 23:36:49,232 Average episode oracle_success: 0.000000
2026-09-14 23:36:49,232 Average episode path_length: 5.250000
2026-09-14 23:36:49,232 Average episode collisions: 0.000000
2026-09-14 23:36:49,232 Average episode spl: 0.000000
2026-09-14 23:36:49,232 Average episode ndtw: 0.000086
2026-09-14 23:36:49,232 Average episode sdtw: 0.000000
2026-09-14 23:36:49,232 Average episode ghost_cnt: 14.000000
100%|██████████| 1/1 [00:05<00:00,  5.36s/it]
2026-09-14 23:36:51,835 checkpoint_path: data/logs/checkpoints/release_r2r/ckpt.iter12000.pth
2026-09-14 23:36:51,836 Initializing dataset VLN-CE-v1
2026-09-14 23:36:51,856 SPLTI: custom, NUMBER OF SCENES: 1
2026-09-14 23:36:53,370 Initializing dataset VLN-CE-v1
2026-09-14 23:36:53,390 initializing sim Sim-v1
WARNING: Logging before InitGoogleLogging() is written to STDERR
I0914 23:36:53.396731 16607 ManagedContainerBase.cpp:19] ManagedContainerBase::convertFilenameToJSON : Filename : default changed to proposed JSON configuration filename : default.scene_dataset_config.json
I0914 23:36:53.396754 16607 AttributesManagerBase.h:283] AttributesManager<T>::createFromJsonOrDefaultInternal  (Dataset) : Proposing JSON name : default.scene_dataset_config.json from original name : default | This file  does not exist.
I0914 23:36:53.396795 16607 AssetAttributesManager.cpp:117] Asset attributes (capsule3DSolid : capsule3DSolid_hemiRings_4_cylRings_1_segments_12_halfLen_0.75_useTexCoords_false_useTangents_false) created and registered.
I0914 23:36:53.396811 16607 AssetAttributesManager.cpp:117] Asset attributes (capsule3DWireframe : capsule3DWireframe_hemiRings_8_cylRings_1_segments_16_halfLen_1) created and registered.
I0914 23:36:53.396826 16607 AssetAttributesManager.cpp:117] Asset attributes (coneSolid : coneSolid_segments_12_halfLen_1.25_rings_1_useTexCoords_false_useTangents_false_capEnd_true) created and registered.
I0914 23:36:53.396833 16607 AssetAttributesManager.cpp:117] Asset attributes (coneWireframe : coneWireframe_segments_32_halfLen_1.25) created and registered.
I0914 23:36:53.396838 16607 AssetAttributesManager.cpp:117] Asset attributes (cubeSolid : cubeSolid) created and registered.
I0914 23:36:53.396843 16607 AssetAttributesManager.cpp:117] Asset attributes (cubeWireframe : cubeWireframe) created and registered.
I0914 23:36:53.396855 16607 AssetAttributesManager.cpp:117] Asset attributes (cylinderSolid : cylinderSolid_rings_1_segments_12_halfLen_1_useTexCoords_false_useTangents_false_capEnds_true) created and registered.
I0914 23:36:53.396869 16607 AssetAttributesManager.cpp:117] Asset attributes (cylinderWireframe : cylinderWireframe_rings_1_segments_32_halfLen_1) created and registered.
I0914 23:36:53.396881 16607 AssetAttributesManager.cpp:117] Asset attributes (icosphereSolid : icosphereSolid_subdivs_1) created and registered.
I0914 23:36:53.396888 16607 AssetAttributesManager.cpp:117] Asset attributes (icosphereWireframe : icosphereWireframe_subdivs_1) created and registered.
I0914 23:36:53.396895 16607 AssetAttributesManager.cpp:117] Asset attributes (uvSphereSolid : uvSphereSolid_rings_8_segments_16_useTexCoords_false_useTangents_false) created and registered.
I0914 23:36:53.396903 16607 AssetAttributesManager.cpp:117] Asset attributes (uvSphereWireframe : uvSphereWireframe_rings_16_segments_32) created and registered.
I0914 23:36:53.396905 16607 AssetAttributesManager.cpp:105] AssetAttributesManager::buildCtorFuncPtrMaps : Built default primitive asset templates : 12
I0914 23:36:53.397176 16607 SceneDatasetAttributesManager.cpp:23] File (default) not found, so new default dataset attributes created and registered.
I0914 23:36:53.397178 16607 MetadataMediator.cpp:47] MetadataMediator::createDataset : Dataset default successfully created.
I0914 23:36:53.399129 16607 AttributesManagerBase.h:283] AttributesManager<T>::createFromJsonOrDefaultInternal  (Physics Manager) : Proposing JSON name : ./data/default.physics_config.json from original name : ./data/default.physics_config.json | This file  does not exist.
I0914 23:36:53.399139 16607 PhysicsAttributesManager.cpp:27] File (./data/default.physics_config.json) not found, so new default physics manager attributes created and registered.
I0914 23:36:53.399142 16607 AbstractObjectAttributesManagerBase.h:175] AbstractObjectAttributesManager<T>::createObject  (Stage) : Making attributes with handle : data/scene_datasets/mp3d/zsNo4HB9uLZ/zsNo4HB9uLZ.glb
I0914 23:36:53.399147 16607 ManagedContainerBase.cpp:19] ManagedContainerBase::convertFilenameToJSON : Filename : data/scene_datasets/mp3d/zsNo4HB9uLZ/zsNo4HB9uLZ.glb changed to proposed JSON configuration filename : data/scene_datasets/mp3d/zsNo4HB9uLZ/zsNo4HB9uLZ.stage_config.json
I0914 23:36:53.399152 16607 AttributesManagerBase.h:283] AttributesManager<T>::createFromJsonOrDefaultInternal  (Stage) : Proposing JSON name : data/scene_datasets/mp3d/zsNo4HB9uLZ/zsNo4HB9uLZ.stage_config.json from original name : data/scene_datasets/mp3d/zsNo4HB9uLZ/zsNo4HB9uLZ.glb | This file  does not exist.
I0914 23:36:53.399183 16607 AbstractObjectAttributesManagerBase.h:181] AbstractObjectAttributesManager<T>::createObject  (Stage) : Done making attributes with handle : data/scene_datasets/mp3d/zsNo4HB9uLZ/zsNo4HB9uLZ.glb
I0914 23:36:53.399185 16607 AbstractObjectAttributesManagerBase.h:188] File (data/scene_datasets/mp3d/zsNo4HB9uLZ/zsNo4HB9uLZ.glb) exists but is not a recognized config filename extension, so new default Stage attributes created and registered.
I0914 23:36:53.399188 16607 Simulator.cpp:156] Loading navmesh from data/scene_datasets/mp3d/zsNo4HB9uLZ/zsNo4HB9uLZ.navmesh
I0914 23:36:53.399240 16607 Simulator.cpp:158] Loaded.
I0914 23:36:53.399247 16607 SceneGraph.h:93] Created DrawableGroup: 
Renderer: NVIDIA T1000 8GB/PCIe/SSE2 by NVIDIA Corporation
OpenGL version: 4.6.0 NVIDIA 590.48.01
Using optional features:
    GL_ARB_ES2_compatibility
    GL_ARB_direct_state_access
    GL_ARB_get_texture_sub_image
    GL_ARB_invalidate_subdata
    GL_ARB_multi_bind
    GL_ARB_robustness
    GL_ARB_separate_shader_objects
    GL_ARB_texture_filter_anisotropic
    GL_ARB_texture_storage
    GL_ARB_texture_storage_multisample
    GL_ARB_vertex_array_object
    GL_KHR_debug
Using driver workarounds:
    no-forward-compatible-core-context
    nv-egl-incorrect-gl11-function-pointers
    no-layout-qualifiers-on-old-glsl
    nv-zero-context-profile-mask
    nv-implementation-color-read-format-dsa-broken
    nv-cubemap-inconsistent-compressed-image-size
    nv-cubemap-broken-full-compressed-image-query
    nv-compressed-block-size-in-bits
I0914 23:36:53.487682 16607 ResourceManager.cpp:234] ResourceManager::loadStage : Not loading semantic mesh
I0914 23:36:53.487695 16607 ResourceManager.cpp:262] ResourceManager::loadStage : start load render asset data/scene_datasets/mp3d/zsNo4HB9uLZ/zsNo4HB9uLZ.glb.
I0914 23:36:53.487696 16607 ResourceManager.cpp:569] ResourceManager::loadStageInternal : Attempting to load stage data/scene_datasets/mp3d/zsNo4HB9uLZ/zsNo4HB9uLZ.glb 
I0914 23:36:53.487708 16607 ResourceManager.cpp:1119] Importing Basis files as BC7 for zsNo4HB9uLZ.glb
W0914 23:36:54.359438 16607 Simulator.cpp:248] :
---
 The active scene does not contain semantic annotations. 
---
I0914 23:36:54.399246 16607 simulator.py:213] Loaded navmesh data/scene_datasets/mp3d/zsNo4HB9uLZ/zsNo4HB9uLZ.navmesh
2026-09-14 23:36:54,404 Initializing task VLN-v0
You are using a model of type bert to instantiate a model of type . This is not supported for all configurations of models and can yield errors.
Some weights of the model checkpoint at None were not used when initializing GlocalTextPathNavCMT: ['bert.global_encoder.encoder.x_layers.3.lang_self_att.output.LayerNorm.weight', 'bert.global_encoder.encoder.x_layers.0.lang_self_att.self.key.bias', 'bert.global_encoder.encoder.x_layers.3.lang_self_att.output.LayerNorm.bias', 'bert.global_encoder.encoder.x_layers.0.lang_self_att.self.value.weight', 'bert.global_encoder.encoder.x_layers.0.lang_self_att.self.value.bias', 'bert.global_encoder.encoder.x_layers.0.lang_self_att.output.LayerNorm.bias', 'bert.global_encoder.encoder.x_layers.2.lang_self_att.self.key.bias', 'bert.global_encoder.encoder.x_layers.2.lang_output.LayerNorm.bias', 'bert.global_encoder.encoder.x_layers.0.lang_output.dense.bias', 'bert.global_encoder.encoder.x_layers.0.lang_output.LayerNorm.weight', 'mlm_head.predictions.transform.LayerNorm.bias', 'bert.global_encoder.encoder.x_layers.1.lang_inter.dense.weight', 'bert.global_encoder.encoder.x_layers.2.lang_self_att.output.dense.bias', 'bert.global_encoder.encoder.x_layers.2.lang_self_att.self.key.weight', 'bert.global_encoder.encoder.x_layers.0.lang_self_att.self.query.bias', 'bert.global_encoder.encoder.x_layers.1.lang_self_att.self.key.bias', 'bert.global_encoder.encoder.x_layers.2.lang_self_att.output.LayerNorm.weight', 'bert.global_encoder.encoder.x_layers.1.lang_output.LayerNorm.weight', 'bert.global_encoder.encoder.x_layers.1.lang_inter.dense.bias', 'bert.global_encoder.encoder.x_layers.3.lang_self_att.self.value.bias', 'bert.global_encoder.encoder.x_layers.0.lang_self_att.output.LayerNorm.weight', 'bert.global_encoder.encoder.x_layers.2.lang_self_att.self.value.weight', 'bert.global_encoder.encoder.x_layers.1.lang_self_att.self.value.bias', 'bert.global_encoder.encoder.x_layers.1.lang_self_att.output.LayerNorm.bias', 'mlm_head.predictions.transform.dense.bias', 'bert.global_encoder.encoder.x_layers.3.lang_self_att.output.dense.bias', 'bert.global_encoder.encoder.x_layers.0.lang_output.LayerNorm.bias', 'bert.global_encoder.encoder.x_layers.1.lang_output.dense.bias', 'bert.global_encoder.encoder.x_layers.2.lang_output.dense.weight', 'mlm_head.predictions.decoder.weight', 'mlm_head.predictions.transform.dense.weight', 'bert.global_encoder.encoder.x_layers.2.lang_output.LayerNorm.weight', 'bert.global_encoder.encoder.x_layers.1.lang_output.dense.weight', 'bert.global_encoder.encoder.x_layers.2.lang_self_att.self.query.bias', 'bert.global_encoder.encoder.x_layers.1.lang_self_att.self.query.bias', 'bert.global_encoder.encoder.x_layers.3.lang_output.dense.weight', 'bert.global_encoder.encoder.x_layers.3.lang_self_att.self.value.weight', 'bert.global_encoder.encoder.x_layers.3.lang_self_att.self.query.weight', 'bert.global_encoder.encoder.x_layers.3.lang_self_att.self.key.weight', 'bert.global_encoder.encoder.x_layers.3.lang_inter.dense.bias', 'mlm_head.predictions.transform.LayerNorm.weight', 'bert.global_encoder.encoder.x_layers.1.lang_self_att.self.query.weight', 'bert.global_encoder.encoder.x_layers.2.lang_output.dense.bias', 'mlm_head.predictions.bias', 'bert.global_encoder.encoder.x_layers.2.lang_self_att.output.LayerNorm.bias', 'bert.global_encoder.encoder.x_layers.2.lang_inter.dense.weight', 'bert.global_encoder.encoder.x_layers.1.lang_self_att.output.LayerNorm.weight', 'bert.global_encoder.encoder.x_layers.0.lang_self_att.self.query.weight', 'bert.global_encoder.encoder.x_layers.3.lang_output.LayerNorm.bias', 'bert.global_encoder.encoder.x_layers.2.lang_inter.dense.bias', 'bert.global_encoder.encoder.x_layers.1.lang_self_att.self.value.weight', 'bert.global_encoder.encoder.x_layers.0.lang_inter.dense.weight', 'bert.global_encoder.encoder.x_layers.1.lang_output.LayerNorm.bias', 'bert.global_encoder.encoder.x_layers.2.lang_self_att.output.dense.weight', 'bert.global_encoder.encoder.x_layers.3.lang_output.dense.bias', 'bert.global_encoder.encoder.x_layers.3.lang_inter.dense.weight', 'bert.global_encoder.encoder.x_layers.1.lang_self_att.output.dense.weight', 'bert.global_encoder.encoder.x_layers.3.lang_self_att.self.key.bias', 'bert.global_encoder.encoder.x_layers.0.lang_output.dense.weight', 'bert.global_encoder.encoder.x_layers.1.lang_self_att.self.key.weight', 'bert.global_encoder.encoder.x_layers.2.lang_self_att.self.query.weight', 'bert.global_encoder.encoder.x_layers.3.lang_self_att.self.query.bias', 'bert.global_encoder.encoder.x_layers.0.lang_self_att.self.key.weight', 'bert.global_encoder.encoder.x_layers.3.lang_self_att.output.dense.weight', 'bert.global_encoder.encoder.x_layers.1.lang_self_att.output.dense.bias', 'bert.global_encoder.encoder.x_layers.0.lang_self_att.output.dense.weight', 'bert.global_encoder.encoder.x_layers.3.lang_output.LayerNorm.weight', 'bert.global_encoder.encoder.x_layers.2.lang_self_att.self.value.bias', 'bert.global_encoder.encoder.x_layers.0.lang_inter.dense.bias', 'bert.global_encoder.encoder.x_layers.0.lang_self_att.output.dense.bias']
- This IS expected if you are initializing GlocalTextPathNavCMT from the checkpoint of a model trained on another task or with another architecture (e.g. initializing a BertForSequenceClassification model from a BertForPreTraining model).
- This IS NOT expected if you are initializing GlocalTextPathNavCMT from the checkpoint of a model that you expect to be exactly identical (initializing a BertForSequenceClassification model from a BertForSequenceClassification model).
2026-09-14 23:37:00,232 Loaded weights from checkpoint: data/logs/checkpoints/release_r2r/ckpt.iter12000.pth, iteration: 12000
2026-09-14 23:37:00,235 Agent parameters: 299.14 MB. Trainable: 140.79 MB.
2026-09-14 23:37:00,235 Finished setting up policy.
local rank: 0 | dataset length: 1

Initalizing the ETP model ...
  0%|          | 0/1 [00:00<?, ?it/s]2026-09-14 23:37:07,254 Video created: data/logs/video/spatial_zsNo4HB9uLZ_18/zsNo4HB9uLZ-18-SPL0.00.mp4
  0%|          | 0/53 [00:00<?, ?it/s]IMAGEIO FFMPEG_WRITER WARNING: input image is not divisible by macro_block_size=16, resizing from (825, 256) to (832, 256) to ensure video compatibility with most codecs and players. To prevent resizing, make your input image divisible by the macro_block_size or set the macro_block_size to 1 (risking incompatibility).
[swscaler @ 0x5d7a6fa0efc0] Warning: data is not aligned! This can lead to a speed loss
100%|██████████| 53/53 [00:00<00:00, 579.84it/s]100%|██████████| 1/1 [00:07<00:00,  7.20s/it]I0914 23:37:07.441497 16607 PhysicsManager.cpp:33] Deconstructing PhysicsManager
I0914 23:37:07.441522 16607 SemanticScene.h:41] Deconstructing SemanticScene
I0914 23:37:07.443203 16607 SceneManager.h:25] Deconstructing SceneManager
I0914 23:37:07.443212 16607 SceneGraph.h:26] Deconstructing SceneGraph
I0914 23:37:07.443480 16607 Sensor.h:87] Deconstructing Sensor
I0914 23:37:07.443643 16607 Sensor.h:87] Deconstructing Sensor
I0914 23:37:07.443742 16607 Sensor.h:87] Deconstructing Sensor
I0914 23:37:07.443832 16607 Sensor.h:87] Deconstructing Sensor
I0914 23:37:07.443919 16607 Sensor.h:87] Deconstructing Sensor
I0914 23:37:07.444015 16607 Sensor.h:87] Deconstructing Sensor
I0914 23:37:07.444105 16607 Sensor.h:87] Deconstructing Sensor
I0914 23:37:07.444198 16607 Sensor.h:87] Deconstructing Sensor
I0914 23:37:07.444288 16607 Sensor.h:87] Deconstructing Sensor
I0914 23:37:07.444386 16607 Sensor.h:87] Deconstructing Sensor
I0914 23:37:07.444475 16607 Sensor.h:87] Deconstructing Sensor
I0914 23:37:07.444559 16607 Sensor.h:87] Deconstructing Sensor
I0914 23:37:07.444646 16607 Sensor.h:87] Deconstructing Sensor
I0914 23:37:07.444761 16607 Sensor.h:87] Deconstructing Sensor
I0914 23:37:07.444869 16607 Sensor.h:87] Deconstructing Sensor
I0914 23:37:07.444980 16607 Sensor.h:87] Deconstructing Sensor
I0914 23:37:07.445087 16607 Sensor.h:87] Deconstructing Sensor
I0914 23:37:07.445205 16607 Sensor.h:87] Deconstructing Sensor
I0914 23:37:07.445322 16607 Sensor.h:87] Deconstructing Sensor
I0914 23:37:07.445429 16607 Sensor.h:87] Deconstructing Sensor
I0914 23:37:07.445534 16607 Sensor.h:87] Deconstructing Sensor
I0914 23:37:07.445644 16607 Sensor.h:87] Deconstructing Sensor
I0914 23:37:07.445753 16607 Sensor.h:87] Deconstructing Sensor
I0914 23:37:07.445851 16607 Sensor.h:87] Deconstructing Sensor
I0914 23:37:07.445943 16607 Sensor.h:87] Deconstructing Sensor
I0914 23:37:07.446034 16607 Sensor.h:87] Deconstructing Sensor
I0914 23:37:07.446123 16607 Sensor.h:87] Deconstructing Sensor
I0914 23:37:07.446215 16607 Sensor.h:87] Deconstructing Sensor
I0914 23:37:07.446301 16607 Sensor.h:87] Deconstructing Sensor
I0914 23:37:07.446309 16607 Sensor.h:87] Deconstructing Sensor
I0914 23:37:07.448381 16607 Renderer.cpp:34] Deconstructing Renderer
I0914 23:37:07.448391 16607 WindowlessContext.h:17] Deconstructing WindowlessContext
I0914 23:37:07.455473 16607 Simulator.cpp:49] Deconstructing Simulator

2026-09-14 23:37:07,456 Episodes evaluated: 1
2026-09-14 23:37:07,456 Average episode steps_taken: 52.000000
2026-09-14 23:37:07,456 Average episode distance_to_goal: 13.815741
2026-09-14 23:37:07,457 Average episode success: 0.000000
2026-09-14 23:37:07,457 Average episode oracle_success: 0.000000
2026-09-14 23:37:07,457 Average episode path_length: 7.500001
2026-09-14 23:37:07,457 Average episode collisions: 0.000000
2026-09-14 23:37:07,457 Average episode spl: 0.000000
2026-09-14 23:37:07,457 Average episode ndtw: 0.000000
2026-09-14 23:37:07,457 Average episode sdtw: 0.000000
2026-09-14 23:37:07,457 Average episode ghost_cnt: 17.000000
100%|██████████| 1/1 [00:07<00:00,  7.22s/it]
2026-09-14 23:37:10,049 checkpoint_path: data/logs/checkpoints/release_r2r/ckpt.iter12000.pth
2026-09-14 23:37:10,049 Initializing dataset VLN-CE-v1
2026-09-14 23:37:10,070 SPLTI: custom, NUMBER OF SCENES: 1
2026-09-14 23:37:11,615 Initializing dataset VLN-CE-v1
2026-09-14 23:37:11,635 initializing sim Sim-v1
WARNING: Logging before InitGoogleLogging() is written to STDERR
I0914 23:37:11.641796 16866 ManagedContainerBase.cpp:19] ManagedContainerBase::convertFilenameToJSON : Filename : default changed to proposed JSON configuration filename : default.scene_dataset_config.json
I0914 23:37:11.641826 16866 AttributesManagerBase.h:283] AttributesManager<T>::createFromJsonOrDefaultInternal  (Dataset) : Proposing JSON name : default.scene_dataset_config.json from original name : default | This file  does not exist.
I0914 23:37:11.641873 16866 AssetAttributesManager.cpp:117] Asset attributes (capsule3DSolid : capsule3DSolid_hemiRings_4_cylRings_1_segments_12_halfLen_0.75_useTexCoords_false_useTangents_false) created and registered.
I0914 23:37:11.641889 16866 AssetAttributesManager.cpp:117] Asset attributes (capsule3DWireframe : capsule3DWireframe_hemiRings_8_cylRings_1_segments_16_halfLen_1) created and registered.
I0914 23:37:11.641906 16866 AssetAttributesManager.cpp:117] Asset attributes (coneSolid : coneSolid_segments_12_halfLen_1.25_rings_1_useTexCoords_false_useTangents_false_capEnd_true) created and registered.
I0914 23:37:11.641914 16866 AssetAttributesManager.cpp:117] Asset attributes (coneWireframe : coneWireframe_segments_32_halfLen_1.25) created and registered.
I0914 23:37:11.641919 16866 AssetAttributesManager.cpp:117] Asset attributes (cubeSolid : cubeSolid) created and registered.
I0914 23:37:11.641924 16866 AssetAttributesManager.cpp:117] Asset attributes (cubeWireframe : cubeWireframe) created and registered.
I0914 23:37:11.641943 16866 AssetAttributesManager.cpp:117] Asset attributes (cylinderSolid : cylinderSolid_rings_1_segments_12_halfLen_1_useTexCoords_false_useTangents_false_capEnds_true) created and registered.
I0914 23:37:11.641953 16866 AssetAttributesManager.cpp:117] Asset attributes (cylinderWireframe : cylinderWireframe_rings_1_segments_32_halfLen_1) created and registered.
I0914 23:37:11.641959 16866 AssetAttributesManager.cpp:117] Asset attributes (icosphereSolid : icosphereSolid_subdivs_1) created and registered.
I0914 23:37:11.641965 16866 AssetAttributesManager.cpp:117] Asset attributes (icosphereWireframe : icosphereWireframe_subdivs_1) created and registered.
I0914 23:37:11.641973 16866 AssetAttributesManager.cpp:117] Asset attributes (uvSphereSolid : uvSphereSolid_rings_8_segments_16_useTexCoords_false_useTangents_false) created and registered.
I0914 23:37:11.641986 16866 AssetAttributesManager.cpp:117] Asset attributes (uvSphereWireframe : uvSphereWireframe_rings_16_segments_32) created and registered.
I0914 23:37:11.641989 16866 AssetAttributesManager.cpp:105] AssetAttributesManager::buildCtorFuncPtrMaps : Built default primitive asset templates : 12
I0914 23:37:11.642257 16866 SceneDatasetAttributesManager.cpp:23] File (default) not found, so new default dataset attributes created and registered.
I0914 23:37:11.642261 16866 MetadataMediator.cpp:47] MetadataMediator::createDataset : Dataset default successfully created.
I0914 23:37:11.644256 16866 AttributesManagerBase.h:283] AttributesManager<T>::createFromJsonOrDefaultInternal  (Physics Manager) : Proposing JSON name : ./data/default.physics_config.json from original name : ./data/default.physics_config.json | This file  does not exist.
I0914 23:37:11.644265 16866 PhysicsAttributesManager.cpp:27] File (./data/default.physics_config.json) not found, so new default physics manager attributes created and registered.
I0914 23:37:11.644268 16866 AbstractObjectAttributesManagerBase.h:175] AbstractObjectAttributesManager<T>::createObject  (Stage) : Making attributes with handle : data/scene_datasets/mp3d/zsNo4HB9uLZ/zsNo4HB9uLZ.glb
I0914 23:37:11.644270 16866 ManagedContainerBase.cpp:19] ManagedContainerBase::convertFilenameToJSON : Filename : data/scene_datasets/mp3d/zsNo4HB9uLZ/zsNo4HB9uLZ.glb changed to proposed JSON configuration filename : data/scene_datasets/mp3d/zsNo4HB9uLZ/zsNo4HB9uLZ.stage_config.json
I0914 23:37:11.644276 16866 AttributesManagerBase.h:283] AttributesManager<T>::createFromJsonOrDefaultInternal  (Stage) : Proposing JSON name : data/scene_datasets/mp3d/zsNo4HB9uLZ/zsNo4HB9uLZ.stage_config.json from original name : data/scene_datasets/mp3d/zsNo4HB9uLZ/zsNo4HB9uLZ.glb | This file  does not exist.
I0914 23:37:11.644304 16866 AbstractObjectAttributesManagerBase.h:181] AbstractObjectAttributesManager<T>::createObject  (Stage) : Done making attributes with handle : data/scene_datasets/mp3d/zsNo4HB9uLZ/zsNo4HB9uLZ.glb
I0914 23:37:11.644305 16866 AbstractObjectAttributesManagerBase.h:188] File (data/scene_datasets/mp3d/zsNo4HB9uLZ/zsNo4HB9uLZ.glb) exists but is not a recognized config filename extension, so new default Stage attributes created and registered.
I0914 23:37:11.644309 16866 Simulator.cpp:156] Loading navmesh from data/scene_datasets/mp3d/zsNo4HB9uLZ/zsNo4HB9uLZ.navmesh
I0914 23:37:11.644363 16866 Simulator.cpp:158] Loaded.
I0914 23:37:11.644371 16866 SceneGraph.h:93] Created DrawableGroup: 
Renderer: NVIDIA T1000 8GB/PCIe/SSE2 by NVIDIA Corporation
OpenGL version: 4.6.0 NVIDIA 590.48.01
Using optional features:
    GL_ARB_ES2_compatibility
    GL_ARB_direct_state_access
    GL_ARB_get_texture_sub_image
    GL_ARB_invalidate_subdata
    GL_ARB_multi_bind
    GL_ARB_robustness
    GL_ARB_separate_shader_objects
    GL_ARB_texture_filter_anisotropic
    GL_ARB_texture_storage
    GL_ARB_texture_storage_multisample
    GL_ARB_vertex_array_object
    GL_KHR_debug
Using driver workarounds:
    no-forward-compatible-core-context
    nv-egl-incorrect-gl11-function-pointers
    no-layout-qualifiers-on-old-glsl
    nv-zero-context-profile-mask
    nv-implementation-color-read-format-dsa-broken
    nv-cubemap-inconsistent-compressed-image-size
    nv-cubemap-broken-full-compressed-image-query
    nv-compressed-block-size-in-bits
I0914 23:37:11.753078 16866 ResourceManager.cpp:234] ResourceManager::loadStage : Not loading semantic mesh
I0914 23:37:11.753088 16866 ResourceManager.cpp:262] ResourceManager::loadStage : start load render asset data/scene_datasets/mp3d/zsNo4HB9uLZ/zsNo4HB9uLZ.glb.
I0914 23:37:11.753089 16866 ResourceManager.cpp:569] ResourceManager::loadStageInternal : Attempting to load stage data/scene_datasets/mp3d/zsNo4HB9uLZ/zsNo4HB9uLZ.glb 
I0914 23:37:11.753103 16866 ResourceManager.cpp:1119] Importing Basis files as BC7 for zsNo4HB9uLZ.glb
W0914 23:37:12.621361 16866 Simulator.cpp:248] :
---
 The active scene does not contain semantic annotations. 
---
I0914 23:37:12.660421 16866 simulator.py:213] Loaded navmesh data/scene_datasets/mp3d/zsNo4HB9uLZ/zsNo4HB9uLZ.navmesh
2026-09-14 23:37:12,665 Initializing task VLN-v0
You are using a model of type bert to instantiate a model of type . This is not supported for all configurations of models and can yield errors.
Some weights of the model checkpoint at None were not used when initializing GlocalTextPathNavCMT: ['bert.global_encoder.encoder.x_layers.3.lang_self_att.self.value.bias', 'bert.global_encoder.encoder.x_layers.2.lang_self_att.self.key.weight', 'bert.global_encoder.encoder.x_layers.1.lang_self_att.self.value.weight', 'bert.global_encoder.encoder.x_layers.2.lang_self_att.output.LayerNorm.weight', 'bert.global_encoder.encoder.x_layers.0.lang_output.dense.weight', 'bert.global_encoder.encoder.x_layers.1.lang_output.LayerNorm.weight', 'bert.global_encoder.encoder.x_layers.1.lang_output.dense.weight', 'bert.global_encoder.encoder.x_layers.0.lang_self_att.self.key.bias', 'bert.global_encoder.encoder.x_layers.0.lang_self_att.output.LayerNorm.weight', 'bert.global_encoder.encoder.x_layers.3.lang_self_att.self.key.bias', 'bert.global_encoder.encoder.x_layers.3.lang_self_att.output.LayerNorm.bias', 'bert.global_encoder.encoder.x_layers.3.lang_self_att.output.LayerNorm.weight', 'bert.global_encoder.encoder.x_layers.3.lang_self_att.self.query.weight', 'bert.global_encoder.encoder.x_layers.2.lang_self_att.self.value.bias', 'bert.global_encoder.encoder.x_layers.0.lang_output.LayerNorm.weight', 'bert.global_encoder.encoder.x_layers.3.lang_self_att.output.dense.bias', 'bert.global_encoder.encoder.x_layers.3.lang_self_att.output.dense.weight', 'bert.global_encoder.encoder.x_layers.0.lang_self_att.self.query.bias', 'bert.global_encoder.encoder.x_layers.0.lang_output.LayerNorm.bias', 'bert.global_encoder.encoder.x_layers.3.lang_self_att.self.value.weight', 'mlm_head.predictions.bias', 'mlm_head.predictions.transform.LayerNorm.weight', 'bert.global_encoder.encoder.x_layers.2.lang_self_att.self.key.bias', 'bert.global_encoder.encoder.x_layers.1.lang_self_att.output.dense.weight', 'bert.global_encoder.encoder.x_layers.3.lang_inter.dense.bias', 'bert.global_encoder.encoder.x_layers.3.lang_output.dense.weight', 'bert.global_encoder.encoder.x_layers.3.lang_self_att.self.query.bias', 'bert.global_encoder.encoder.x_layers.1.lang_self_att.self.key.bias', 'bert.global_encoder.encoder.x_layers.1.lang_output.dense.bias', 'bert.global_encoder.encoder.x_layers.1.lang_self_att.output.LayerNorm.bias', 'mlm_head.predictions.transform.LayerNorm.bias', 'bert.global_encoder.encoder.x_layers.0.lang_self_att.self.value.bias', 'bert.global_encoder.encoder.x_layers.2.lang_output.dense.weight', 'bert.global_encoder.encoder.x_layers.3.lang_output.LayerNorm.bias', 'bert.global_encoder.encoder.x_layers.0.lang_self_att.self.query.weight', 'bert.global_encoder.encoder.x_layers.1.lang_inter.dense.weight', 'bert.global_encoder.encoder.x_layers.2.lang_output.LayerNorm.bias', 'bert.global_encoder.encoder.x_layers.0.lang_self_att.output.dense.weight', 'bert.global_encoder.encoder.x_layers.1.lang_self_att.output.dense.bias', 'bert.global_encoder.encoder.x_layers.0.lang_inter.dense.weight', 'bert.global_encoder.encoder.x_layers.1.lang_self_att.self.key.weight', 'bert.global_encoder.encoder.x_layers.0.lang_self_att.output.LayerNorm.bias', 'bert.global_encoder.encoder.x_layers.1.lang_self_att.output.LayerNorm.weight', 'bert.global_encoder.encoder.x_layers.2.lang_inter.dense.weight', 'bert.global_encoder.encoder.x_layers.2.lang_inter.dense.bias', 'bert.global_encoder.encoder.x_layers.0.lang_self_att.self.value.weight', 'bert.global_encoder.encoder.x_layers.1.lang_output.LayerNorm.bias', 'bert.global_encoder.encoder.x_layers.2.lang_self_att.self.query.bias', 'bert.global_encoder.encoder.x_layers.1.lang_self_att.self.value.bias', 'bert.global_encoder.encoder.x_layers.3.lang_output.LayerNorm.weight', 'bert.global_encoder.encoder.x_layers.1.lang_self_att.self.query.weight', 'bert.global_encoder.encoder.x_layers.2.lang_self_att.output.LayerNorm.bias', 'bert.global_encoder.encoder.x_layers.0.lang_self_att.self.key.weight', 'bert.global_encoder.encoder.x_layers.3.lang_output.dense.bias', 'bert.global_encoder.encoder.x_layers.2.lang_self_att.output.dense.bias', 'bert.global_encoder.encoder.x_layers.0.lang_inter.dense.bias', 'mlm_head.predictions.transform.dense.weight', 'bert.global_encoder.encoder.x_layers.0.lang_self_att.output.dense.bias', 'bert.global_encoder.encoder.x_layers.2.lang_output.dense.bias', 'bert.global_encoder.encoder.x_layers.3.lang_inter.dense.weight', 'bert.global_encoder.encoder.x_layers.3.lang_self_att.self.key.weight', 'bert.global_encoder.encoder.x_layers.1.lang_inter.dense.bias', 'bert.global_encoder.encoder.x_layers.0.lang_output.dense.bias', 'mlm_head.predictions.decoder.weight', 'mlm_head.predictions.transform.dense.bias', 'bert.global_encoder.encoder.x_layers.2.lang_self_att.self.query.weight', 'bert.global_encoder.encoder.x_layers.1.lang_self_att.self.query.bias', 'bert.global_encoder.encoder.x_layers.2.lang_self_att.output.dense.weight', 'bert.global_encoder.encoder.x_layers.2.lang_self_att.self.value.weight', 'bert.global_encoder.encoder.x_layers.2.lang_output.LayerNorm.weight']
- This IS expected if you are initializing GlocalTextPathNavCMT from the checkpoint of a model trained on another task or with another architecture (e.g. initializing a BertForSequenceClassification model from a BertForPreTraining model).
- This IS NOT expected if you are initializing GlocalTextPathNavCMT from the checkpoint of a model that you expect to be exactly identical (initializing a BertForSequenceClassification model from a BertForSequenceClassification model).
2026-09-14 23:37:18,270 Loaded weights from checkpoint: data/logs/checkpoints/release_r2r/ckpt.iter12000.pth, iteration: 12000
2026-09-14 23:37:18,275 Agent parameters: 299.14 MB. Trainable: 140.79 MB.
2026-09-14 23:37:18,275 Finished setting up policy.
local rank: 0 | dataset length: 1

Initalizing the ETP model ...
  0%|          | 0/1 [00:00<?, ?it/s]2026-09-14 23:37:24,469 Video created: data/logs/video/spatial_zsNo4HB9uLZ_19/zsNo4HB9uLZ-19-SPL0.00.mp4
  0%|          | 0/51 [00:00<?, ?it/s]IMAGEIO FFMPEG_WRITER WARNING: input image is not divisible by macro_block_size=16, resizing from (825, 256) to (832, 256) to ensure video compatibility with most codecs and players. To prevent resizing, make your input image divisible by the macro_block_size or set the macro_block_size to 1 (risking incompatibility).
[swscaler @ 0x5f18ed92dfc0] Warning: data is not aligned! This can lead to a speed loss
100%|██████████| 51/51 [00:00<00:00, 544.12it/s]100%|██████████| 1/1 [00:06<00:00,  6.38s/it]I0914 23:37:24.667102 16866 PhysicsManager.cpp:33] Deconstructing PhysicsManager
I0914 23:37:24.667132 16866 SemanticScene.h:41] Deconstructing SemanticScene
I0914 23:37:24.668754 16866 SceneManager.h:25] Deconstructing SceneManager
I0914 23:37:24.668764 16866 SceneGraph.h:26] Deconstructing SceneGraph
I0914 23:37:24.669051 16866 Sensor.h:87] Deconstructing Sensor
I0914 23:37:24.669286 16866 Sensor.h:87] Deconstructing Sensor
I0914 23:37:24.669387 16866 Sensor.h:87] Deconstructing Sensor
I0914 23:37:24.669479 16866 Sensor.h:87] Deconstructing Sensor
I0914 23:37:24.669574 16866 Sensor.h:87] Deconstructing Sensor
I0914 23:37:24.669667 16866 Sensor.h:87] Deconstructing Sensor
I0914 23:37:24.669757 16866 Sensor.h:87] Deconstructing Sensor
I0914 23:37:24.669843 16866 Sensor.h:87] Deconstructing Sensor
I0914 23:37:24.669929 16866 Sensor.h:87] Deconstructing Sensor
I0914 23:37:24.670019 16866 Sensor.h:87] Deconstructing Sensor
I0914 23:37:24.670105 16866 Sensor.h:87] Deconstructing Sensor
I0914 23:37:24.670195 16866 Sensor.h:87] Deconstructing Sensor
I0914 23:37:24.670284 16866 Sensor.h:87] Deconstructing Sensor
I0914 23:37:24.670396 16866 Sensor.h:87] Deconstructing Sensor
I0914 23:37:24.670504 16866 Sensor.h:87] Deconstructing Sensor
I0914 23:37:24.670615 16866 Sensor.h:87] Deconstructing Sensor
I0914 23:37:24.670723 16866 Sensor.h:87] Deconstructing Sensor
I0914 23:37:24.670836 16866 Sensor.h:87] Deconstructing Sensor
I0914 23:37:24.670950 16866 Sensor.h:87] Deconstructing Sensor
I0914 23:37:24.671063 16866 Sensor.h:87] Deconstructing Sensor
I0914 23:37:24.671185 16866 Sensor.h:87] Deconstructing Sensor
I0914 23:37:24.671324 16866 Sensor.h:87] Deconstructing Sensor
I0914 23:37:24.671469 16866 Sensor.h:87] Deconstructing Sensor
I0914 23:37:24.671627 16866 Sensor.h:87] Deconstructing Sensor
I0914 23:37:24.671741 16866 Sensor.h:87] Deconstructing Sensor
I0914 23:37:24.671832 16866 Sensor.h:87] Deconstructing Sensor
I0914 23:37:24.671928 16866 Sensor.h:87] Deconstructing Sensor
I0914 23:37:24.672034 16866 Sensor.h:87] Deconstructing Sensor
I0914 23:37:24.672151 16866 Sensor.h:87] Deconstructing Sensor
I0914 23:37:24.672160 16866 Sensor.h:87] Deconstructing Sensor
I0914 23:37:24.674134 16866 Renderer.cpp:34] Deconstructing Renderer
I0914 23:37:24.674149 16866 WindowlessContext.h:17] Deconstructing WindowlessContext
I0914 23:37:24.681017 16866 Simulator.cpp:49] Deconstructing Simulator

2026-09-14 23:37:24,682 Episodes evaluated: 1
2026-09-14 23:37:24,682 Average episode steps_taken: 50.000000
2026-09-14 23:37:24,682 Average episode distance_to_goal: 10.203551
2026-09-14 23:37:24,682 Average episode success: 0.000000
2026-09-14 23:37:24,682 Average episode oracle_success: 0.000000
2026-09-14 23:37:24,682 Average episode path_length: 6.503760
2026-09-14 23:37:24,682 Average episode collisions: 0.000000
2026-09-14 23:37:24,682 Average episode spl: 0.000000
2026-09-14 23:37:24,682 Average episode ndtw: 0.000001
2026-09-14 23:37:24,682 Average episode sdtw: 0.000000
2026-09-14 23:37:24,682 Average episode ghost_cnt: 17.000000
100%|██████████| 1/1 [00:06<00:00,  6.40s/it]
2026-09-14 23:37:27,258 checkpoint_path: data/logs/checkpoints/release_r2r/ckpt.iter12000.pth
2026-09-14 23:37:27,259 Initializing dataset VLN-CE-v1
2026-09-14 23:37:27,281 SPLTI: custom, NUMBER OF SCENES: 1
2026-09-14 23:37:28,745 Initializing dataset VLN-CE-v1
2026-09-14 23:37:28,765 initializing sim Sim-v1
WARNING: Logging before InitGoogleLogging() is written to STDERR
I0914 23:37:28.770947 17121 ManagedContainerBase.cpp:19] ManagedContainerBase::convertFilenameToJSON : Filename : default changed to proposed JSON configuration filename : default.scene_dataset_config.json
I0914 23:37:28.770969 17121 AttributesManagerBase.h:283] AttributesManager<T>::createFromJsonOrDefaultInternal  (Dataset) : Proposing JSON name : default.scene_dataset_config.json from original name : default | This file  does not exist.
I0914 23:37:28.771013 17121 AssetAttributesManager.cpp:117] Asset attributes (capsule3DSolid : capsule3DSolid_hemiRings_4_cylRings_1_segments_12_halfLen_0.75_useTexCoords_false_useTangents_false) created and registered.
I0914 23:37:28.771029 17121 AssetAttributesManager.cpp:117] Asset attributes (capsule3DWireframe : capsule3DWireframe_hemiRings_8_cylRings_1_segments_16_halfLen_1) created and registered.
I0914 23:37:28.771044 17121 AssetAttributesManager.cpp:117] Asset attributes (coneSolid : coneSolid_segments_12_halfLen_1.25_rings_1_useTexCoords_false_useTangents_false_capEnd_true) created and registered.
I0914 23:37:28.771054 17121 AssetAttributesManager.cpp:117] Asset attributes (coneWireframe : coneWireframe_segments_32_halfLen_1.25) created and registered.
I0914 23:37:28.771064 17121 AssetAttributesManager.cpp:117] Asset attributes (cubeSolid : cubeSolid) created and registered.
I0914 23:37:28.771068 17121 AssetAttributesManager.cpp:117] Asset attributes (cubeWireframe : cubeWireframe) created and registered.
I0914 23:37:28.771081 17121 AssetAttributesManager.cpp:117] Asset attributes (cylinderSolid : cylinderSolid_rings_1_segments_12_halfLen_1_useTexCoords_false_useTangents_false_capEnds_true) created and registered.
I0914 23:37:28.771091 17121 AssetAttributesManager.cpp:117] Asset attributes (cylinderWireframe : cylinderWireframe_rings_1_segments_32_halfLen_1) created and registered.
I0914 23:37:28.771097 17121 AssetAttributesManager.cpp:117] Asset attributes (icosphereSolid : icosphereSolid_subdivs_1) created and registered.
I0914 23:37:28.771102 17121 AssetAttributesManager.cpp:117] Asset attributes (icosphereWireframe : icosphereWireframe_subdivs_1) created and registered.
I0914 23:37:28.771111 17121 AssetAttributesManager.cpp:117] Asset attributes (uvSphereSolid : uvSphereSolid_rings_8_segments_16_useTexCoords_false_useTangents_false) created and registered.
I0914 23:37:28.771118 17121 AssetAttributesManager.cpp:117] Asset attributes (uvSphereWireframe : uvSphereWireframe_rings_16_segments_32) created and registered.
I0914 23:37:28.771121 17121 AssetAttributesManager.cpp:105] AssetAttributesManager::buildCtorFuncPtrMaps : Built default primitive asset templates : 12
I0914 23:37:28.771381 17121 SceneDatasetAttributesManager.cpp:23] File (default) not found, so new default dataset attributes created and registered.
I0914 23:37:28.771384 17121 MetadataMediator.cpp:47] MetadataMediator::createDataset : Dataset default successfully created.
I0914 23:37:28.773594 17121 AttributesManagerBase.h:283] AttributesManager<T>::createFromJsonOrDefaultInternal  (Physics Manager) : Proposing JSON name : ./data/default.physics_config.json from original name : ./data/default.physics_config.json | This file  does not exist.
I0914 23:37:28.773614 17121 PhysicsAttributesManager.cpp:27] File (./data/default.physics_config.json) not found, so new default physics manager attributes created and registered.
I0914 23:37:28.773619 17121 AbstractObjectAttributesManagerBase.h:175] AbstractObjectAttributesManager<T>::createObject  (Stage) : Making attributes with handle : data/scene_datasets/mp3d/zsNo4HB9uLZ/zsNo4HB9uLZ.glb
I0914 23:37:28.773622 17121 ManagedContainerBase.cpp:19] ManagedContainerBase::convertFilenameToJSON : Filename : data/scene_datasets/mp3d/zsNo4HB9uLZ/zsNo4HB9uLZ.glb changed to proposed JSON configuration filename : data/scene_datasets/mp3d/zsNo4HB9uLZ/zsNo4HB9uLZ.stage_config.json
I0914 23:37:28.773627 17121 AttributesManagerBase.h:283] AttributesManager<T>::createFromJsonOrDefaultInternal  (Stage) : Proposing JSON name : data/scene_datasets/mp3d/zsNo4HB9uLZ/zsNo4HB9uLZ.stage_config.json from original name : data/scene_datasets/mp3d/zsNo4HB9uLZ/zsNo4HB9uLZ.glb | This file  does not exist.
I0914 23:37:28.773662 17121 AbstractObjectAttributesManagerBase.h:181] AbstractObjectAttributesManager<T>::createObject  (Stage) : Done making attributes with handle : data/scene_datasets/mp3d/zsNo4HB9uLZ/zsNo4HB9uLZ.glb
I0914 23:37:28.773663 17121 AbstractObjectAttributesManagerBase.h:188] File (data/scene_datasets/mp3d/zsNo4HB9uLZ/zsNo4HB9uLZ.glb) exists but is not a recognized config filename extension, so new default Stage attributes created and registered.
I0914 23:37:28.773669 17121 Simulator.cpp:156] Loading navmesh from data/scene_datasets/mp3d/zsNo4HB9uLZ/zsNo4HB9uLZ.navmesh
I0914 23:37:28.773742 17121 Simulator.cpp:158] Loaded.
I0914 23:37:28.773749 17121 SceneGraph.h:93] Created DrawableGroup: 
Renderer: NVIDIA T1000 8GB/PCIe/SSE2 by NVIDIA Corporation
OpenGL version: 4.6.0 NVIDIA 590.48.01
Using optional features:
    GL_ARB_ES2_compatibility
    GL_ARB_direct_state_access
    GL_ARB_get_texture_sub_image
    GL_ARB_invalidate_subdata
    GL_ARB_multi_bind
    GL_ARB_robustness
    GL_ARB_separate_shader_objects
    GL_ARB_texture_filter_anisotropic
    GL_ARB_texture_storage
    GL_ARB_texture_storage_multisample
    GL_ARB_vertex_array_object
    GL_KHR_debug
Using driver workarounds:
    no-forward-compatible-core-context
    nv-egl-incorrect-gl11-function-pointers
    no-layout-qualifiers-on-old-glsl
    nv-zero-context-profile-mask
    nv-implementation-color-read-format-dsa-broken
    nv-cubemap-inconsistent-compressed-image-size
    nv-cubemap-broken-full-compressed-image-query
    nv-compressed-block-size-in-bits
I0914 23:37:28.863698 17121 ResourceManager.cpp:234] ResourceManager::loadStage : Not loading semantic mesh
I0914 23:37:28.863705 17121 ResourceManager.cpp:262] ResourceManager::loadStage : start load render asset data/scene_datasets/mp3d/zsNo4HB9uLZ/zsNo4HB9uLZ.glb.
I0914 23:37:28.863706 17121 ResourceManager.cpp:569] ResourceManager::loadStageInternal : Attempting to load stage data/scene_datasets/mp3d/zsNo4HB9uLZ/zsNo4HB9uLZ.glb 
I0914 23:37:28.863718 17121 ResourceManager.cpp:1119] Importing Basis files as BC7 for zsNo4HB9uLZ.glb
W0914 23:37:29.731910 17121 Simulator.cpp:248] :
---
 The active scene does not contain semantic annotations. 
---
I0914 23:37:29.770491 17121 simulator.py:213] Loaded navmesh data/scene_datasets/mp3d/zsNo4HB9uLZ/zsNo4HB9uLZ.navmesh
2026-09-14 23:37:29,775 Initializing task VLN-v0
You are using a model of type bert to instantiate a model of type . This is not supported for all configurations of models and can yield errors.
Some weights of the model checkpoint at None were not used when initializing GlocalTextPathNavCMT: ['bert.global_encoder.encoder.x_layers.3.lang_self_att.self.value.bias', 'bert.global_encoder.encoder.x_layers.3.lang_inter.dense.bias', 'bert.global_encoder.encoder.x_layers.0.lang_inter.dense.bias', 'mlm_head.predictions.transform.LayerNorm.weight', 'bert.global_encoder.encoder.x_layers.1.lang_self_att.output.dense.weight', 'mlm_head.predictions.decoder.weight', 'bert.global_encoder.encoder.x_layers.3.lang_self_att.self.key.weight', 'bert.global_encoder.encoder.x_layers.2.lang_self_att.output.dense.bias', 'bert.global_encoder.encoder.x_layers.1.lang_self_att.output.LayerNorm.weight', 'bert.global_encoder.encoder.x_layers.2.lang_output.dense.bias', 'bert.global_encoder.encoder.x_layers.2.lang_self_att.output.LayerNorm.bias', 'bert.global_encoder.encoder.x_layers.1.lang_self_att.output.dense.bias', 'bert.global_encoder.encoder.x_layers.3.lang_self_att.self.key.bias', 'bert.global_encoder.encoder.x_layers.1.lang_self_att.self.key.weight', 'bert.global_encoder.encoder.x_layers.3.lang_output.dense.weight', 'bert.global_encoder.encoder.x_layers.2.lang_self_att.self.query.bias', 'bert.global_encoder.encoder.x_layers.0.lang_output.dense.bias', 'bert.global_encoder.encoder.x_layers.0.lang_output.dense.weight', 'mlm_head.predictions.bias', 'bert.global_encoder.encoder.x_layers.3.lang_output.LayerNorm.weight', 'bert.global_encoder.encoder.x_layers.3.lang_self_att.self.value.weight', 'bert.global_encoder.encoder.x_layers.2.lang_output.dense.weight', 'bert.global_encoder.encoder.x_layers.3.lang_self_att.output.dense.bias', 'bert.global_encoder.encoder.x_layers.0.lang_output.LayerNorm.weight', 'bert.global_encoder.encoder.x_layers.2.lang_self_att.self.key.bias', 'bert.global_encoder.encoder.x_layers.0.lang_inter.dense.weight', 'mlm_head.predictions.transform.LayerNorm.bias', 'bert.global_encoder.encoder.x_layers.1.lang_self_att.self.value.weight', 'bert.global_encoder.encoder.x_layers.1.lang_inter.dense.bias', 'bert.global_encoder.encoder.x_layers.2.lang_output.LayerNorm.bias', 'bert.global_encoder.encoder.x_layers.2.lang_inter.dense.weight', 'bert.global_encoder.encoder.x_layers.0.lang_self_att.self.query.bias', 'bert.global_encoder.encoder.x_layers.3.lang_self_att.self.query.weight', 'bert.global_encoder.encoder.x_layers.0.lang_output.LayerNorm.bias', 'bert.global_encoder.encoder.x_layers.0.lang_self_att.self.value.bias', 'bert.global_encoder.encoder.x_layers.2.lang_self_att.self.value.bias', 'bert.global_encoder.encoder.x_layers.0.lang_self_att.output.dense.bias', 'bert.global_encoder.encoder.x_layers.0.lang_self_att.self.query.weight', 'bert.global_encoder.encoder.x_layers.1.lang_self_att.self.key.bias', 'bert.global_encoder.encoder.x_layers.1.lang_self_att.self.query.bias', 'bert.global_encoder.encoder.x_layers.1.lang_output.dense.weight', 'bert.global_encoder.encoder.x_layers.1.lang_output.LayerNorm.weight', 'bert.global_encoder.encoder.x_layers.3.lang_output.dense.bias', 'bert.global_encoder.encoder.x_layers.2.lang_self_att.output.LayerNorm.weight', 'bert.global_encoder.encoder.x_layers.0.lang_self_att.self.value.weight', 'bert.global_encoder.encoder.x_layers.3.lang_self_att.self.query.bias', 'bert.global_encoder.encoder.x_layers.0.lang_self_att.output.LayerNorm.bias', 'bert.global_encoder.encoder.x_layers.3.lang_self_att.output.LayerNorm.weight', 'mlm_head.predictions.transform.dense.bias', 'bert.global_encoder.encoder.x_layers.3.lang_self_att.output.dense.weight', 'bert.global_encoder.encoder.x_layers.0.lang_self_att.output.LayerNorm.weight', 'bert.global_encoder.encoder.x_layers.1.lang_output.dense.bias', 'bert.global_encoder.encoder.x_layers.2.lang_self_att.self.key.weight', 'bert.global_encoder.encoder.x_layers.0.lang_self_att.self.key.bias', 'mlm_head.predictions.transform.dense.weight', 'bert.global_encoder.encoder.x_layers.1.lang_output.LayerNorm.bias', 'bert.global_encoder.encoder.x_layers.3.lang_output.LayerNorm.bias', 'bert.global_encoder.encoder.x_layers.2.lang_self_att.self.query.weight', 'bert.global_encoder.encoder.x_layers.0.lang_self_att.self.key.weight', 'bert.global_encoder.encoder.x_layers.1.lang_self_att.self.query.weight', 'bert.global_encoder.encoder.x_layers.3.lang_inter.dense.weight', 'bert.global_encoder.encoder.x_layers.1.lang_inter.dense.weight', 'bert.global_encoder.encoder.x_layers.2.lang_self_att.output.dense.weight', 'bert.global_encoder.encoder.x_layers.1.lang_self_att.output.LayerNorm.bias', 'bert.global_encoder.encoder.x_layers.0.lang_self_att.output.dense.weight', 'bert.global_encoder.encoder.x_layers.3.lang_self_att.output.LayerNorm.bias', 'bert.global_encoder.encoder.x_layers.2.lang_output.LayerNorm.weight', 'bert.global_encoder.encoder.x_layers.1.lang_self_att.self.value.bias', 'bert.global_encoder.encoder.x_layers.2.lang_self_att.self.value.weight', 'bert.global_encoder.encoder.x_layers.2.lang_inter.dense.bias']
- This IS expected if you are initializing GlocalTextPathNavCMT from the checkpoint of a model trained on another task or with another architecture (e.g. initializing a BertForSequenceClassification model from a BertForPreTraining model).
- This IS NOT expected if you are initializing GlocalTextPathNavCMT from the checkpoint of a model that you expect to be exactly identical (initializing a BertForSequenceClassification model from a BertForSequenceClassification model).
2026-09-14 23:37:35,702 Loaded weights from checkpoint: data/logs/checkpoints/release_r2r/ckpt.iter12000.pth, iteration: 12000
2026-09-14 23:37:35,705 Agent parameters: 299.14 MB. Trainable: 140.79 MB.
2026-09-14 23:37:35,705 Finished setting up policy.
local rank: 0 | dataset length: 1

Initalizing the ETP model ...
  0%|          | 0/1 [00:00<?, ?it/s]2026-09-14 23:37:43,501 Video created: data/logs/video/spatial_zsNo4HB9uLZ_20/zsNo4HB9uLZ-20-SPL0.00.mp4
  0%|          | 0/49 [00:00<?, ?it/s]IMAGEIO FFMPEG_WRITER WARNING: input image is not divisible by macro_block_size=16, resizing from (825, 256) to (832, 256) to ensure video compatibility with most codecs and players. To prevent resizing, make your input image divisible by the macro_block_size or set the macro_block_size to 1 (risking incompatibility).
[swscaler @ 0x5e3d88b97fc0] Warning: data is not aligned! This can lead to a speed loss
100%|██████████| 49/49 [00:00<00:00, 527.20it/s]100%|██████████| 1/1 [00:07<00:00,  7.99s/it]I0914 23:37:43.703056 17121 PhysicsManager.cpp:33] Deconstructing PhysicsManager
I0914 23:37:43.703080 17121 SemanticScene.h:41] Deconstructing SemanticScene
I0914 23:37:43.704695 17121 SceneManager.h:25] Deconstructing SceneManager
I0914 23:37:43.704704 17121 SceneGraph.h:26] Deconstructing SceneGraph
I0914 23:37:43.705003 17121 Sensor.h:87] Deconstructing Sensor
I0914 23:37:43.705188 17121 Sensor.h:87] Deconstructing Sensor
I0914 23:37:43.705293 17121 Sensor.h:87] Deconstructing Sensor
I0914 23:37:43.705386 17121 Sensor.h:87] Deconstructing Sensor
I0914 23:37:43.705476 17121 Sensor.h:87] Deconstructing Sensor
I0914 23:37:43.705575 17121 Sensor.h:87] Deconstructing Sensor
I0914 23:37:43.705667 17121 Sensor.h:87] Deconstructing Sensor
I0914 23:37:43.705755 17121 Sensor.h:87] Deconstructing Sensor
I0914 23:37:43.705845 17121 Sensor.h:87] Deconstructing Sensor
I0914 23:37:43.705933 17121 Sensor.h:87] Deconstructing Sensor
I0914 23:37:43.706025 17121 Sensor.h:87] Deconstructing Sensor
I0914 23:37:43.706111 17121 Sensor.h:87] Deconstructing Sensor
I0914 23:37:43.706208 17121 Sensor.h:87] Deconstructing Sensor
I0914 23:37:43.706326 17121 Sensor.h:87] Deconstructing Sensor
I0914 23:37:43.706437 17121 Sensor.h:87] Deconstructing Sensor
I0914 23:37:43.706549 17121 Sensor.h:87] Deconstructing Sensor
I0914 23:37:43.706674 17121 Sensor.h:87] Deconstructing Sensor
I0914 23:37:43.706809 17121 Sensor.h:87] Deconstructing Sensor
I0914 23:37:43.706925 17121 Sensor.h:87] Deconstructing Sensor
I0914 23:37:43.707038 17121 Sensor.h:87] Deconstructing Sensor
I0914 23:37:43.707154 17121 Sensor.h:87] Deconstructing Sensor
I0914 23:37:43.707271 17121 Sensor.h:87] Deconstructing Sensor
I0914 23:37:43.707372 17121 Sensor.h:87] Deconstructing Sensor
I0914 23:37:43.707465 17121 Sensor.h:87] Deconstructing Sensor
I0914 23:37:43.707549 17121 Sensor.h:87] Deconstructing Sensor
I0914 23:37:43.707629 17121 Sensor.h:87] Deconstructing Sensor
I0914 23:37:43.707710 17121 Sensor.h:87] Deconstructing Sensor
I0914 23:37:43.707790 17121 Sensor.h:87] Deconstructing Sensor
I0914 23:37:43.707867 17121 Sensor.h:87] Deconstructing Sensor
I0914 23:37:43.707873 17121 Sensor.h:87] Deconstructing Sensor
I0914 23:37:43.709776 17121 Renderer.cpp:34] Deconstructing Renderer
I0914 23:37:43.709786 17121 WindowlessContext.h:17] Deconstructing WindowlessContext
I0914 23:37:43.716636 17121 Simulator.cpp:49] Deconstructing Simulator

2026-09-14 23:37:43,717 Episodes evaluated: 1
2026-09-14 23:37:43,717 Average episode steps_taken: 48.000000
2026-09-14 23:37:43,718 Average episode distance_to_goal: 5.332736
2026-09-14 23:37:43,718 Average episode success: 0.000000
2026-09-14 23:37:43,718 Average episode oracle_success: 1.000000
2026-09-14 23:37:43,718 Average episode path_length: 9.500002
2026-09-14 23:37:43,718 Average episode collisions: 0.000000
2026-09-14 23:37:43,718 Average episode spl: 0.000000
2026-09-14 23:37:43,718 Average episode ndtw: 0.000000
2026-09-14 23:37:43,718 Average episode sdtw: 0.000000
2026-09-14 23:37:43,718 Average episode ghost_cnt: 23.000000
100%|██████████| 1/1 [00:08<00:00,  8.01s/it]
2026-09-14 23:37:47,232 checkpoint_path: data/logs/checkpoints/release_r2r/ckpt.iter12000.pth
2026-09-14 23:37:47,232 Initializing dataset VLN-CE-v1
2026-09-14 23:37:47,253 SPLTI: custom, NUMBER OF SCENES: 1
2026-09-14 23:37:48,734 Initializing dataset VLN-CE-v1
2026-09-14 23:37:48,755 initializing sim Sim-v1
WARNING: Logging before InitGoogleLogging() is written to STDERR
I0914 23:37:48.761225 17391 ManagedContainerBase.cpp:19] ManagedContainerBase::convertFilenameToJSON : Filename : default changed to proposed JSON configuration filename : default.scene_dataset_config.json
I0914 23:37:48.761255 17391 AttributesManagerBase.h:283] AttributesManager<T>::createFromJsonOrDefaultInternal  (Dataset) : Proposing JSON name : default.scene_dataset_config.json from original name : default | This file  does not exist.
I0914 23:37:48.761297 17391 AssetAttributesManager.cpp:117] Asset attributes (capsule3DSolid : capsule3DSolid_hemiRings_4_cylRings_1_segments_12_halfLen_0.75_useTexCoords_false_useTangents_false) created and registered.
I0914 23:37:48.761315 17391 AssetAttributesManager.cpp:117] Asset attributes (capsule3DWireframe : capsule3DWireframe_hemiRings_8_cylRings_1_segments_16_halfLen_1) created and registered.
I0914 23:37:48.761338 17391 AssetAttributesManager.cpp:117] Asset attributes (coneSolid : coneSolid_segments_12_halfLen_1.25_rings_1_useTexCoords_false_useTangents_false_capEnd_true) created and registered.
I0914 23:37:48.761348 17391 AssetAttributesManager.cpp:117] Asset attributes (coneWireframe : coneWireframe_segments_32_halfLen_1.25) created and registered.
I0914 23:37:48.761353 17391 AssetAttributesManager.cpp:117] Asset attributes (cubeSolid : cubeSolid) created and registered.
I0914 23:37:48.761356 17391 AssetAttributesManager.cpp:117] Asset attributes (cubeWireframe : cubeWireframe) created and registered.
I0914 23:37:48.761370 17391 AssetAttributesManager.cpp:117] Asset attributes (cylinderSolid : cylinderSolid_rings_1_segments_12_halfLen_1_useTexCoords_false_useTangents_false_capEnds_true) created and registered.
I0914 23:37:48.761379 17391 AssetAttributesManager.cpp:117] Asset attributes (cylinderWireframe : cylinderWireframe_rings_1_segments_32_halfLen_1) created and registered.
I0914 23:37:48.761385 17391 AssetAttributesManager.cpp:117] Asset attributes (icosphereSolid : icosphereSolid_subdivs_1) created and registered.
I0914 23:37:48.761390 17391 AssetAttributesManager.cpp:117] Asset attributes (icosphereWireframe : icosphereWireframe_subdivs_1) created and registered.
I0914 23:37:48.761399 17391 AssetAttributesManager.cpp:117] Asset attributes (uvSphereSolid : uvSphereSolid_rings_8_segments_16_useTexCoords_false_useTangents_false) created and registered.
I0914 23:37:48.761406 17391 AssetAttributesManager.cpp:117] Asset attributes (uvSphereWireframe : uvSphereWireframe_rings_16_segments_32) created and registered.
I0914 23:37:48.761409 17391 AssetAttributesManager.cpp:105] AssetAttributesManager::buildCtorFuncPtrMaps : Built default primitive asset templates : 12
I0914 23:37:48.761669 17391 SceneDatasetAttributesManager.cpp:23] File (default) not found, so new default dataset attributes created and registered.
I0914 23:37:48.761670 17391 MetadataMediator.cpp:47] MetadataMediator::createDataset : Dataset default successfully created.
I0914 23:37:48.763680 17391 AttributesManagerBase.h:283] AttributesManager<T>::createFromJsonOrDefaultInternal  (Physics Manager) : Proposing JSON name : ./data/default.physics_config.json from original name : ./data/default.physics_config.json | This file  does not exist.
I0914 23:37:48.763690 17391 PhysicsAttributesManager.cpp:27] File (./data/default.physics_config.json) not found, so new default physics manager attributes created and registered.
I0914 23:37:48.763692 17391 AbstractObjectAttributesManagerBase.h:175] AbstractObjectAttributesManager<T>::createObject  (Stage) : Making attributes with handle : data/scene_datasets/mp3d/zsNo4HB9uLZ/zsNo4HB9uLZ.glb
I0914 23:37:48.763695 17391 ManagedContainerBase.cpp:19] ManagedContainerBase::convertFilenameToJSON : Filename : data/scene_datasets/mp3d/zsNo4HB9uLZ/zsNo4HB9uLZ.glb changed to proposed JSON configuration filename : data/scene_datasets/mp3d/zsNo4HB9uLZ/zsNo4HB9uLZ.stage_config.json
I0914 23:37:48.763700 17391 AttributesManagerBase.h:283] AttributesManager<T>::createFromJsonOrDefaultInternal  (Stage) : Proposing JSON name : data/scene_datasets/mp3d/zsNo4HB9uLZ/zsNo4HB9uLZ.stage_config.json from original name : data/scene_datasets/mp3d/zsNo4HB9uLZ/zsNo4HB9uLZ.glb | This file  does not exist.
I0914 23:37:48.763731 17391 AbstractObjectAttributesManagerBase.h:181] AbstractObjectAttributesManager<T>::createObject  (Stage) : Done making attributes with handle : data/scene_datasets/mp3d/zsNo4HB9uLZ/zsNo4HB9uLZ.glb
I0914 23:37:48.763731 17391 AbstractObjectAttributesManagerBase.h:188] File (data/scene_datasets/mp3d/zsNo4HB9uLZ/zsNo4HB9uLZ.glb) exists but is not a recognized config filename extension, so new default Stage attributes created and registered.
I0914 23:37:48.763734 17391 Simulator.cpp:156] Loading navmesh from data/scene_datasets/mp3d/zsNo4HB9uLZ/zsNo4HB9uLZ.navmesh
I0914 23:37:48.763789 17391 Simulator.cpp:158] Loaded.
I0914 23:37:48.763796 17391 SceneGraph.h:93] Created DrawableGroup: 
Renderer: NVIDIA T1000 8GB/PCIe/SSE2 by NVIDIA Corporation
OpenGL version: 4.6.0 NVIDIA 590.48.01
Using optional features:
    GL_ARB_ES2_compatibility
    GL_ARB_direct_state_access
    GL_ARB_get_texture_sub_image
    GL_ARB_invalidate_subdata
    GL_ARB_multi_bind
    GL_ARB_robustness
    GL_ARB_separate_shader_objects
    GL_ARB_texture_filter_anisotropic
    GL_ARB_texture_storage
    GL_ARB_texture_storage_multisample
    GL_ARB_vertex_array_object
    GL_KHR_debug
Using driver workarounds:
    no-forward-compatible-core-context
    nv-egl-incorrect-gl11-function-pointers
    no-layout-qualifiers-on-old-glsl
    nv-zero-context-profile-mask
    nv-implementation-color-read-format-dsa-broken
    nv-cubemap-inconsistent-compressed-image-size
    nv-cubemap-broken-full-compressed-image-query
    nv-compressed-block-size-in-bits
I0914 23:37:48.849758 17391 ResourceManager.cpp:234] ResourceManager::loadStage : Not loading semantic mesh
I0914 23:37:48.849766 17391 ResourceManager.cpp:262] ResourceManager::loadStage : start load render asset data/scene_datasets/mp3d/zsNo4HB9uLZ/zsNo4HB9uLZ.glb.
I0914 23:37:48.849768 17391 ResourceManager.cpp:569] ResourceManager::loadStageInternal : Attempting to load stage data/scene_datasets/mp3d/zsNo4HB9uLZ/zsNo4HB9uLZ.glb 
I0914 23:37:48.849779 17391 ResourceManager.cpp:1119] Importing Basis files as BC7 for zsNo4HB9uLZ.glb
W0914 23:37:49.722136 17391 Simulator.cpp:248] :
---
 The active scene does not contain semantic annotations. 
---
I0914 23:37:49.761379 17391 simulator.py:213] Loaded navmesh data/scene_datasets/mp3d/zsNo4HB9uLZ/zsNo4HB9uLZ.navmesh
2026-09-14 23:37:49,766 Initializing task VLN-v0
You are using a model of type bert to instantiate a model of type . This is not supported for all configurations of models and can yield errors.
Some weights of the model checkpoint at None were not used when initializing GlocalTextPathNavCMT: ['bert.global_encoder.encoder.x_layers.3.lang_self_att.output.dense.weight', 'bert.global_encoder.encoder.x_layers.3.lang_self_att.self.key.bias', 'bert.global_encoder.encoder.x_layers.1.lang_output.dense.weight', 'bert.global_encoder.encoder.x_layers.1.lang_self_att.output.LayerNorm.weight', 'mlm_head.predictions.transform.LayerNorm.bias', 'bert.global_encoder.encoder.x_layers.2.lang_self_att.output.dense.bias', 'bert.global_encoder.encoder.x_layers.0.lang_self_att.self.query.bias', 'bert.global_encoder.encoder.x_layers.2.lang_self_att.output.LayerNorm.bias', 'bert.global_encoder.encoder.x_layers.0.lang_self_att.self.value.bias', 'bert.global_encoder.encoder.x_layers.2.lang_self_att.output.dense.weight', 'bert.global_encoder.encoder.x_layers.3.lang_self_att.self.value.weight', 'bert.global_encoder.encoder.x_layers.3.lang_output.LayerNorm.bias', 'bert.global_encoder.encoder.x_layers.0.lang_inter.dense.weight', 'bert.global_encoder.encoder.x_layers.1.lang_self_att.self.key.bias', 'bert.global_encoder.encoder.x_layers.3.lang_self_att.self.query.bias', 'bert.global_encoder.encoder.x_layers.3.lang_self_att.self.key.weight', 'bert.global_encoder.encoder.x_layers.0.lang_output.dense.weight', 'bert.global_encoder.encoder.x_layers.0.lang_output.LayerNorm.bias', 'bert.global_encoder.encoder.x_layers.2.lang_output.dense.bias', 'bert.global_encoder.encoder.x_layers.0.lang_self_att.output.dense.weight', 'bert.global_encoder.encoder.x_layers.1.lang_inter.dense.bias', 'bert.global_encoder.encoder.x_layers.0.lang_self_att.self.value.weight', 'bert.global_encoder.encoder.x_layers.0.lang_output.LayerNorm.weight', 'mlm_head.predictions.transform.LayerNorm.weight', 'bert.global_encoder.encoder.x_layers.3.lang_inter.dense.bias', 'bert.global_encoder.encoder.x_layers.1.lang_self_att.self.query.weight', 'bert.global_encoder.encoder.x_layers.1.lang_self_att.output.dense.weight', 'bert.global_encoder.encoder.x_layers.1.lang_output.LayerNorm.weight', 'mlm_head.predictions.transform.dense.bias', 'bert.global_encoder.encoder.x_layers.2.lang_inter.dense.weight', 'bert.global_encoder.encoder.x_layers.0.lang_self_att.self.key.weight', 'bert.global_encoder.encoder.x_layers.0.lang_self_att.self.query.weight', 'bert.global_encoder.encoder.x_layers.3.lang_output.dense.weight', 'bert.global_encoder.encoder.x_layers.0.lang_self_att.output.LayerNorm.bias', 'bert.global_encoder.encoder.x_layers.0.lang_output.dense.bias', 'bert.global_encoder.encoder.x_layers.3.lang_self_att.output.dense.bias', 'mlm_head.predictions.bias', 'bert.global_encoder.encoder.x_layers.1.lang_self_att.self.value.bias', 'bert.global_encoder.encoder.x_layers.3.lang_output.dense.bias', 'bert.global_encoder.encoder.x_layers.1.lang_self_att.output.LayerNorm.bias', 'bert.global_encoder.encoder.x_layers.0.lang_self_att.output.dense.bias', 'bert.global_encoder.encoder.x_layers.2.lang_output.LayerNorm.weight', 'bert.global_encoder.encoder.x_layers.1.lang_self_att.output.dense.bias', 'bert.global_encoder.encoder.x_layers.2.lang_self_att.self.value.weight', 'bert.global_encoder.encoder.x_layers.0.lang_self_att.output.LayerNorm.weight', 'bert.global_encoder.encoder.x_layers.3.lang_self_att.self.value.bias', 'mlm_head.predictions.transform.dense.weight', 'bert.global_encoder.encoder.x_layers.3.lang_inter.dense.weight', 'bert.global_encoder.encoder.x_layers.0.lang_self_att.self.key.bias', 'mlm_head.predictions.decoder.weight', 'bert.global_encoder.encoder.x_layers.2.lang_inter.dense.bias', 'bert.global_encoder.encoder.x_layers.1.lang_output.LayerNorm.bias', 'bert.global_encoder.encoder.x_layers.2.lang_self_att.self.value.bias', 'bert.global_encoder.encoder.x_layers.3.lang_self_att.output.LayerNorm.weight', 'bert.global_encoder.encoder.x_layers.2.lang_output.LayerNorm.bias', 'bert.global_encoder.encoder.x_layers.1.lang_output.dense.bias', 'bert.global_encoder.encoder.x_layers.2.lang_output.dense.weight', 'bert.global_encoder.encoder.x_layers.2.lang_self_att.self.key.bias', 'bert.global_encoder.encoder.x_layers.3.lang_output.LayerNorm.weight', 'bert.global_encoder.encoder.x_layers.1.lang_self_att.self.key.weight', 'bert.global_encoder.encoder.x_layers.1.lang_inter.dense.weight', 'bert.global_encoder.encoder.x_layers.2.lang_self_att.self.key.weight', 'bert.global_encoder.encoder.x_layers.2.lang_self_att.self.query.weight', 'bert.global_encoder.encoder.x_layers.1.lang_self_att.self.value.weight', 'bert.global_encoder.encoder.x_layers.2.lang_self_att.self.query.bias', 'bert.global_encoder.encoder.x_layers.0.lang_inter.dense.bias', 'bert.global_encoder.encoder.x_layers.3.lang_self_att.self.query.weight', 'bert.global_encoder.encoder.x_layers.2.lang_self_att.output.LayerNorm.weight', 'bert.global_encoder.encoder.x_layers.3.lang_self_att.output.LayerNorm.bias', 'bert.global_encoder.encoder.x_layers.1.lang_self_att.self.query.bias']
- This IS expected if you are initializing GlocalTextPathNavCMT from the checkpoint of a model trained on another task or with another architecture (e.g. initializing a BertForSequenceClassification model from a BertForPreTraining model).
- This IS NOT expected if you are initializing GlocalTextPathNavCMT from the checkpoint of a model that you expect to be exactly identical (initializing a BertForSequenceClassification model from a BertForSequenceClassification model).
2026-09-14 23:37:55,458 Loaded weights from checkpoint: data/logs/checkpoints/release_r2r/ckpt.iter12000.pth, iteration: 12000
2026-09-14 23:37:55,463 Agent parameters: 299.14 MB. Trainable: 140.79 MB.
2026-09-14 23:37:55,463 Finished setting up policy.
local rank: 0 | dataset length: 1

Initalizing the ETP model ...
  0%|          | 0/1 [00:00<?, ?it/s]2026-09-14 23:38:01,525 Video created: data/logs/video/spatial_zsNo4HB9uLZ_21/zsNo4HB9uLZ-21-SPL0.00.mp4
  0%|          | 0/43 [00:00<?, ?it/s]IMAGEIO FFMPEG_WRITER WARNING: input image is not divisible by macro_block_size=16, resizing from (825, 256) to (832, 256) to ensure video compatibility with most codecs and players. To prevent resizing, make your input image divisible by the macro_block_size or set the macro_block_size to 1 (risking incompatibility).
[swscaler @ 0x5b0d1c7a0fc0] Warning: data is not aligned! This can lead to a speed loss
100%|██████████| 43/43 [00:00<00:00, 589.90it/s]100%|██████████| 1/1 [00:06<00:00,  6.25s/it]I0914 23:38:01.718909 17391 PhysicsManager.cpp:33] Deconstructing PhysicsManager
I0914 23:38:01.718933 17391 SemanticScene.h:41] Deconstructing SemanticScene
I0914 23:38:01.720490 17391 SceneManager.h:25] Deconstructing SceneManager
I0914 23:38:01.720502 17391 SceneGraph.h:26] Deconstructing SceneGraph
I0914 23:38:01.720775 17391 Sensor.h:87] Deconstructing Sensor
I0914 23:38:01.720943 17391 Sensor.h:87] Deconstructing Sensor
I0914 23:38:01.721047 17391 Sensor.h:87] Deconstructing Sensor
I0914 23:38:01.721136 17391 Sensor.h:87] Deconstructing Sensor
I0914 23:38:01.721268 17391 Sensor.h:87] Deconstructing Sensor
I0914 23:38:01.721369 17391 Sensor.h:87] Deconstructing Sensor
I0914 23:38:01.721458 17391 Sensor.h:87] Deconstructing Sensor
I0914 23:38:01.721549 17391 Sensor.h:87] Deconstructing Sensor
I0914 23:38:01.721639 17391 Sensor.h:87] Deconstructing Sensor
I0914 23:38:01.721743 17391 Sensor.h:87] Deconstructing Sensor
I0914 23:38:01.721863 17391 Sensor.h:87] Deconstructing Sensor
I0914 23:38:01.721976 17391 Sensor.h:87] Deconstructing Sensor
I0914 23:38:01.722095 17391 Sensor.h:87] Deconstructing Sensor
I0914 23:38:01.722247 17391 Sensor.h:87] Deconstructing Sensor
I0914 23:38:01.722363 17391 Sensor.h:87] Deconstructing Sensor
I0914 23:38:01.722476 17391 Sensor.h:87] Deconstructing Sensor
I0914 23:38:01.722589 17391 Sensor.h:87] Deconstructing Sensor
I0914 23:38:01.722714 17391 Sensor.h:87] Deconstructing Sensor
I0914 23:38:01.722841 17391 Sensor.h:87] Deconstructing Sensor
I0914 23:38:01.722949 17391 Sensor.h:87] Deconstructing Sensor
I0914 23:38:01.723058 17391 Sensor.h:87] Deconstructing Sensor
I0914 23:38:01.723176 17391 Sensor.h:87] Deconstructing Sensor
I0914 23:38:01.723280 17391 Sensor.h:87] Deconstructing Sensor
I0914 23:38:01.723376 17391 Sensor.h:87] Deconstructing Sensor
I0914 23:38:01.723462 17391 Sensor.h:87] Deconstructing Sensor
I0914 23:38:01.723546 17391 Sensor.h:87] Deconstructing Sensor
I0914 23:38:01.723629 17391 Sensor.h:87] Deconstructing Sensor
I0914 23:38:01.723712 17391 Sensor.h:87] Deconstructing Sensor
I0914 23:38:01.723791 17391 Sensor.h:87] Deconstructing Sensor
I0914 23:38:01.723798 17391 Sensor.h:87] Deconstructing Sensor
I0914 23:38:01.725816 17391 Renderer.cpp:34] Deconstructing Renderer
I0914 23:38:01.725829 17391 WindowlessContext.h:17] Deconstructing WindowlessContext
I0914 23:38:01.731851 17391 Simulator.cpp:49] Deconstructing Simulator

2026-09-14 23:38:01,733 Episodes evaluated: 1
2026-09-14 23:38:01,733 Average episode steps_taken: 42.000000
2026-09-14 23:38:01,733 Average episode distance_to_goal: 5.527874
2026-09-14 23:38:01,733 Average episode success: 0.000000
2026-09-14 23:38:01,733 Average episode oracle_success: 0.000000
2026-09-14 23:38:01,733 Average episode path_length: 7.250000
2026-09-14 23:38:01,733 Average episode collisions: 0.000000
2026-09-14 23:38:01,733 Average episode spl: 0.000000
2026-09-14 23:38:01,733 Average episode ndtw: 0.000000
2026-09-14 23:38:01,733 Average episode sdtw: 0.000000
2026-09-14 23:38:01,733 Average episode ghost_cnt: 17.000000
100%|██████████| 1/1 [00:06<00:00,  6.26s/it]
2026-09-14 23:38:04,342 checkpoint_path: data/logs/checkpoints/release_r2r/ckpt.iter12000.pth
2026-09-14 23:38:04,343 Initializing dataset VLN-CE-v1
2026-09-14 23:38:04,364 SPLTI: custom, NUMBER OF SCENES: 1
2026-09-14 23:38:05,828 Initializing dataset VLN-CE-v1
2026-09-14 23:38:05,848 initializing sim Sim-v1
WARNING: Logging before InitGoogleLogging() is written to STDERR
I0914 23:38:05.854417 17643 ManagedContainerBase.cpp:19] ManagedContainerBase::convertFilenameToJSON : Filename : default changed to proposed JSON configuration filename : default.scene_dataset_config.json
I0914 23:38:05.854440 17643 AttributesManagerBase.h:283] AttributesManager<T>::createFromJsonOrDefaultInternal  (Dataset) : Proposing JSON name : default.scene_dataset_config.json from original name : default | This file  does not exist.
I0914 23:38:05.854480 17643 AssetAttributesManager.cpp:117] Asset attributes (capsule3DSolid : capsule3DSolid_hemiRings_4_cylRings_1_segments_12_halfLen_0.75_useTexCoords_false_useTangents_false) created and registered.
I0914 23:38:05.854501 17643 AssetAttributesManager.cpp:117] Asset attributes (capsule3DWireframe : capsule3DWireframe_hemiRings_8_cylRings_1_segments_16_halfLen_1) created and registered.
I0914 23:38:05.854516 17643 AssetAttributesManager.cpp:117] Asset attributes (coneSolid : coneSolid_segments_12_halfLen_1.25_rings_1_useTexCoords_false_useTangents_false_capEnd_true) created and registered.
I0914 23:38:05.854530 17643 AssetAttributesManager.cpp:117] Asset attributes (coneWireframe : coneWireframe_segments_32_halfLen_1.25) created and registered.
I0914 23:38:05.854535 17643 AssetAttributesManager.cpp:117] Asset attributes (cubeSolid : cubeSolid) created and registered.
I0914 23:38:05.854539 17643 AssetAttributesManager.cpp:117] Asset attributes (cubeWireframe : cubeWireframe) created and registered.
I0914 23:38:05.854552 17643 AssetAttributesManager.cpp:117] Asset attributes (cylinderSolid : cylinderSolid_rings_1_segments_12_halfLen_1_useTexCoords_false_useTangents_false_capEnds_true) created and registered.
I0914 23:38:05.854562 17643 AssetAttributesManager.cpp:117] Asset attributes (cylinderWireframe : cylinderWireframe_rings_1_segments_32_halfLen_1) created and registered.
I0914 23:38:05.854568 17643 AssetAttributesManager.cpp:117] Asset attributes (icosphereSolid : icosphereSolid_subdivs_1) created and registered.
I0914 23:38:05.854573 17643 AssetAttributesManager.cpp:117] Asset attributes (icosphereWireframe : icosphereWireframe_subdivs_1) created and registered.
I0914 23:38:05.854581 17643 AssetAttributesManager.cpp:117] Asset attributes (uvSphereSolid : uvSphereSolid_rings_8_segments_16_useTexCoords_false_useTangents_false) created and registered.
I0914 23:38:05.854589 17643 AssetAttributesManager.cpp:117] Asset attributes (uvSphereWireframe : uvSphereWireframe_rings_16_segments_32) created and registered.
I0914 23:38:05.854591 17643 AssetAttributesManager.cpp:105] AssetAttributesManager::buildCtorFuncPtrMaps : Built default primitive asset templates : 12
I0914 23:38:05.854856 17643 SceneDatasetAttributesManager.cpp:23] File (default) not found, so new default dataset attributes created and registered.
I0914 23:38:05.854857 17643 MetadataMediator.cpp:47] MetadataMediator::createDataset : Dataset default successfully created.
I0914 23:38:05.856885 17643 AttributesManagerBase.h:283] AttributesManager<T>::createFromJsonOrDefaultInternal  (Physics Manager) : Proposing JSON name : ./data/default.physics_config.json from original name : ./data/default.physics_config.json | This file  does not exist.
I0914 23:38:05.856897 17643 PhysicsAttributesManager.cpp:27] File (./data/default.physics_config.json) not found, so new default physics manager attributes created and registered.
I0914 23:38:05.856900 17643 AbstractObjectAttributesManagerBase.h:175] AbstractObjectAttributesManager<T>::createObject  (Stage) : Making attributes with handle : data/scene_datasets/mp3d/zsNo4HB9uLZ/zsNo4HB9uLZ.glb
I0914 23:38:05.856904 17643 ManagedContainerBase.cpp:19] ManagedContainerBase::convertFilenameToJSON : Filename : data/scene_datasets/mp3d/zsNo4HB9uLZ/zsNo4HB9uLZ.glb changed to proposed JSON configuration filename : data/scene_datasets/mp3d/zsNo4HB9uLZ/zsNo4HB9uLZ.stage_config.json
I0914 23:38:05.856909 17643 AttributesManagerBase.h:283] AttributesManager<T>::createFromJsonOrDefaultInternal  (Stage) : Proposing JSON name : data/scene_datasets/mp3d/zsNo4HB9uLZ/zsNo4HB9uLZ.stage_config.json from original name : data/scene_datasets/mp3d/zsNo4HB9uLZ/zsNo4HB9uLZ.glb | This file  does not exist.
I0914 23:38:05.856938 17643 AbstractObjectAttributesManagerBase.h:181] AbstractObjectAttributesManager<T>::createObject  (Stage) : Done making attributes with handle : data/scene_datasets/mp3d/zsNo4HB9uLZ/zsNo4HB9uLZ.glb
I0914 23:38:05.856940 17643 AbstractObjectAttributesManagerBase.h:188] File (data/scene_datasets/mp3d/zsNo4HB9uLZ/zsNo4HB9uLZ.glb) exists but is not a recognized config filename extension, so new default Stage attributes created and registered.
I0914 23:38:05.856957 17643 Simulator.cpp:156] Loading navmesh from data/scene_datasets/mp3d/zsNo4HB9uLZ/zsNo4HB9uLZ.navmesh
I0914 23:38:05.857016 17643 Simulator.cpp:158] Loaded.
I0914 23:38:05.857023 17643 SceneGraph.h:93] Created DrawableGroup: 
Renderer: NVIDIA T1000 8GB/PCIe/SSE2 by NVIDIA Corporation
OpenGL version: 4.6.0 NVIDIA 590.48.01
Using optional features:
    GL_ARB_ES2_compatibility
    GL_ARB_direct_state_access
    GL_ARB_get_texture_sub_image
    GL_ARB_invalidate_subdata
    GL_ARB_multi_bind
    GL_ARB_robustness
    GL_ARB_separate_shader_objects
    GL_ARB_texture_filter_anisotropic
    GL_ARB_texture_storage
    GL_ARB_texture_storage_multisample
    GL_ARB_vertex_array_object
    GL_KHR_debug
Using driver workarounds:
    no-forward-compatible-core-context
    nv-egl-incorrect-gl11-function-pointers
    no-layout-qualifiers-on-old-glsl
    nv-zero-context-profile-mask
    nv-implementation-color-read-format-dsa-broken
    nv-cubemap-inconsistent-compressed-image-size
    nv-cubemap-broken-full-compressed-image-query
    nv-compressed-block-size-in-bits
I0914 23:38:05.950171 17643 ResourceManager.cpp:234] ResourceManager::loadStage : Not loading semantic mesh
I0914 23:38:05.950181 17643 ResourceManager.cpp:262] ResourceManager::loadStage : start load render asset data/scene_datasets/mp3d/zsNo4HB9uLZ/zsNo4HB9uLZ.glb.
I0914 23:38:05.950182 17643 ResourceManager.cpp:569] ResourceManager::loadStageInternal : Attempting to load stage data/scene_datasets/mp3d/zsNo4HB9uLZ/zsNo4HB9uLZ.glb 
I0914 23:38:05.950196 17643 ResourceManager.cpp:1119] Importing Basis files as BC7 for zsNo4HB9uLZ.glb
W0914 23:38:06.822723 17643 Simulator.cpp:248] :
---
 The active scene does not contain semantic annotations. 
---
I0914 23:38:06.861907 17643 simulator.py:213] Loaded navmesh data/scene_datasets/mp3d/zsNo4HB9uLZ/zsNo4HB9uLZ.navmesh
2026-09-14 23:38:06,866 Initializing task VLN-v0
You are using a model of type bert to instantiate a model of type . This is not supported for all configurations of models and can yield errors.
Some weights of the model checkpoint at None were not used when initializing GlocalTextPathNavCMT: ['bert.global_encoder.encoder.x_layers.1.lang_self_att.self.value.weight', 'bert.global_encoder.encoder.x_layers.1.lang_inter.dense.bias', 'bert.global_encoder.encoder.x_layers.2.lang_output.LayerNorm.weight', 'bert.global_encoder.encoder.x_layers.1.lang_self_att.self.query.weight', 'bert.global_encoder.encoder.x_layers.1.lang_output.LayerNorm.bias', 'bert.global_encoder.encoder.x_layers.0.lang_self_att.self.query.bias', 'bert.global_encoder.encoder.x_layers.3.lang_output.dense.weight', 'bert.global_encoder.encoder.x_layers.0.lang_self_att.self.value.weight', 'bert.global_encoder.encoder.x_layers.0.lang_self_att.self.query.weight', 'mlm_head.predictions.decoder.weight', 'mlm_head.predictions.transform.LayerNorm.bias', 'bert.global_encoder.encoder.x_layers.2.lang_self_att.self.value.weight', 'bert.global_encoder.encoder.x_layers.2.lang_output.dense.bias', 'bert.global_encoder.encoder.x_layers.0.lang_self_att.output.dense.weight', 'bert.global_encoder.encoder.x_layers.0.lang_inter.dense.weight', 'bert.global_encoder.encoder.x_layers.1.lang_self_att.self.key.bias', 'bert.global_encoder.encoder.x_layers.0.lang_output.LayerNorm.weight', 'bert.global_encoder.encoder.x_layers.0.lang_self_att.output.LayerNorm.bias', 'bert.global_encoder.encoder.x_layers.3.lang_self_att.output.LayerNorm.bias', 'bert.global_encoder.encoder.x_layers.1.lang_self_att.output.dense.weight', 'bert.global_encoder.encoder.x_layers.0.lang_output.dense.weight', 'bert.global_encoder.encoder.x_layers.3.lang_output.LayerNorm.bias', 'bert.global_encoder.encoder.x_layers.3.lang_self_att.self.key.bias', 'mlm_head.predictions.transform.dense.weight', 'bert.global_encoder.encoder.x_layers.2.lang_inter.dense.weight', 'bert.global_encoder.encoder.x_layers.0.lang_output.LayerNorm.bias', 'bert.global_encoder.encoder.x_layers.0.lang_self_att.self.value.bias', 'bert.global_encoder.encoder.x_layers.1.lang_output.LayerNorm.weight', 'bert.global_encoder.encoder.x_layers.1.lang_output.dense.bias', 'bert.global_encoder.encoder.x_layers.0.lang_self_att.self.key.weight', 'bert.global_encoder.encoder.x_layers.3.lang_self_att.output.dense.weight', 'bert.global_encoder.encoder.x_layers.3.lang_self_att.self.key.weight', 'bert.global_encoder.encoder.x_layers.3.lang_self_att.output.LayerNorm.weight', 'bert.global_encoder.encoder.x_layers.2.lang_self_att.self.key.weight', 'bert.global_encoder.encoder.x_layers.2.lang_inter.dense.bias', 'bert.global_encoder.encoder.x_layers.3.lang_inter.dense.weight', 'bert.global_encoder.encoder.x_layers.0.lang_self_att.output.dense.bias', 'bert.global_encoder.encoder.x_layers.2.lang_self_att.self.value.bias', 'bert.global_encoder.encoder.x_layers.2.lang_self_att.output.LayerNorm.weight', 'bert.global_encoder.encoder.x_layers.2.lang_self_att.output.LayerNorm.bias', 'mlm_head.predictions.transform.LayerNorm.weight', 'bert.global_encoder.encoder.x_layers.1.lang_output.dense.weight', 'bert.global_encoder.encoder.x_layers.3.lang_self_att.output.dense.bias', 'bert.global_encoder.encoder.x_layers.2.lang_self_att.self.query.bias', 'bert.global_encoder.encoder.x_layers.1.lang_self_att.output.LayerNorm.weight', 'bert.global_encoder.encoder.x_layers.3.lang_inter.dense.bias', 'bert.global_encoder.encoder.x_layers.2.lang_output.LayerNorm.bias', 'mlm_head.predictions.bias', 'bert.global_encoder.encoder.x_layers.3.lang_self_att.self.value.weight', 'bert.global_encoder.encoder.x_layers.0.lang_inter.dense.bias', 'bert.global_encoder.encoder.x_layers.2.lang_self_att.output.dense.weight', 'bert.global_encoder.encoder.x_layers.1.lang_self_att.output.dense.bias', 'bert.global_encoder.encoder.x_layers.0.lang_self_att.self.key.bias', 'bert.global_encoder.encoder.x_layers.2.lang_self_att.output.dense.bias', 'bert.global_encoder.encoder.x_layers.0.lang_output.dense.bias', 'bert.global_encoder.encoder.x_layers.1.lang_self_att.self.value.bias', 'bert.global_encoder.encoder.x_layers.1.lang_self_att.self.query.bias', 'bert.global_encoder.encoder.x_layers.2.lang_self_att.self.query.weight', 'bert.global_encoder.encoder.x_layers.1.lang_self_att.self.key.weight', 'bert.global_encoder.encoder.x_layers.2.lang_self_att.self.key.bias', 'bert.global_encoder.encoder.x_layers.3.lang_self_att.self.query.bias', 'bert.global_encoder.encoder.x_layers.3.lang_output.dense.bias', 'mlm_head.predictions.transform.dense.bias', 'bert.global_encoder.encoder.x_layers.2.lang_output.dense.weight', 'bert.global_encoder.encoder.x_layers.3.lang_self_att.self.query.weight', 'bert.global_encoder.encoder.x_layers.1.lang_self_att.output.LayerNorm.bias', 'bert.global_encoder.encoder.x_layers.3.lang_output.LayerNorm.weight', 'bert.global_encoder.encoder.x_layers.0.lang_self_att.output.LayerNorm.weight', 'bert.global_encoder.encoder.x_layers.1.lang_inter.dense.weight', 'bert.global_encoder.encoder.x_layers.3.lang_self_att.self.value.bias']
- This IS expected if you are initializing GlocalTextPathNavCMT from the checkpoint of a model trained on another task or with another architecture (e.g. initializing a BertForSequenceClassification model from a BertForPreTraining model).
- This IS NOT expected if you are initializing GlocalTextPathNavCMT from the checkpoint of a model that you expect to be exactly identical (initializing a BertForSequenceClassification model from a BertForSequenceClassification model).
2026-09-14 23:38:12,715 Loaded weights from checkpoint: data/logs/checkpoints/release_r2r/ckpt.iter12000.pth, iteration: 12000
2026-09-14 23:38:12,716 Agent parameters: 299.14 MB. Trainable: 140.79 MB.
2026-09-14 23:38:12,716 Finished setting up policy.
local rank: 0 | dataset length: 1

Initalizing the ETP model ...
  0%|          | 0/1 [00:00<?, ?it/s]2026-09-14 23:38:18,595 Video created: data/logs/video/spatial_zsNo4HB9uLZ_22/zsNo4HB9uLZ-22-SPL0.00.mp4
  0%|          | 0/38 [00:00<?, ?it/s]IMAGEIO FFMPEG_WRITER WARNING: input image is not divisible by macro_block_size=16, resizing from (825, 256) to (832, 256) to ensure video compatibility with most codecs and players. To prevent resizing, make your input image divisible by the macro_block_size or set the macro_block_size to 1 (risking incompatibility).
[swscaler @ 0x646739a2efc0] Warning: data is not aligned! This can lead to a speed loss
100%|██████████| 38/38 [00:00<00:00, 577.48it/s]100%|██████████| 1/1 [00:06<00:00,  6.05s/it]I0914 23:38:18.775219 17643 PhysicsManager.cpp:33] Deconstructing PhysicsManager
I0914 23:38:18.775247 17643 SemanticScene.h:41] Deconstructing SemanticScene
I0914 23:38:18.776578 17643 SceneManager.h:25] Deconstructing SceneManager
I0914 23:38:18.776592 17643 SceneGraph.h:26] Deconstructing SceneGraph
I0914 23:38:18.776857 17643 Sensor.h:87] Deconstructing Sensor
I0914 23:38:18.777020 17643 Sensor.h:87] Deconstructing Sensor
I0914 23:38:18.777118 17643 Sensor.h:87] Deconstructing Sensor
I0914 23:38:18.777215 17643 Sensor.h:87] Deconstructing Sensor
I0914 23:38:18.777308 17643 Sensor.h:87] Deconstructing Sensor
I0914 23:38:18.777400 17643 Sensor.h:87] Deconstructing Sensor
I0914 23:38:18.777489 17643 Sensor.h:87] Deconstructing Sensor
I0914 23:38:18.777577 17643 Sensor.h:87] Deconstructing Sensor
I0914 23:38:18.777664 17643 Sensor.h:87] Deconstructing Sensor
I0914 23:38:18.777750 17643 Sensor.h:87] Deconstructing Sensor
I0914 23:38:18.777837 17643 Sensor.h:87] Deconstructing Sensor
I0914 23:38:18.777921 17643 Sensor.h:87] Deconstructing Sensor
I0914 23:38:18.778010 17643 Sensor.h:87] Deconstructing Sensor
I0914 23:38:18.778126 17643 Sensor.h:87] Deconstructing Sensor
I0914 23:38:18.778244 17643 Sensor.h:87] Deconstructing Sensor
I0914 23:38:18.778357 17643 Sensor.h:87] Deconstructing Sensor
I0914 23:38:18.778465 17643 Sensor.h:87] Deconstructing Sensor
I0914 23:38:18.778579 17643 Sensor.h:87] Deconstructing Sensor
I0914 23:38:18.778690 17643 Sensor.h:87] Deconstructing Sensor
I0914 23:38:18.778797 17643 Sensor.h:87] Deconstructing Sensor
I0914 23:38:18.778904 17643 Sensor.h:87] Deconstructing Sensor
I0914 23:38:18.779021 17643 Sensor.h:87] Deconstructing Sensor
I0914 23:38:18.779129 17643 Sensor.h:87] Deconstructing Sensor
I0914 23:38:18.779240 17643 Sensor.h:87] Deconstructing Sensor
I0914 23:38:18.779333 17643 Sensor.h:87] Deconstructing Sensor
I0914 23:38:18.779421 17643 Sensor.h:87] Deconstructing Sensor
I0914 23:38:18.779510 17643 Sensor.h:87] Deconstructing Sensor
I0914 23:38:18.779594 17643 Sensor.h:87] Deconstructing Sensor
I0914 23:38:18.779675 17643 Sensor.h:87] Deconstructing Sensor
I0914 23:38:18.779681 17643 Sensor.h:87] Deconstructing Sensor
I0914 23:38:18.781658 17643 Renderer.cpp:34] Deconstructing Renderer
I0914 23:38:18.781667 17643 WindowlessContext.h:17] Deconstructing WindowlessContext
I0914 23:38:18.787616 17643 Simulator.cpp:49] Deconstructing Simulator

2026-09-14 23:38:18,788 Episodes evaluated: 1
2026-09-14 23:38:18,788 Average episode steps_taken: 37.000000
2026-09-14 23:38:18,789 Average episode distance_to_goal: 13.750992
2026-09-14 23:38:18,789 Average episode success: 0.000000
2026-09-14 23:38:18,789 Average episode oracle_success: 0.000000
2026-09-14 23:38:18,789 Average episode path_length: 7.500001
2026-09-14 23:38:18,789 Average episode collisions: 0.000000
2026-09-14 23:38:18,789 Average episode spl: 0.000000
2026-09-14 23:38:18,789 Average episode ndtw: 0.000000
2026-09-14 23:38:18,789 Average episode sdtw: 0.000000
2026-09-14 23:38:18,789 Average episode ghost_cnt: 18.000000
100%|██████████| 1/1 [00:06<00:00,  6.07s/it]
2026-09-14 23:38:21,353 checkpoint_path: data/logs/checkpoints/release_r2r/ckpt.iter12000.pth
2026-09-14 23:38:21,353 Initializing dataset VLN-CE-v1
2026-09-14 23:38:21,374 SPLTI: custom, NUMBER OF SCENES: 1
2026-09-14 23:38:22,894 Initializing dataset VLN-CE-v1
2026-09-14 23:38:22,914 initializing sim Sim-v1
WARNING: Logging before InitGoogleLogging() is written to STDERR
I0914 23:38:22.920897 17888 ManagedContainerBase.cpp:19] ManagedContainerBase::convertFilenameToJSON : Filename : default changed to proposed JSON configuration filename : default.scene_dataset_config.json
I0914 23:38:22.920923 17888 AttributesManagerBase.h:283] AttributesManager<T>::createFromJsonOrDefaultInternal  (Dataset) : Proposing JSON name : default.scene_dataset_config.json from original name : default | This file  does not exist.
I0914 23:38:22.920962 17888 AssetAttributesManager.cpp:117] Asset attributes (capsule3DSolid : capsule3DSolid_hemiRings_4_cylRings_1_segments_12_halfLen_0.75_useTexCoords_false_useTangents_false) created and registered.
I0914 23:38:22.920984 17888 AssetAttributesManager.cpp:117] Asset attributes (capsule3DWireframe : capsule3DWireframe_hemiRings_8_cylRings_1_segments_16_halfLen_1) created and registered.
I0914 23:38:22.921000 17888 AssetAttributesManager.cpp:117] Asset attributes (coneSolid : coneSolid_segments_12_halfLen_1.25_rings_1_useTexCoords_false_useTangents_false_capEnd_true) created and registered.
I0914 23:38:22.921010 17888 AssetAttributesManager.cpp:117] Asset attributes (coneWireframe : coneWireframe_segments_32_halfLen_1.25) created and registered.
I0914 23:38:22.921015 17888 AssetAttributesManager.cpp:117] Asset attributes (cubeSolid : cubeSolid) created and registered.
I0914 23:38:22.921018 17888 AssetAttributesManager.cpp:117] Asset attributes (cubeWireframe : cubeWireframe) created and registered.
I0914 23:38:22.921032 17888 AssetAttributesManager.cpp:117] Asset attributes (cylinderSolid : cylinderSolid_rings_1_segments_12_halfLen_1_useTexCoords_false_useTangents_false_capEnds_true) created and registered.
I0914 23:38:22.921042 17888 AssetAttributesManager.cpp:117] Asset attributes (cylinderWireframe : cylinderWireframe_rings_1_segments_32_halfLen_1) created and registered.
I0914 23:38:22.921048 17888 AssetAttributesManager.cpp:117] Asset attributes (icosphereSolid : icosphereSolid_subdivs_1) created and registered.
I0914 23:38:22.921053 17888 AssetAttributesManager.cpp:117] Asset attributes (icosphereWireframe : icosphereWireframe_subdivs_1) created and registered.
I0914 23:38:22.921061 17888 AssetAttributesManager.cpp:117] Asset attributes (uvSphereSolid : uvSphereSolid_rings_8_segments_16_useTexCoords_false_useTangents_false) created and registered.
I0914 23:38:22.921069 17888 AssetAttributesManager.cpp:117] Asset attributes (uvSphereWireframe : uvSphereWireframe_rings_16_segments_32) created and registered.
I0914 23:38:22.921072 17888 AssetAttributesManager.cpp:105] AssetAttributesManager::buildCtorFuncPtrMaps : Built default primitive asset templates : 12
I0914 23:38:22.921339 17888 SceneDatasetAttributesManager.cpp:23] File (default) not found, so new default dataset attributes created and registered.
I0914 23:38:22.921341 17888 MetadataMediator.cpp:47] MetadataMediator::createDataset : Dataset default successfully created.
I0914 23:38:22.923332 17888 AttributesManagerBase.h:283] AttributesManager<T>::createFromJsonOrDefaultInternal  (Physics Manager) : Proposing JSON name : ./data/default.physics_config.json from original name : ./data/default.physics_config.json | This file  does not exist.
I0914 23:38:22.923341 17888 PhysicsAttributesManager.cpp:27] File (./data/default.physics_config.json) not found, so new default physics manager attributes created and registered.
I0914 23:38:22.923343 17888 AbstractObjectAttributesManagerBase.h:175] AbstractObjectAttributesManager<T>::createObject  (Stage) : Making attributes with handle : data/scene_datasets/mp3d/zsNo4HB9uLZ/zsNo4HB9uLZ.glb
I0914 23:38:22.923345 17888 ManagedContainerBase.cpp:19] ManagedContainerBase::convertFilenameToJSON : Filename : data/scene_datasets/mp3d/zsNo4HB9uLZ/zsNo4HB9uLZ.glb changed to proposed JSON configuration filename : data/scene_datasets/mp3d/zsNo4HB9uLZ/zsNo4HB9uLZ.stage_config.json
I0914 23:38:22.923350 17888 AttributesManagerBase.h:283] AttributesManager<T>::createFromJsonOrDefaultInternal  (Stage) : Proposing JSON name : data/scene_datasets/mp3d/zsNo4HB9uLZ/zsNo4HB9uLZ.stage_config.json from original name : data/scene_datasets/mp3d/zsNo4HB9uLZ/zsNo4HB9uLZ.glb | This file  does not exist.
I0914 23:38:22.923381 17888 AbstractObjectAttributesManagerBase.h:181] AbstractObjectAttributesManager<T>::createObject  (Stage) : Done making attributes with handle : data/scene_datasets/mp3d/zsNo4HB9uLZ/zsNo4HB9uLZ.glb
I0914 23:38:22.923384 17888 AbstractObjectAttributesManagerBase.h:188] File (data/scene_datasets/mp3d/zsNo4HB9uLZ/zsNo4HB9uLZ.glb) exists but is not a recognized config filename extension, so new default Stage attributes created and registered.
I0914 23:38:22.923388 17888 Simulator.cpp:156] Loading navmesh from data/scene_datasets/mp3d/zsNo4HB9uLZ/zsNo4HB9uLZ.navmesh
I0914 23:38:22.923444 17888 Simulator.cpp:158] Loaded.
I0914 23:38:22.923450 17888 SceneGraph.h:93] Created DrawableGroup: 
Renderer: NVIDIA T1000 8GB/PCIe/SSE2 by NVIDIA Corporation
OpenGL version: 4.6.0 NVIDIA 590.48.01
Using optional features:
    GL_ARB_ES2_compatibility
    GL_ARB_direct_state_access
    GL_ARB_get_texture_sub_image
    GL_ARB_invalidate_subdata
    GL_ARB_multi_bind
    GL_ARB_robustness
    GL_ARB_separate_shader_objects
    GL_ARB_texture_filter_anisotropic
    GL_ARB_texture_storage
    GL_ARB_texture_storage_multisample
    GL_ARB_vertex_array_object
    GL_KHR_debug
Using driver workarounds:
    no-forward-compatible-core-context
    nv-egl-incorrect-gl11-function-pointers
    no-layout-qualifiers-on-old-glsl
    nv-zero-context-profile-mask
    nv-implementation-color-read-format-dsa-broken
    nv-cubemap-inconsistent-compressed-image-size
    nv-cubemap-broken-full-compressed-image-query
    nv-compressed-block-size-in-bits
I0914 23:38:23.022372 17888 ResourceManager.cpp:234] ResourceManager::loadStage : Not loading semantic mesh
I0914 23:38:23.022379 17888 ResourceManager.cpp:262] ResourceManager::loadStage : start load render asset data/scene_datasets/mp3d/zsNo4HB9uLZ/zsNo4HB9uLZ.glb.
I0914 23:38:23.022380 17888 ResourceManager.cpp:569] ResourceManager::loadStageInternal : Attempting to load stage data/scene_datasets/mp3d/zsNo4HB9uLZ/zsNo4HB9uLZ.glb 
I0914 23:38:23.022390 17888 ResourceManager.cpp:1119] Importing Basis files as BC7 for zsNo4HB9uLZ.glb
W0914 23:38:23.889808 17888 Simulator.cpp:248] :
---
 The active scene does not contain semantic annotations. 
---
I0914 23:38:23.929178 17888 simulator.py:213] Loaded navmesh data/scene_datasets/mp3d/zsNo4HB9uLZ/zsNo4HB9uLZ.navmesh
2026-09-14 23:38:23,933 Initializing task VLN-v0
You are using a model of type bert to instantiate a model of type . This is not supported for all configurations of models and can yield errors.
Some weights of the model checkpoint at None were not used when initializing GlocalTextPathNavCMT: ['bert.global_encoder.encoder.x_layers.1.lang_self_att.self.key.weight', 'bert.global_encoder.encoder.x_layers.0.lang_output.dense.bias', 'bert.global_encoder.encoder.x_layers.0.lang_self_att.output.dense.bias', 'bert.global_encoder.encoder.x_layers.3.lang_self_att.self.value.bias', 'bert.global_encoder.encoder.x_layers.3.lang_self_att.output.LayerNorm.weight', 'bert.global_encoder.encoder.x_layers.1.lang_self_att.self.query.weight', 'bert.global_encoder.encoder.x_layers.2.lang_output.dense.weight', 'bert.global_encoder.encoder.x_layers.0.lang_self_att.self.value.weight', 'bert.global_encoder.encoder.x_layers.0.lang_output.LayerNorm.bias', 'mlm_head.predictions.transform.dense.weight', 'bert.global_encoder.encoder.x_layers.0.lang_self_att.self.query.weight', 'mlm_head.predictions.bias', 'bert.global_encoder.encoder.x_layers.0.lang_self_att.self.query.bias', 'bert.global_encoder.encoder.x_layers.1.lang_self_att.self.value.bias', 'bert.global_encoder.encoder.x_layers.3.lang_self_att.output.LayerNorm.bias', 'bert.global_encoder.encoder.x_layers.2.lang_self_att.output.LayerNorm.weight', 'bert.global_encoder.encoder.x_layers.0.lang_output.LayerNorm.weight', 'bert.global_encoder.encoder.x_layers.3.lang_self_att.output.dense.weight', 'bert.global_encoder.encoder.x_layers.1.lang_output.LayerNorm.weight', 'bert.global_encoder.encoder.x_layers.2.lang_self_att.self.query.weight', 'bert.global_encoder.encoder.x_layers.2.lang_self_att.self.value.bias', 'bert.global_encoder.encoder.x_layers.3.lang_inter.dense.weight', 'bert.global_encoder.encoder.x_layers.2.lang_self_att.self.query.bias', 'bert.global_encoder.encoder.x_layers.3.lang_self_att.self.query.bias', 'bert.global_encoder.encoder.x_layers.0.lang_self_att.output.LayerNorm.bias', 'bert.global_encoder.encoder.x_layers.0.lang_self_att.output.LayerNorm.weight', 'bert.global_encoder.encoder.x_layers.2.lang_self_att.self.key.weight', 'bert.global_encoder.encoder.x_layers.3.lang_output.dense.bias', 'bert.global_encoder.encoder.x_layers.1.lang_self_att.self.query.bias', 'bert.global_encoder.encoder.x_layers.2.lang_self_att.self.value.weight', 'bert.global_encoder.encoder.x_layers.2.lang_inter.dense.bias', 'bert.global_encoder.encoder.x_layers.3.lang_self_att.self.key.bias', 'bert.global_encoder.encoder.x_layers.3.lang_self_att.self.value.weight', 'bert.global_encoder.encoder.x_layers.1.lang_output.LayerNorm.bias', 'bert.global_encoder.encoder.x_layers.2.lang_self_att.output.dense.weight', 'bert.global_encoder.encoder.x_layers.3.lang_inter.dense.bias', 'bert.global_encoder.encoder.x_layers.0.lang_self_att.self.key.weight', 'bert.global_encoder.encoder.x_layers.1.lang_self_att.self.value.weight', 'bert.global_encoder.encoder.x_layers.1.lang_output.dense.weight', 'bert.global_encoder.encoder.x_layers.2.lang_output.dense.bias', 'bert.global_encoder.encoder.x_layers.3.lang_output.LayerNorm.weight', 'mlm_head.predictions.transform.dense.bias', 'bert.global_encoder.encoder.x_layers.0.lang_self_att.output.dense.weight', 'bert.global_encoder.encoder.x_layers.2.lang_inter.dense.weight', 'bert.global_encoder.encoder.x_layers.1.lang_self_att.output.LayerNorm.bias', 'bert.global_encoder.encoder.x_layers.3.lang_output.LayerNorm.bias', 'mlm_head.predictions.transform.LayerNorm.bias', 'bert.global_encoder.encoder.x_layers.2.lang_self_att.self.key.bias', 'bert.global_encoder.encoder.x_layers.1.lang_self_att.output.LayerNorm.weight', 'bert.global_encoder.encoder.x_layers.2.lang_self_att.output.dense.bias', 'bert.global_encoder.encoder.x_layers.1.lang_output.dense.bias', 'mlm_head.predictions.transform.LayerNorm.weight', 'bert.global_encoder.encoder.x_layers.3.lang_self_att.output.dense.bias', 'bert.global_encoder.encoder.x_layers.0.lang_output.dense.weight', 'bert.global_encoder.encoder.x_layers.1.lang_inter.dense.weight', 'bert.global_encoder.encoder.x_layers.0.lang_self_att.self.key.bias', 'bert.global_encoder.encoder.x_layers.3.lang_output.dense.weight', 'bert.global_encoder.encoder.x_layers.0.lang_self_att.self.value.bias', 'bert.global_encoder.encoder.x_layers.3.lang_self_att.self.query.weight', 'bert.global_encoder.encoder.x_layers.2.lang_output.LayerNorm.weight', 'bert.global_encoder.encoder.x_layers.1.lang_self_att.self.key.bias', 'bert.global_encoder.encoder.x_layers.0.lang_inter.dense.weight', 'bert.global_encoder.encoder.x_layers.1.lang_inter.dense.bias', 'bert.global_encoder.encoder.x_layers.0.lang_inter.dense.bias', 'bert.global_encoder.encoder.x_layers.3.lang_self_att.self.key.weight', 'bert.global_encoder.encoder.x_layers.2.lang_self_att.output.LayerNorm.bias', 'bert.global_encoder.encoder.x_layers.1.lang_self_att.output.dense.bias', 'mlm_head.predictions.decoder.weight', 'bert.global_encoder.encoder.x_layers.1.lang_self_att.output.dense.weight', 'bert.global_encoder.encoder.x_layers.2.lang_output.LayerNorm.bias']
- This IS expected if you are initializing GlocalTextPathNavCMT from the checkpoint of a model trained on another task or with another architecture (e.g. initializing a BertForSequenceClassification model from a BertForPreTraining model).
- This IS NOT expected if you are initializing GlocalTextPathNavCMT from the checkpoint of a model that you expect to be exactly identical (initializing a BertForSequenceClassification model from a BertForSequenceClassification model).
2026-09-14 23:38:29,764 Loaded weights from checkpoint: data/logs/checkpoints/release_r2r/ckpt.iter12000.pth, iteration: 12000
2026-09-14 23:38:29,766 Agent parameters: 299.14 MB. Trainable: 140.79 MB.
2026-09-14 23:38:29,766 Finished setting up policy.
local rank: 0 | dataset length: 1

Initalizing the ETP model ...
  0%|          | 0/1 [00:00<?, ?it/s]2026-09-14 23:38:34,706 Video created: data/logs/video/spatial_zsNo4HB9uLZ_23/zsNo4HB9uLZ-23-SPL0.00.mp4
  0%|          | 0/32 [00:00<?, ?it/s]IMAGEIO FFMPEG_WRITER WARNING: input image is not divisible by macro_block_size=16, resizing from (825, 256) to (832, 256) to ensure video compatibility with most codecs and players. To prevent resizing, make your input image divisible by the macro_block_size or set the macro_block_size to 1 (risking incompatibility).
[swscaler @ 0x574c49f4cfc0] Warning: data is not aligned! This can lead to a speed loss
100%|██████████| 32/32 [00:00<00:00, 491.78it/s]100%|██████████| 1/1 [00:05<00:00,  5.11s/it]I0914 23:38:34.880805 17888 PhysicsManager.cpp:33] Deconstructing PhysicsManager
I0914 23:38:34.880831 17888 SemanticScene.h:41] Deconstructing SemanticScene
I0914 23:38:34.882457 17888 SceneManager.h:25] Deconstructing SceneManager
I0914 23:38:34.882469 17888 SceneGraph.h:26] Deconstructing SceneGraph
I0914 23:38:34.882745 17888 Sensor.h:87] Deconstructing Sensor
I0914 23:38:34.882916 17888 Sensor.h:87] Deconstructing Sensor
I0914 23:38:34.883019 17888 Sensor.h:87] Deconstructing Sensor
I0914 23:38:34.883114 17888 Sensor.h:87] Deconstructing Sensor
I0914 23:38:34.883215 17888 Sensor.h:87] Deconstructing Sensor
I0914 23:38:34.883309 17888 Sensor.h:87] Deconstructing Sensor
I0914 23:38:34.883399 17888 Sensor.h:87] Deconstructing Sensor
I0914 23:38:34.883482 17888 Sensor.h:87] Deconstructing Sensor
I0914 23:38:34.883566 17888 Sensor.h:87] Deconstructing Sensor
I0914 23:38:34.883651 17888 Sensor.h:87] Deconstructing Sensor
I0914 23:38:34.883736 17888 Sensor.h:87] Deconstructing Sensor
I0914 23:38:34.883819 17888 Sensor.h:87] Deconstructing Sensor
I0914 23:38:34.883904 17888 Sensor.h:87] Deconstructing Sensor
I0914 23:38:34.884020 17888 Sensor.h:87] Deconstructing Sensor
I0914 23:38:34.884125 17888 Sensor.h:87] Deconstructing Sensor
I0914 23:38:34.884240 17888 Sensor.h:87] Deconstructing Sensor
I0914 23:38:34.884346 17888 Sensor.h:87] Deconstructing Sensor
I0914 23:38:34.884455 17888 Sensor.h:87] Deconstructing Sensor
I0914 23:38:34.884562 17888 Sensor.h:87] Deconstructing Sensor
I0914 23:38:34.884667 17888 Sensor.h:87] Deconstructing Sensor
I0914 23:38:34.884769 17888 Sensor.h:87] Deconstructing Sensor
I0914 23:38:34.884873 17888 Sensor.h:87] Deconstructing Sensor
I0914 23:38:34.884980 17888 Sensor.h:87] Deconstructing Sensor
I0914 23:38:34.885071 17888 Sensor.h:87] Deconstructing Sensor
I0914 23:38:34.885162 17888 Sensor.h:87] Deconstructing Sensor
I0914 23:38:34.885247 17888 Sensor.h:87] Deconstructing Sensor
I0914 23:38:34.885331 17888 Sensor.h:87] Deconstructing Sensor
I0914 23:38:34.885413 17888 Sensor.h:87] Deconstructing Sensor
I0914 23:38:34.885493 17888 Sensor.h:87] Deconstructing Sensor
I0914 23:38:34.885500 17888 Sensor.h:87] Deconstructing Sensor
I0914 23:38:34.887531 17888 Renderer.cpp:34] Deconstructing Renderer
I0914 23:38:34.887540 17888 WindowlessContext.h:17] Deconstructing WindowlessContext
I0914 23:38:34.893584 17888 Simulator.cpp:49] Deconstructing Simulator

2026-09-14 23:38:34,895 Episodes evaluated: 1
2026-09-14 23:38:34,895 Average episode steps_taken: 31.000000
2026-09-14 23:38:34,895 Average episode distance_to_goal: 8.427195
2026-09-14 23:38:34,895 Average episode success: 0.000000
2026-09-14 23:38:34,896 Average episode oracle_success: 0.000000
2026-09-14 23:38:34,896 Average episode path_length: 6.000001
2026-09-14 23:38:34,896 Average episode collisions: 0.000000
2026-09-14 23:38:34,896 Average episode spl: 0.000000
2026-09-14 23:38:34,896 Average episode ndtw: 0.000003
2026-09-14 23:38:34,896 Average episode sdtw: 0.000000
2026-09-14 23:38:34,896 Average episode ghost_cnt: 14.000000
100%|██████████| 1/1 [00:05<00:00,  5.12s/it]
2026-09-14 23:38:37,538 checkpoint_path: data/logs/checkpoints/release_r2r/ckpt.iter12000.pth
2026-09-14 23:38:37,539 Initializing dataset VLN-CE-v1
2026-09-14 23:38:37,560 SPLTI: custom, NUMBER OF SCENES: 1
2026-09-14 23:38:39,063 Initializing dataset VLN-CE-v1
2026-09-14 23:38:39,083 initializing sim Sim-v1
WARNING: Logging before InitGoogleLogging() is written to STDERR
I0914 23:38:39.089298 18156 ManagedContainerBase.cpp:19] ManagedContainerBase::convertFilenameToJSON : Filename : default changed to proposed JSON configuration filename : default.scene_dataset_config.json
I0914 23:38:39.089323 18156 AttributesManagerBase.h:283] AttributesManager<T>::createFromJsonOrDefaultInternal  (Dataset) : Proposing JSON name : default.scene_dataset_config.json from original name : default | This file  does not exist.
I0914 23:38:39.089363 18156 AssetAttributesManager.cpp:117] Asset attributes (capsule3DSolid : capsule3DSolid_hemiRings_4_cylRings_1_segments_12_halfLen_0.75_useTexCoords_false_useTangents_false) created and registered.
I0914 23:38:39.089380 18156 AssetAttributesManager.cpp:117] Asset attributes (capsule3DWireframe : capsule3DWireframe_hemiRings_8_cylRings_1_segments_16_halfLen_1) created and registered.
I0914 23:38:39.089394 18156 AssetAttributesManager.cpp:117] Asset attributes (coneSolid : coneSolid_segments_12_halfLen_1.25_rings_1_useTexCoords_false_useTangents_false_capEnd_true) created and registered.
I0914 23:38:39.089403 18156 AssetAttributesManager.cpp:117] Asset attributes (coneWireframe : coneWireframe_segments_32_halfLen_1.25) created and registered.
I0914 23:38:39.089408 18156 AssetAttributesManager.cpp:117] Asset attributes (cubeSolid : cubeSolid) created and registered.
I0914 23:38:39.089412 18156 AssetAttributesManager.cpp:117] Asset attributes (cubeWireframe : cubeWireframe) created and registered.
I0914 23:38:39.089427 18156 AssetAttributesManager.cpp:117] Asset attributes (cylinderSolid : cylinderSolid_rings_1_segments_12_halfLen_1_useTexCoords_false_useTangents_false_capEnds_true) created and registered.
I0914 23:38:39.089442 18156 AssetAttributesManager.cpp:117] Asset attributes (cylinderWireframe : cylinderWireframe_rings_1_segments_32_halfLen_1) created and registered.
I0914 23:38:39.089449 18156 AssetAttributesManager.cpp:117] Asset attributes (icosphereSolid : icosphereSolid_subdivs_1) created and registered.
I0914 23:38:39.089454 18156 AssetAttributesManager.cpp:117] Asset attributes (icosphereWireframe : icosphereWireframe_subdivs_1) created and registered.
I0914 23:38:39.089463 18156 AssetAttributesManager.cpp:117] Asset attributes (uvSphereSolid : uvSphereSolid_rings_8_segments_16_useTexCoords_false_useTangents_false) created and registered.
I0914 23:38:39.089470 18156 AssetAttributesManager.cpp:117] Asset attributes (uvSphereWireframe : uvSphereWireframe_rings_16_segments_32) created and registered.
I0914 23:38:39.089473 18156 AssetAttributesManager.cpp:105] AssetAttributesManager::buildCtorFuncPtrMaps : Built default primitive asset templates : 12
I0914 23:38:39.089727 18156 SceneDatasetAttributesManager.cpp:23] File (default) not found, so new default dataset attributes created and registered.
I0914 23:38:39.089730 18156 MetadataMediator.cpp:47] MetadataMediator::createDataset : Dataset default successfully created.
I0914 23:38:39.091751 18156 AttributesManagerBase.h:283] AttributesManager<T>::createFromJsonOrDefaultInternal  (Physics Manager) : Proposing JSON name : ./data/default.physics_config.json from original name : ./data/default.physics_config.json | This file  does not exist.
I0914 23:38:39.091761 18156 PhysicsAttributesManager.cpp:27] File (./data/default.physics_config.json) not found, so new default physics manager attributes created and registered.
I0914 23:38:39.091764 18156 AbstractObjectAttributesManagerBase.h:175] AbstractObjectAttributesManager<T>::createObject  (Stage) : Making attributes with handle : data/scene_datasets/mp3d/zsNo4HB9uLZ/zsNo4HB9uLZ.glb
I0914 23:38:39.091766 18156 ManagedContainerBase.cpp:19] ManagedContainerBase::convertFilenameToJSON : Filename : data/scene_datasets/mp3d/zsNo4HB9uLZ/zsNo4HB9uLZ.glb changed to proposed JSON configuration filename : data/scene_datasets/mp3d/zsNo4HB9uLZ/zsNo4HB9uLZ.stage_config.json
I0914 23:38:39.091771 18156 AttributesManagerBase.h:283] AttributesManager<T>::createFromJsonOrDefaultInternal  (Stage) : Proposing JSON name : data/scene_datasets/mp3d/zsNo4HB9uLZ/zsNo4HB9uLZ.stage_config.json from original name : data/scene_datasets/mp3d/zsNo4HB9uLZ/zsNo4HB9uLZ.glb | This file  does not exist.
I0914 23:38:39.091806 18156 AbstractObjectAttributesManagerBase.h:181] AbstractObjectAttributesManager<T>::createObject  (Stage) : Done making attributes with handle : data/scene_datasets/mp3d/zsNo4HB9uLZ/zsNo4HB9uLZ.glb
I0914 23:38:39.091809 18156 AbstractObjectAttributesManagerBase.h:188] File (data/scene_datasets/mp3d/zsNo4HB9uLZ/zsNo4HB9uLZ.glb) exists but is not a recognized config filename extension, so new default Stage attributes created and registered.
I0914 23:38:39.091811 18156 Simulator.cpp:156] Loading navmesh from data/scene_datasets/mp3d/zsNo4HB9uLZ/zsNo4HB9uLZ.navmesh
I0914 23:38:39.091864 18156 Simulator.cpp:158] Loaded.
I0914 23:38:39.091871 18156 SceneGraph.h:93] Created DrawableGroup: 
Renderer: NVIDIA T1000 8GB/PCIe/SSE2 by NVIDIA Corporation
OpenGL version: 4.6.0 NVIDIA 590.48.01
Using optional features:
    GL_ARB_ES2_compatibility
    GL_ARB_direct_state_access
    GL_ARB_get_texture_sub_image
    GL_ARB_invalidate_subdata
    GL_ARB_multi_bind
    GL_ARB_robustness
    GL_ARB_separate_shader_objects
    GL_ARB_texture_filter_anisotropic
    GL_ARB_texture_storage
    GL_ARB_texture_storage_multisample
    GL_ARB_vertex_array_object
    GL_KHR_debug
Using driver workarounds:
    no-forward-compatible-core-context
    nv-egl-incorrect-gl11-function-pointers
    no-layout-qualifiers-on-old-glsl
    nv-zero-context-profile-mask
    nv-implementation-color-read-format-dsa-broken
    nv-cubemap-inconsistent-compressed-image-size
    nv-cubemap-broken-full-compressed-image-query
    nv-compressed-block-size-in-bits
I0914 23:38:39.180631 18156 ResourceManager.cpp:234] ResourceManager::loadStage : Not loading semantic mesh
I0914 23:38:39.180640 18156 ResourceManager.cpp:262] ResourceManager::loadStage : start load render asset data/scene_datasets/mp3d/zsNo4HB9uLZ/zsNo4HB9uLZ.glb.
I0914 23:38:39.180641 18156 ResourceManager.cpp:569] ResourceManager::loadStageInternal : Attempting to load stage data/scene_datasets/mp3d/zsNo4HB9uLZ/zsNo4HB9uLZ.glb 
I0914 23:38:39.180653 18156 ResourceManager.cpp:1119] Importing Basis files as BC7 for zsNo4HB9uLZ.glb
W0914 23:38:40.049141 18156 Simulator.cpp:248] :
---
 The active scene does not contain semantic annotations. 
---
I0914 23:38:40.088130 18156 simulator.py:213] Loaded navmesh data/scene_datasets/mp3d/zsNo4HB9uLZ/zsNo4HB9uLZ.navmesh
2026-09-14 23:38:40,092 Initializing task VLN-v0
You are using a model of type bert to instantiate a model of type . This is not supported for all configurations of models and can yield errors.
Some weights of the model checkpoint at None were not used when initializing GlocalTextPathNavCMT: ['bert.global_encoder.encoder.x_layers.3.lang_inter.dense.weight', 'bert.global_encoder.encoder.x_layers.3.lang_self_att.self.query.bias', 'bert.global_encoder.encoder.x_layers.1.lang_output.dense.weight', 'bert.global_encoder.encoder.x_layers.2.lang_self_att.output.LayerNorm.bias', 'bert.global_encoder.encoder.x_layers.0.lang_output.dense.weight', 'bert.global_encoder.encoder.x_layers.0.lang_self_att.self.query.weight', 'mlm_head.predictions.decoder.weight', 'bert.global_encoder.encoder.x_layers.0.lang_output.dense.bias', 'mlm_head.predictions.transform.LayerNorm.weight', 'bert.global_encoder.encoder.x_layers.3.lang_inter.dense.bias', 'bert.global_encoder.encoder.x_layers.2.lang_self_att.output.dense.weight', 'bert.global_encoder.encoder.x_layers.2.lang_output.dense.weight', 'bert.global_encoder.encoder.x_layers.0.lang_self_att.output.LayerNorm.weight', 'bert.global_encoder.encoder.x_layers.2.lang_inter.dense.weight', 'bert.global_encoder.encoder.x_layers.1.lang_self_att.self.value.weight', 'bert.global_encoder.encoder.x_layers.2.lang_inter.dense.bias', 'bert.global_encoder.encoder.x_layers.0.lang_self_att.self.value.bias', 'bert.global_encoder.encoder.x_layers.1.lang_inter.dense.bias', 'bert.global_encoder.encoder.x_layers.1.lang_output.LayerNorm.bias', 'bert.global_encoder.encoder.x_layers.0.lang_inter.dense.bias', 'bert.global_encoder.encoder.x_layers.3.lang_output.dense.bias', 'bert.global_encoder.encoder.x_layers.2.lang_self_att.output.dense.bias', 'bert.global_encoder.encoder.x_layers.1.lang_self_att.output.dense.bias', 'bert.global_encoder.encoder.x_layers.0.lang_output.LayerNorm.weight', 'bert.global_encoder.encoder.x_layers.0.lang_self_att.output.LayerNorm.bias', 'bert.global_encoder.encoder.x_layers.0.lang_self_att.self.query.bias', 'bert.global_encoder.encoder.x_layers.3.lang_self_att.self.value.bias', 'bert.global_encoder.encoder.x_layers.2.lang_self_att.output.LayerNorm.weight', 'bert.global_encoder.encoder.x_layers.0.lang_self_att.output.dense.bias', 'bert.global_encoder.encoder.x_layers.1.lang_self_att.output.LayerNorm.weight', 'bert.global_encoder.encoder.x_layers.2.lang_output.dense.bias', 'mlm_head.predictions.transform.LayerNorm.bias', 'bert.global_encoder.encoder.x_layers.3.lang_self_att.output.LayerNorm.weight', 'bert.global_encoder.encoder.x_layers.1.lang_self_att.output.LayerNorm.bias', 'bert.global_encoder.encoder.x_layers.1.lang_self_att.self.query.weight', 'bert.global_encoder.encoder.x_layers.3.lang_self_att.output.dense.weight', 'bert.global_encoder.encoder.x_layers.1.lang_output.dense.bias', 'bert.global_encoder.encoder.x_layers.0.lang_output.LayerNorm.bias', 'bert.global_encoder.encoder.x_layers.0.lang_self_att.self.value.weight', 'mlm_head.predictions.transform.dense.weight', 'bert.global_encoder.encoder.x_layers.3.lang_output.dense.weight', 'bert.global_encoder.encoder.x_layers.1.lang_self_att.output.dense.weight', 'bert.global_encoder.encoder.x_layers.2.lang_self_att.self.key.bias', 'bert.global_encoder.encoder.x_layers.3.lang_self_att.self.key.bias', 'bert.global_encoder.encoder.x_layers.0.lang_self_att.self.key.weight', 'bert.global_encoder.encoder.x_layers.2.lang_output.LayerNorm.weight', 'bert.global_encoder.encoder.x_layers.3.lang_output.LayerNorm.bias', 'bert.global_encoder.encoder.x_layers.1.lang_self_att.self.query.bias', 'bert.global_encoder.encoder.x_layers.3.lang_self_att.self.query.weight', 'bert.global_encoder.encoder.x_layers.2.lang_self_att.self.value.weight', 'bert.global_encoder.encoder.x_layers.1.lang_inter.dense.weight', 'bert.global_encoder.encoder.x_layers.2.lang_self_att.self.value.bias', 'bert.global_encoder.encoder.x_layers.3.lang_self_att.output.LayerNorm.bias', 'bert.global_encoder.encoder.x_layers.0.lang_inter.dense.weight', 'bert.global_encoder.encoder.x_layers.3.lang_self_att.output.dense.bias', 'mlm_head.predictions.transform.dense.bias', 'bert.global_encoder.encoder.x_layers.2.lang_self_att.self.key.weight', 'bert.global_encoder.encoder.x_layers.3.lang_self_att.self.key.weight', 'bert.global_encoder.encoder.x_layers.1.lang_output.LayerNorm.weight', 'bert.global_encoder.encoder.x_layers.0.lang_self_att.self.key.bias', 'bert.global_encoder.encoder.x_layers.2.lang_self_att.self.query.weight', 'bert.global_encoder.encoder.x_layers.3.lang_self_att.self.value.weight', 'bert.global_encoder.encoder.x_layers.2.lang_output.LayerNorm.bias', 'bert.global_encoder.encoder.x_layers.3.lang_output.LayerNorm.weight', 'bert.global_encoder.encoder.x_layers.1.lang_self_att.self.key.bias', 'bert.global_encoder.encoder.x_layers.1.lang_self_att.self.key.weight', 'bert.global_encoder.encoder.x_layers.2.lang_self_att.self.query.bias', 'bert.global_encoder.encoder.x_layers.1.lang_self_att.self.value.bias', 'bert.global_encoder.encoder.x_layers.0.lang_self_att.output.dense.weight', 'mlm_head.predictions.bias']
- This IS expected if you are initializing GlocalTextPathNavCMT from the checkpoint of a model trained on another task or with another architecture (e.g. initializing a BertForSequenceClassification model from a BertForPreTraining model).
- This IS NOT expected if you are initializing GlocalTextPathNavCMT from the checkpoint of a model that you expect to be exactly identical (initializing a BertForSequenceClassification model from a BertForSequenceClassification model).
2026-09-14 23:38:45,657 Loaded weights from checkpoint: data/logs/checkpoints/release_r2r/ckpt.iter12000.pth, iteration: 12000
2026-09-14 23:38:45,659 Agent parameters: 299.14 MB. Trainable: 140.79 MB.
2026-09-14 23:38:45,660 Finished setting up policy.
local rank: 0 | dataset length: 1

Initalizing the ETP model ...
  0%|          | 0/1 [00:00<?, ?it/s]2026-09-14 23:38:49,783 Video created: data/logs/video/spatial_zsNo4HB9uLZ_24/zsNo4HB9uLZ-24-SPL0.00.mp4
  0%|          | 0/29 [00:00<?, ?it/s]IMAGEIO FFMPEG_WRITER WARNING: input image is not divisible by macro_block_size=16, resizing from (825, 256) to (832, 256) to ensure video compatibility with most codecs and players. To prevent resizing, make your input image divisible by the macro_block_size or set the macro_block_size to 1 (risking incompatibility).
[swscaler @ 0x5d766cf1ffc0] Warning: data is not aligned! This can lead to a speed loss
100%|██████████| 29/29 [00:00<00:00, 498.12it/s]100%|██████████| 1/1 [00:04<00:00,  4.26s/it]I0914 23:38:49.931183 18156 PhysicsManager.cpp:33] Deconstructing PhysicsManager
I0914 23:38:49.931209 18156 SemanticScene.h:41] Deconstructing SemanticScene
I0914 23:38:49.932731 18156 SceneManager.h:25] Deconstructing SceneManager
I0914 23:38:49.932740 18156 SceneGraph.h:26] Deconstructing SceneGraph
I0914 23:38:49.933004 18156 Sensor.h:87] Deconstructing Sensor
I0914 23:38:49.933180 18156 Sensor.h:87] Deconstructing Sensor
I0914 23:38:49.933279 18156 Sensor.h:87] Deconstructing Sensor
I0914 23:38:49.933367 18156 Sensor.h:87] Deconstructing Sensor
I0914 23:38:49.933455 18156 Sensor.h:87] Deconstructing Sensor
I0914 23:38:49.933547 18156 Sensor.h:87] Deconstructing Sensor
I0914 23:38:49.933634 18156 Sensor.h:87] Deconstructing Sensor
I0914 23:38:49.933720 18156 Sensor.h:87] Deconstructing Sensor
I0914 23:38:49.933806 18156 Sensor.h:87] Deconstructing Sensor
I0914 23:38:49.933892 18156 Sensor.h:87] Deconstructing Sensor
I0914 23:38:49.933983 18156 Sensor.h:87] Deconstructing Sensor
I0914 23:38:49.934069 18156 Sensor.h:87] Deconstructing Sensor
I0914 23:38:49.934168 18156 Sensor.h:87] Deconstructing Sensor
I0914 23:38:49.934283 18156 Sensor.h:87] Deconstructing Sensor
I0914 23:38:49.934391 18156 Sensor.h:87] Deconstructing Sensor
I0914 23:38:49.934496 18156 Sensor.h:87] Deconstructing Sensor
I0914 23:38:49.934603 18156 Sensor.h:87] Deconstructing Sensor
I0914 23:38:49.934717 18156 Sensor.h:87] Deconstructing Sensor
I0914 23:38:49.934826 18156 Sensor.h:87] Deconstructing Sensor
I0914 23:38:49.934934 18156 Sensor.h:87] Deconstructing Sensor
I0914 23:38:49.935043 18156 Sensor.h:87] Deconstructing Sensor
I0914 23:38:49.935156 18156 Sensor.h:87] Deconstructing Sensor
I0914 23:38:49.935263 18156 Sensor.h:87] Deconstructing Sensor
I0914 23:38:49.935359 18156 Sensor.h:87] Deconstructing Sensor
I0914 23:38:49.935451 18156 Sensor.h:87] Deconstructing Sensor
I0914 23:38:49.935534 18156 Sensor.h:87] Deconstructing Sensor
I0914 23:38:49.935616 18156 Sensor.h:87] Deconstructing Sensor
I0914 23:38:49.935699 18156 Sensor.h:87] Deconstructing Sensor
I0914 23:38:49.935781 18156 Sensor.h:87] Deconstructing Sensor
I0914 23:38:49.935786 18156 Sensor.h:87] Deconstructing Sensor
I0914 23:38:49.937875 18156 Renderer.cpp:34] Deconstructing Renderer
I0914 23:38:49.937883 18156 WindowlessContext.h:17] Deconstructing WindowlessContext
I0914 23:38:49.944279 18156 Simulator.cpp:49] Deconstructing Simulator

2026-09-14 23:38:49,945 Episodes evaluated: 1
2026-09-14 23:38:49,945 Average episode steps_taken: 28.000000
2026-09-14 23:38:49,945 Average episode distance_to_goal: 6.262579
2026-09-14 23:38:49,945 Average episode success: 0.000000
2026-09-14 23:38:49,945 Average episode oracle_success: 1.000000
2026-09-14 23:38:49,945 Average episode path_length: 4.250002
2026-09-14 23:38:49,945 Average episode collisions: 0.000000
2026-09-14 23:38:49,945 Average episode spl: 0.000000
2026-09-14 23:38:49,945 Average episode ndtw: 0.001580
2026-09-14 23:38:49,945 Average episode sdtw: 0.000000
2026-09-14 23:38:49,945 Average episode ghost_cnt: 9.000000
100%|██████████| 1/1 [00:04<00:00,  4.28s/it]
/home/storms-end/miniconda3/envs/vlnce/lib/python3.6/site-packages/transformers/tokenization_utils_base.py:1645: FutureWarning: Calling BertTokenizer.from_pretrained() with the path to a single file or url is deprecated and won't be possible anymore in v5. Use a model identifier or the path to a directory instead.
  FutureWarning,

wrote dataset -> data/datasets/R2R_VLNCE_v1-2_preprocessed_BERTidx/custom/custom_bertidx.json.gz
wrote gt       -> data/datasets/R2R_VLNCE_v1-2_preprocessed/custom/custom_gt.json.gz
[18/25] 'Move to the right of the bed.' (landmark=bed #17)
instruction: 'Move to the right of the bed.'
tokens (8 words -> padded to 80): ['move', 'to', 'the', 'right', 'of', 'the', 'bed', '.']
scene: mp3d/zsNo4HB9uLZ/zsNo4HB9uLZ.glb
start_position: [2.151970148086548, 0.17162801325321198, -2.257469892501831]
wrote dataset -> data/datasets/R2R_VLNCE_v1-2_preprocessed_BERTidx/custom/custom_bertidx.json.gz
wrote gt       -> data/datasets/R2R_VLNCE_v1-2_preprocessed/custom/custom_gt.json.gz
[19/25] 'Go behind the bed.' (landmark=bed #18)
instruction: 'Go behind the bed.'
tokens (5 words -> padded to 80): ['go', 'behind', 'the', 'bed', '.']
scene: mp3d/zsNo4HB9uLZ/zsNo4HB9uLZ.glb
start_position: [2.151970148086548, 0.17162801325321198, -2.257469892501831]
wrote dataset -> data/datasets/R2R_VLNCE_v1-2_preprocessed_BERTidx/custom/custom_bertidx.json.gz
wrote gt       -> data/datasets/R2R_VLNCE_v1-2_preprocessed/custom/custom_gt.json.gz
[20/25] 'Stand next to the bed.' (landmark=bed #19)
instruction: 'Stand next to the bed.'
tokens (6 words -> padded to 80): ['stand', 'next', 'to', 'the', 'bed', '.']
scene: mp3d/zsNo4HB9uLZ/zsNo4HB9uLZ.glb
start_position: [2.151970148086548, 0.17162801325321198, -2.257469892501831]
wrote dataset -> data/datasets/R2R_VLNCE_v1-2_preprocessed_BERTidx/custom/custom_bertidx.json.gz
wrote gt       -> data/datasets/R2R_VLNCE_v1-2_preprocessed/custom/custom_gt.json.gz
[21/25] 'Move to the left of the table.' (landmark=table #20)
instruction: 'Move to the left of the table.'
tokens (8 words -> padded to 80): ['move', 'to', 'the', 'left', 'of', 'the', 'table', '.']
scene: mp3d/zsNo4HB9uLZ/zsNo4HB9uLZ.glb
start_position: [17.257476806640625, 0.17162801325321198, 0.5036007165908813]
wrote dataset -> data/datasets/R2R_VLNCE_v1-2_preprocessed_BERTidx/custom/custom_bertidx.json.gz
wrote gt       -> data/datasets/R2R_VLNCE_v1-2_preprocessed/custom/custom_gt.json.gz
[22/25] 'Move to the right of the table.' (landmark=table #21)
instruction: 'Move to the right of the table.'
tokens (8 words -> padded to 80): ['move', 'to', 'the', 'right', 'of', 'the', 'table', '.']
scene: mp3d/zsNo4HB9uLZ/zsNo4HB9uLZ.glb
start_position: [17.257476806640625, 0.17162801325321198, 0.5036007165908813]
wrote dataset -> data/datasets/R2R_VLNCE_v1-2_preprocessed_BERTidx/custom/custom_bertidx.json.gz
wrote gt       -> data/datasets/R2R_VLNCE_v1-2_preprocessed/custom/custom_gt.json.gz
[23/25] 'Go behind the table.' (landmark=table #22)
instruction: 'Go behind the table.'
tokens (5 words -> padded to 80): ['go', 'behind', 'the', 'table', '.']
scene: mp3d/zsNo4HB9uLZ/zsNo4HB9uLZ.glb
start_position: [17.257476806640625, 0.17162801325321198, 0.5036007165908813]
wrote dataset -> data/datasets/R2R_VLNCE_v1-2_preprocessed_BERTidx/custom/custom_bertidx.json.gz
wrote gt       -> data/datasets/R2R_VLNCE_v1-2_preprocessed/custom/custom_gt.json.gz
[24/25] 'Stand next to the table.' (landmark=table #23)
instruction: 'Stand next to the table.'
tokens (6 words -> padded to 80): ['stand', 'next', 'to', 'the', 'table', '.']
scene: mp3d/zsNo4HB9uLZ/zsNo4HB9uLZ.glb
start_position: [17.257476806640625, 0.17162801325321198, 0.5036007165908813]
wrote dataset -> data/datasets/R2R_VLNCE_v1-2_preprocessed_BERTidx/custom/custom_bertidx.json.gz
wrote gt       -> data/datasets/R2R_VLNCE_v1-2_preprocessed/custom/custom_gt.json.gz
[25/25] 'Stand next to the dresser.' (landmark=chest_of_drawers #24)
instruction: 'Stand next to the dresser.'
tokens (6 words -> padded to 80): ['stand', 'next', 'to', 'the', 'dresser', '.']
scene: mp3d/zsNo4HB9uLZ/zsNo4HB9uLZ.glb
start_position: [18.542800903320312, 0.17162801325321198, -5.116926193237305]
wrote dataset -> data/datasets/R2R_VLNCE_v1-2_preprocessed_BERTidx/custom/custom_bertidx.json.gz
wrote gt       -> data/datasets/R2R_VLNCE_v1-2_preprocessed/custom/custom_gt.json.gz
wrote 25 results -> /tmp/claude-1000/-home-storms-end-ETPNav/bf82bef2-3c40-490f-95a2-ed73feb09b45/scratchpad/spatial_results.json
